prop_name,family,blade_count,diameter_in,pitch_in,source_file,rpm,CT,CP,thrust_N,thrust_gf,shaft_power_W,thrust_per_watt_N_W,thrust_per_watt_gf_W,c_R_r015,beta_r015,c_R_r020,beta_r020,c_R_r025,beta_r025,c_R_r030,beta_r030,c_R_r035,beta_r035,c_R_r040,beta_r040,c_R_r045,beta_r045,c_R_r050,beta_r050,c_R_r055,beta_r055,c_R_r060,beta_r060,c_R_r065,beta_r065,c_R_r070,beta_r070,c_R_r075,beta_r075,c_R_r080,beta_r080,c_R_r085,beta_r085,c_R_r090,beta_r090,c_R_r095,beta_r095,c_R_r100,beta_r100
apc29ff_9x5,apc29ff,2,9.0,5.0,apc29ff_9x5_static_kt1025.txt,2726.0,0.0894,0.0472,0.617344685716929,62.95163850213162,3.3851897793798016,0.18236634456282458,18.59619182522315,0.16,31.68,0.146,34.45,0.144,35.93,0.143,33.33,0.143,29.42,0.146,26.25,0.151,23.67,0.155,21.65,0.158,20.02,0.16,18.49,0.159,17.06,0.155,15.95,0.146,14.87,0.133,13.82,0.114,12.77,0.089,11.47,0.056,10.15,0.022,8.82
apc29ff_9x5,apc29ff,2,9.0,5.0,apc29ff_9x5_static_kt1025.txt,2990.0,0.0902,0.0467,0.7493546495916602,76.41290854590103,4.4197114186952,0.16954832082970858,17.289117163323724,0.16,31.68,0.146,34.45,0.144,35.93,0.143,33.33,0.143,29.42,0.146,26.25,0.151,23.67,0.155,21.65,0.158,20.02,0.16,18.49,0.159,17.06,0.155,15.95,0.146,14.87,0.133,13.82,0.114,12.77,0.089,11.47,0.056,10.15,0.022,8.82
apc29ff_9x5,apc29ff,2,9.0,5.0,apc29ff_9x5_static_kt1025.txt,3270.0,0.0914,0.0464,0.9081972723576605,92.61034832054376,5.744135901208737,0.15810859770336366,16.122590048932476,0.16,31.68,0.146,34.45,0.144,35.93,0.143,33.33,0.143,29.42,0.146,26.25,0.151,23.67,0.155,21.65,0.158,20.02,0.16,18.49,0.159,17.06,0.155,15.95,0.146,14.87,0.133,13.82,0.114,12.77,0.089,11.47,0.056,10.15,0.022,8.82
apc29ff_9x5,apc29ff,2,9.0,5.0,apc29ff_9x5_static_kt1025.txt,3564.0,0.0922,0.046,1.0882904144141279,110.97473800065548,7.372832808022821,0.14760817758269168,15.051845184919591,0.16,31.68,0.146,34.45,0.144,35.93,0.143,33.33,0.143,29.42,0.146,26.25,0.151,23.67,0.155,21.65,0.158,20.02,0.16,18.49,0.159,17.06,0.155,15.95,0.146,14.87,0.133,13.82,0.114,12.77,0.089,11.47,0.056,10.15,0.022,8.82
apc29ff_9x5,apc29ff,2,9.0,5.0,apc29ff_9x5_static_kt1025.txt,3829.0,0.0929,0.0456,1.2656829765036057,129.06374516308892,9.063259387865713,0.13964986792700176,14.24032344653901,0.16,31.68,0.146,34.45,0.144,35.93,0.143,33.33,0.143,29.42,0.146,26.25,0.151,23.67,0.155,21.65,0.158,20.02,0.16,18.49,0.159,17.06,0.155,15.95,0.146,14.87,0.133,13.82,0.114,12.77,0.089,11.47,0.056,10.15,0.022,8.82
apc29ff_9x5,apc29ff,2,9.0,5.0,apc29ff_9x5_static_kt1025.txt,4103.0,0.0941,0.0456,1.4720791092510936,150.11029344894473,11.151489027845393,0.13200740327818963,13.46100893558857,0.16,31.68,0.146,34.45,0.144,35.93,0.143,33.33,0.143,29.42,0.146,26.25,0.151,23.67,0.155,21.65,0.158,20.02,0.16,18.49,0.159,17.06,0.155,15.95,0.146,14.87,0.133,13.82,0.114,12.77,0.089,11.47,0.056,10.15,0.022,8.82
apc29ff_9x5,apc29ff,2,9.0,5.0,apc29ff_9x5_static_kt1025.txt,4382.0,0.0946,0.0452,1.6880075120885718,172.1288627705253,13.465392662387048,0.12535895197499083,12.783055577081965,0.16,31.68,0.146,34.45,0.144,35.93,0.143,33.33,0.143,29.42,0.146,26.25,0.151,23.67,0.155,21.65,0.158,20.02,0.16,18.49,0.159,17.06,0.155,15.95,0.146,14.87,0.133,13.82,0.114,12.77,0.089,11.47,0.056,10.15,0.022,8.82
apc29ff_9x5,apc29ff,2,9.0,5.0,apc29ff_9x5_static_kt1025.txt,4671.0,0.0953,0.0449,1.9321957716703995,197.02913550197056,16.200910048528858,0.11926464413928739,12.161609126387441,0.16,31.68,0.146,34.45,0.144,35.93,0.143,33.33,0.143,29.42,0.146,26.25,0.151,23.67,0.155,21.65,0.158,20.02,0.16,18.49,0.159,17.06,0.155,15.95,0.146,14.87,0.133,13.82,0.114,12.77,0.089,11.47,0.056,10.15,0.022,8.82
apc29ff_9x5,apc29ff,2,9.0,5.0,apc29ff_9x5_static_kt1025.txt,4930.0,0.0963,0.0447,2.1749967775692562,221.78794772621197,18.963205385811136,0.11469562942120834,11.695699287851443,0.16,31.68,0.146,34.45,0.144,35.93,0.143,33.33,0.143,29.42,0.146,26.25,0.151,23.67,0.155,21.65,0.158,20.02,0.16,18.49,0.159,17.06,0.155,15.95,0.146,14.87,0.133,13.82,0.114,12.77,0.089,11.47,0.056,10.15,0.022,8.82
apc29ff_9x5,apc29ff,2,9.0,5.0,apc29ff_9x5_static_kt1025.txt,5228.0,0.0971,0.044,2.4662033303978337,251.48275205068336,22.259883191942986,0.11079138686992218,11.297577344956963,0.16,31.68,0.146,34.45,0.144,35.93,0.143,33.33,0.143,29.42,0.146,26.25,0.151,23.67,0.155,21.65,0.158,20.02,0.16,18.49,0.159,17.06,0.155,15.95,0.146,14.87,0.133,13.82,0.114,12.77,0.089,11.47,0.056,10.15,0.022,8.82
apc29ff_9x5,apc29ff,2,9.0,5.0,apc29ff_9x5_static_kt1025.txt,5515.0,0.0984,0.0437,2.7811513524408213,283.5985124829398,25.952634779992653,0.10716258198897248,10.927542227873177,0.16,31.68,0.146,34.45,0.144,35.93,0.143,33.33,0.143,29.42,0.146,26.25,0.151,23.67,0.155,21.65,0.158,20.02,0.16,18.49,0.159,17.06,0.155,15.95,0.146,14.87,0.133,13.82,0.114,12.77,0.089,11.47,0.056,10.15,0.022,8.82
apc29ff_9x5,apc29ff,2,9.0,5.0,apc29ff_9x5_static_kt1025.txt,5788.0,0.0989,0.0435,3.078873379571346,313.9577102855049,29.863334039556438,0.10309878245654439,10.513150000922272,0.16,31.68,0.146,34.45,0.144,35.93,0.143,33.33,0.143,29.42,0.146,26.25,0.151,23.67,0.155,21.65,0.158,20.02,0.16,18.49,0.159,17.06,0.155,15.95,0.146,14.87,0.133,13.82,0.114,12.77,0.089,11.47,0.056,10.15,0.022,8.82
apc29ff_9x5,apc29ff,2,9.0,5.0,apc29ff_9x5_static_kt1025.txt,6104.0,0.0989,0.043,3.424237141996564,349.17501307751013,34.6238612135592,0.09889818818519246,10.084808592658295,0.16,31.68,0.146,34.45,0.144,35.93,0.143,33.33,0.143,29.42,0.146,26.25,0.151,23.67,0.155,21.65,0.158,20.02,0.16,18.49,0.159,17.06,0.155,15.95,0.146,14.87,0.133,13.82,0.114,12.77,0.089,11.47,0.056,10.15,0.022,8.82
apc29ff_9x5,apc29ff,2,9.0,5.0,apc29ff_9x5_static_kt1025.txt,6344.0,0.0997,0.0428,3.7287219481039666,380.223822416826,38.689824504898716,0.09637474441456445,9.827488940113541,0.16,31.68,0.146,34.45,0.144,35.93,0.143,33.33,0.143,29.42,0.146,26.25,0.151,23.67,0.155,21.65,0.158,20.02,0.16,18.49,0.159,17.06,0.155,15.95,0.146,14.87,0.133,13.82,0.114,12.77,0.089,11.47,0.056,10.15,0.022,8.82
apc29ff_9x5,apc29ff,2,9.0,5.0,apc29ff_9x5_static_kt1025.txt,6629.0,0.1007,0.0426,4.11210315549778,419.3178257098786,43.935656889960285,0.09359375611014104,9.543907053901286,0.16,31.68,0.146,34.45,0.144,35.93,0.143,33.33,0.143,29.42,0.146,26.25,0.151,23.67,0.155,21.65,0.158,20.02,0.16,18.49,0.159,17.06,0.155,15.95,0.146,14.87,0.133,13.82,0.114,12.77,0.089,11.47,0.056,10.15,0.022,8.82
apc29ff_9x5,apc29ff,2,9.0,5.0,apc29ff_9x5_static_kt1025.txt,6918.0,0.1012,0.042,4.500700565728661,458.94373366324504,49.232788133636504,0.09141673133587415,9.32191230806383,0.16,31.68,0.146,34.45,0.144,35.93,0.143,33.33,0.143,29.42,0.146,26.25,0.151,23.67,0.155,21.65,0.158,20.02,0.16,18.49,0.159,17.06,0.155,15.95,0.146,14.87,0.133,13.82,0.114,12.77,0.089,11.47,0.056,10.15,0.022,8.82
apce_10x5,apce,2,10.0,5.0,apce_10x5_static_pg0819.txt,2508.0,0.0914,0.0374,0.8142723999245625,83.0326767983524,3.537570627740886,0.23017841496625094,23.47166616186475,0.13,32.76,0.149,37.19,0.173,33.54,0.189,29.25,0.197,25.64,0.201,22.54,0.2,20.27,0.194,18.46,0.186,17.05,0.174,15.97,0.16,14.87,0.145,14.09,0.128,13.39,0.112,12.84,0.096,12.25,0.081,11.37,0.061,10.19,0.041,8.99
apce_10x5,apce,2,10.0,5.0,apce_10x5_static_pg0819.txt,2795.0,0.0932,0.0374,1.0312120784576146,105.15436754218972,4.896299323702093,0.21061050607459902,21.47629476677551,0.13,32.76,0.149,37.19,0.173,33.54,0.189,29.25,0.197,25.64,0.201,22.54,0.2,20.27,0.194,18.46,0.186,17.05,0.174,15.97,0.16,14.87,0.145,14.09,0.128,13.39,0.112,12.84,0.096,12.25,0.081,11.37,0.061,10.19,0.041,8.99
apce_10x5,apce,2,10.0,5.0,apce_10x5_static_pg0819.txt,3093.0,0.0937,0.0371,1.2696028402258492,129.46346002211249,6.582101730056766,0.19288714946903437,19.669015358867135,0.13,32.76,0.149,37.19,0.173,33.54,0.189,29.25,0.197,25.64,0.201,22.54,0.2,20.27,0.194,18.46,0.186,17.05,0.174,15.97,0.16,14.87,0.145,14.09,0.128,13.39,0.112,12.84,0.096,12.25,0.081,11.37,0.061,10.19,0.041,8.99
apce_10x5,apce,2,10.0,5.0,apce_10x5_static_pg0819.txt,3344.0,0.0937,0.0368,1.4840228324421396,151.32821426706772,8.250828225842085,0.17986349876901955,18.34097258177049,0.13,32.76,0.149,37.19,0.173,33.54,0.189,29.25,0.197,25.64,0.201,22.54,0.2,20.27,0.194,18.46,0.186,17.05,0.174,15.97,0.16,14.87,0.145,14.09,0.128,13.39,0.112,12.84,0.096,12.25,0.081,11.37,0.061,10.19,0.041,8.99
apce_10x5,apce,2,10.0,5.0,apce_10x5_static_pg0819.txt,3630.0,0.094,0.0366,1.7543230034985888,178.8911609467646,10.496678152854459,0.16713125599850076,17.042645143703588,0.13,32.76,0.149,37.19,0.173,33.54,0.189,29.25,0.197,25.64,0.201,22.54,0.2,20.27,0.194,18.46,0.186,17.05,0.174,15.97,0.16,14.87,0.145,14.09,0.128,13.39,0.112,12.84,0.096,12.25,0.081,11.37,0.061,10.19,0.041,8.99
apce_10x5,apce,2,10.0,5.0,apce_10x5_static_pg0819.txt,3919.0,0.0943,0.0366,2.0513070569942364,209.17510638130622,13.208630656357188,0.15530050846012275,15.83624463605031,0.13,32.76,0.149,37.19,0.173,33.54,0.189,29.25,0.197,25.64,0.201,22.54,0.2,20.27,0.194,18.46,0.186,17.05,0.174,15.97,0.16,14.87,0.145,14.09,0.128,13.39,0.112,12.84,0.096,12.25,0.081,11.37,0.061,10.19,0.041,8.99
apce_10x5,apce,2,10.0,5.0,apce_10x5_static_pg0819.txt,4176.0,0.095,0.0367,2.3464593758408947,239.27226686390307,16.025015375537578,0.14642478155888697,14.931172373734862,0.13,32.76,0.149,37.19,0.173,33.54,0.189,29.25,0.197,25.64,0.201,22.54,0.2,20.27,0.194,18.46,0.186,17.05,0.174,15.97,0.16,14.87,0.145,14.09,0.128,13.39,0.112,12.84,0.096,12.25,0.081,11.37,0.061,10.19,0.041,8.99
apce_10x5,apce,2,10.0,5.0,apce_10x5_static_pg0819.txt,4446.0,0.0956,0.0368,2.6764877710199197,272.92579739461695,19.39130844301103,0.13802512496182656,14.07464577218791,0.13,32.76,0.149,37.19,0.173,33.54,0.189,29.25,0.197,25.64,0.201,22.54,0.2,20.27,0.194,18.46,0.186,17.05,0.174,15.97,0.16,14.87,0.145,14.09,0.128,13.39,0.112,12.84,0.096,12.25,0.081,11.37,0.061,10.19,0.041,8.99
apce_10x5,apce,2,10.0,5.0,apce_10x5_static_pg0819.txt,4743.0,0.0959,0.0367,3.0555775526531224,311.58219704518086,23.478825002470746,0.1301418428022516,13.270774709228087,0.13,32.76,0.149,37.19,0.173,33.54,0.189,29.25,0.197,25.64,0.201,22.54,0.2,20.27,0.194,18.46,0.186,17.05,0.174,15.97,0.16,14.87,0.145,14.09,0.128,13.39,0.112,12.84,0.096,12.25,0.081,11.37,0.061,10.19,0.041,8.99
apce_10x5,apce,2,10.0,5.0,apce_10x5_static_pg0819.txt,5025.0,0.0964,0.0369,3.447605941584811,351.55796745930684,28.072784064089117,0.12280954869720279,12.52308879150401,0.13,32.76,0.149,37.19,0.173,33.54,0.189,29.25,0.197,25.64,0.201,22.54,0.2,20.27,0.194,18.46,0.186,17.05,0.174,15.97,0.16,14.87,0.145,14.09,0.128,13.39,0.112,12.84,0.096,12.25,0.081,11.37,0.061,10.19,0.041,8.99
apce_10x5,apce,2,10.0,5.0,apce_10x5_static_pg0819.txt,5314.0,0.0969,0.037,3.875567734692613,395.19792535602,33.29026827010444,0.11641743777033414,11.871274876775876,0.13,32.76,0.149,37.19,0.173,33.54,0.189,29.25,0.197,25.64,0.201,22.54,0.2,20.27,0.194,18.46,0.186,17.05,0.174,15.97,0.16,14.87,0.145,14.09,0.128,13.39,0.112,12.84,0.096,12.25,0.081,11.37,0.061,10.19,0.041,8.99
apce_10x5,apce,2,10.0,5.0,apce_10x5_static_pg0819.txt,5596.0,0.0975,0.0373,4.324426118823584,440.9687425189626,39.19158880752602,0.11034066876087345,11.251616888628988,0.13,32.76,0.149,37.19,0.173,33.54,0.189,29.25,0.197,25.64,0.201,22.54,0.2,20.27,0.194,18.46,0.186,17.05,0.174,15.97,0.16,14.87,0.145,14.09,0.128,13.39,0.112,12.84,0.096,12.25,0.081,11.37,0.061,10.19,0.041,8.99
apce_10x5,apce,2,10.0,5.0,apce_10x5_static_pg0819.txt,5869.0,0.0977,0.0373,4.766408245423823,486.0383765530353,45.211829484463365,0.10542391891179179,10.750247935002452,0.13,32.76,0.149,37.19,0.173,33.54,0.189,29.25,0.197,25.64,0.201,22.54,0.2,20.27,0.194,18.46,0.186,17.05,0.174,15.97,0.16,14.87,0.145,14.09,0.128,13.39,0.112,12.84,0.096,12.25,0.081,11.37,0.061,10.19,0.041,8.99
apce_10x5,apce,2,10.0,5.0,apce_10x5_static_pg0819.txt,6146.0,0.0983,0.0374,5.259047387183578,536.2735885530308,52.059523728957444,0.10101989051156648,10.301162018789954,0.13,32.76,0.149,37.19,0.173,33.54,0.189,29.25,0.197,25.64,0.201,22.54,0.2,20.27,0.194,18.46,0.186,17.05,0.174,15.97,0.16,14.87,0.145,14.09,0.128,13.39,0.112,12.84,0.096,12.25,0.081,11.37,0.061,10.19,0.041,8.99
apce_10x5,apce,2,10.0,5.0,apce_10x5_static_pg0819.txt,6434.0,0.0987,0.0377,5.7869232195286955,590.1019430211842,60.205399222903004,0.09611967189360097,9.80147878160238,0.13,32.76,0.149,37.19,0.173,33.54,0.189,29.25,0.197,25.64,0.201,22.54,0.2,20.27,0.194,18.46,0.186,17.05,0.174,15.97,0.16,14.87,0.145,14.09,0.128,13.39,0.112,12.84,0.096,12.25,0.081,11.37,0.061,10.19,0.041,8.99
apce_10x5,apce,2,10.0,5.0,apce_10x5_static_pg0819.txt,6708.0,0.0994,0.0379,6.334917255884511,645.9817833699084,68.59134080608308,0.09235739061865215,9.417832860217523,0.13,32.76,0.149,37.19,0.173,33.54,0.189,29.25,0.197,25.64,0.201,22.54,0.2,20.27,0.194,18.46,0.186,17.05,0.174,15.97,0.16,14.87,0.145,14.09,0.128,13.39,0.112,12.84,0.096,12.25,0.081,11.37,0.061,10.19,0.041,8.99
apce_10x7,apce,2,10.0,7.0,apce_10x7_static_pg0811.txt,1975.0,0.0981,0.0547,0.5419655252895639,55.26510330128677,2.5266177735566733,0.2145023798066017,21.873155441114115,0.138,37.86,0.154,45.82,0.175,44.19,0.19,38.35,0.198,33.64,0.202,29.9,0.2,27.02,0.195,24.67,0.186,22.62,0.174,20.88,0.161,19.36,0.145,17.98,0.129,16.74,0.112,15.79,0.096,14.64,0.081,13.86,0.061,12.72,0.04,11.53
apce_10x7,apce,2,10.0,7.0,apce_10x7_static_pg0811.txt,2292.0,0.1001,0.0543,0.7447864356215949,75.94708036093823,3.920076931427795,0.18999281102126844,19.373874974763908,0.138,37.86,0.154,45.82,0.175,44.19,0.19,38.35,0.198,33.64,0.202,29.9,0.2,27.02,0.195,24.67,0.186,22.62,0.174,20.88,0.161,19.36,0.145,17.98,0.129,16.74,0.112,15.79,0.096,14.64,0.081,13.86,0.061,12.72,0.04,11.53
apce_10x7,apce,2,10.0,7.0,apce_10x7_static_pg0811.txt,2632.0,0.1015,0.0539,0.9958782937323611,101.55132422716842,5.892469464865253,0.16900864733715418,17.23408578231651,0.138,37.86,0.154,45.82,0.175,44.19,0.19,38.35,0.198,33.64,0.202,29.9,0.2,27.02,0.195,24.67,0.186,22.62,0.174,20.88,0.161,19.36,0.145,17.98,0.129,16.74,0.112,15.79,0.096,14.64,0.081,13.86,0.061,12.72,0.04,11.53
apce_10x7,apce,2,10.0,7.0,apce_10x7_static_pg0811.txt,2908.0,0.1021,0.0538,1.2228776308935787,124.69881467102209,7.932615475694679,0.15415818838571502,15.719760406021937,0.138,37.86,0.154,45.82,0.175,44.19,0.19,38.35,0.198,33.64,0.202,29.9,0.2,27.02,0.195,24.67,0.186,22.62,0.174,20.88,0.161,19.36,0.145,17.98,0.129,16.74,0.112,15.79,0.096,14.64,0.081,13.86,0.061,12.72,0.04,11.53
apce_10x7,apce,2,10.0,7.0,apce_10x7_static_pg0811.txt,3211.0,0.1033,0.054,1.508514145879644,153.8256332060025,10.719279551453111,0.1407290610006667,14.350370513953973,0.138,37.86,0.154,45.82,0.175,44.19,0.19,38.35,0.198,33.64,0.202,29.9,0.2,27.02,0.195,24.67,0.186,22.62,0.174,20.88,0.161,19.36,0.145,17.98,0.129,16.74,0.112,15.79,0.096,14.64,0.081,13.86,0.061,12.72,0.04,11.53
apce_10x7,apce,2,10.0,7.0,apce_10x7_static_pg0811.txt,3504.0,0.1038,0.0538,1.8050698111246932,184.06589519608565,13.877955443218685,0.13006741652328344,13.263185340894541,0.138,37.86,0.154,45.82,0.175,44.19,0.19,38.35,0.198,33.64,0.202,29.9,0.2,27.02,0.195,24.67,0.186,22.62,0.174,20.88,0.161,19.36,0.145,17.98,0.129,16.74,0.112,15.79,0.096,14.64,0.081,13.86,0.061,12.72,0.04,11.53
apce_10x7,apce,2,10.0,7.0,apce_10x7_static_pg0811.txt,3815.0,0.1043,0.0537,2.150016770108877,219.24069586544613,17.87758424363247,0.12026327163719881,12.263440791422028,0.138,37.86,0.154,45.82,0.175,44.19,0.19,38.35,0.198,33.64,0.202,29.9,0.2,27.02,0.195,24.67,0.186,22.62,0.174,20.88,0.161,19.36,0.145,17.98,0.129,16.74,0.112,15.79,0.096,14.64,0.081,13.86,0.061,12.72,0.04,11.53
apce_10x7,apce,2,10.0,7.0,apce_10x7_static_pg0811.txt,4144.0,0.1051,0.0536,2.5562931950300976,260.669361609734,22.87046267370555,0.11177269264294767,11.397642685621255,0.138,37.86,0.154,45.82,0.175,44.19,0.19,38.35,0.198,33.64,0.202,29.9,0.2,27.02,0.195,24.67,0.186,22.62,0.174,20.88,0.161,19.36,0.145,17.98,0.129,16.74,0.112,15.79,0.096,14.64,0.081,13.86,0.061,12.72,0.04,11.53
apce_10x7,apce,2,10.0,7.0,apce_10x7_static_pg0811.txt,4409.0,0.105,0.0533,2.890932497542985,294.79307383693566,27.39040325226737,0.10554545221248886,10.762640882716205,0.138,37.86,0.154,45.82,0.175,44.19,0.19,38.35,0.198,33.64,0.202,29.9,0.2,27.02,0.195,24.67,0.186,22.62,0.174,20.88,0.161,19.36,0.145,17.98,0.129,16.74,0.112,15.79,0.096,14.64,0.081,13.86,0.061,12.72,0.04,11.53
apce_10x7,apce,2,10.0,7.0,apce_10x7_static_pg0811.txt,4711.0,0.1062,0.0531,3.33825247478563,340.40701715526,33.287774015113634,0.10028464124005303,10.226187458515705,0.138,37.86,0.154,45.82,0.175,44.19,0.19,38.35,0.198,33.64,0.202,29.9,0.2,27.02,0.195,24.67,0.186,22.62,0.174,20.88,0.161,19.36,0.145,17.98,0.129,16.74,0.112,15.79,0.096,14.64,0.081,13.86,0.061,12.72,0.04,11.53
apce_10x7,apce,2,10.0,7.0,apce_10x7_static_pg0811.txt,5011.0,0.1071,0.0529,3.808962796127042,388.4061117840488,39.90982292822501,0.095439230662015,9.732093086019692,0.138,37.86,0.154,45.82,0.175,44.19,0.19,38.35,0.198,33.64,0.202,29.9,0.2,27.02,0.195,24.67,0.186,22.62,0.174,20.88,0.161,19.36,0.145,17.98,0.129,16.74,0.112,15.79,0.096,14.64,0.081,13.86,0.061,12.72,0.04,11.53
apce_10x7,apce,2,10.0,7.0,apce_10x7_static_pg0811.txt,5325.0,0.1077,0.0526,4.3253711772615135,441.06511166009943,47.62066996802015,0.09082970021560456,9.262051792977681,0.138,37.86,0.154,45.82,0.175,44.19,0.19,38.35,0.198,33.64,0.202,29.9,0.2,27.02,0.195,24.67,0.186,22.62,0.174,20.88,0.161,19.36,0.145,17.98,0.129,16.74,0.112,15.79,0.096,14.64,0.081,13.86,0.061,12.72,0.04,11.53
apce_10x7,apce,2,10.0,7.0,apce_10x7_static_pg0811.txt,5624.0,0.1118,0.0507,5.00842162434104,510.71687317698104,54.074786823779576,0.09262027496590278,9.44463960332048,0.138,37.86,0.154,45.82,0.175,44.19,0.19,38.35,0.198,33.64,0.202,29.9,0.2,27.02,0.195,24.67,0.186,22.62,0.174,20.88,0.161,19.36,0.145,17.98,0.129,16.74,0.112,15.79,0.096,14.64,0.081,13.86,0.061,12.72,0.04,11.53
apce_10x7,apce,2,10.0,7.0,apce_10x7_static_pg0811.txt,5938.0,0.1126,0.051,5.62324792217959,573.4117075840976,64.02383380421607,0.08783054041055083,8.956222605125179,0.138,37.86,0.154,45.82,0.175,44.19,0.19,38.35,0.198,33.64,0.202,29.9,0.2,27.02,0.195,24.67,0.186,22.62,0.174,20.88,0.161,19.36,0.145,17.98,0.129,16.74,0.112,15.79,0.096,14.64,0.081,13.86,0.061,12.72,0.04,11.53
apce_10x7,apce,2,10.0,7.0,apce_10x7_static_pg0811.txt,6231.0,0.1133,0.0511,6.230370403443621,635.3209713249297,74.12164933328569,0.08405601412657393,8.571328040316923,0.138,37.86,0.154,45.82,0.175,44.19,0.19,38.35,0.198,33.64,0.202,29.9,0.2,27.02,0.195,24.67,0.186,22.62,0.174,20.88,0.161,19.36,0.145,17.98,0.129,16.74,0.112,15.79,0.096,14.64,0.081,13.86,0.061,12.72,0.04,11.53
apce_10x7,apce,2,10.0,7.0,apce_10x7_static_pg0811.txt,6542.0,0.1139,0.0512,6.90419832428468,704.0322968888133,85.95131014943149,0.0803268537999167,8.191059515728277,0.138,37.86,0.154,45.82,0.175,44.19,0.19,38.35,0.198,33.64,0.202,29.9,0.2,27.02,0.195,24.67,0.186,22.62,0.174,20.88,0.161,19.36,0.145,17.98,0.129,16.74,0.112,15.79,0.096,14.64,0.081,13.86,0.061,12.72,0.04,11.53
apce_11x10,apce,2,11.0,10.0,apce_11x10_static_pg0460.txt,1989.0,0.1023,0.0743,0.839236560123769,85.57831268820333,5.645566268391747,0.14865409778687133,15.158499363887907,0.128,48.87,0.145,55.01,0.163,51.58,0.178,45.77,0.187,40.79,0.191,36.73,0.191,33.37,0.186,30.57,0.179,28.18,0.168,26.13,0.155,24.37,0.141,22.83,0.125,21.5,0.11,20.22,0.096,19.22,0.082,18.26,0.065,17.57,0.047,16.89
apce_11x10,apce,2,11.0,10.0,apce_11x10_static_pg0460.txt,2254.0,0.1016,0.0748,1.0703867548295174,109.14907280564897,8.271374400430753,0.1294085726277575,13.196001960685608,0.128,48.87,0.145,55.01,0.163,51.58,0.178,45.77,0.187,40.79,0.191,36.73,0.191,33.37,0.186,30.57,0.179,28.18,0.168,26.13,0.155,24.37,0.141,22.83,0.125,21.5,0.11,20.22,0.096,19.22,0.082,18.26,0.065,17.57,0.047,16.89
apce_11x10,apce,2,11.0,10.0,apce_11x10_static_pg0460.txt,2524.0,0.1022,0.0758,1.3501088745658885,137.67279086802208,11.769326303437708,0.11471420196511456,11.697593160265185,0.128,48.87,0.145,55.01,0.163,51.58,0.178,45.77,0.187,40.79,0.191,36.73,0.191,33.37,0.186,30.57,0.179,28.18,0.168,26.13,0.155,24.37,0.141,22.83,0.125,21.5,0.11,20.22,0.096,19.22,0.082,18.26,0.065,17.57,0.047,16.89
apce_11x10,apce,2,11.0,10.0,apce_11x10_static_pg0460.txt,2754.0,0.1028,0.0767,1.6168144484752702,164.86919064872004,15.470399118863867,0.1045101962821246,10.657074157038807,0.128,48.87,0.145,55.01,0.163,51.58,0.178,45.77,0.187,40.79,0.191,36.73,0.191,33.37,0.186,30.57,0.179,28.18,0.168,26.13,0.155,24.37,0.141,22.83,0.125,21.5,0.11,20.22,0.096,19.22,0.082,18.26,0.065,17.57,0.047,16.89
apce_11x10,apce,2,11.0,10.0,apce_11x10_static_pg0460.txt,2987.0,0.1033,0.0774,1.9112168328947352,194.88987910190895,19.91869927920605,0.0959508854521406,9.784267354513581,0.128,48.87,0.145,55.01,0.163,51.58,0.178,45.77,0.187,40.79,0.191,36.73,0.191,33.37,0.186,30.57,0.179,28.18,0.168,26.13,0.155,24.37,0.141,22.83,0.125,21.5,0.11,20.22,0.096,19.22,0.082,18.26,0.065,17.57,0.047,16.89
apce_11x10,apce,2,11.0,10.0,apce_11x10_static_pg0460.txt,3238.0,0.104,0.0782,2.261133597967044,230.57145895561115,25.63608086052961,0.08820121961186277,8.994021364264329,0.128,48.87,0.145,55.01,0.163,51.58,0.178,45.77,0.187,40.79,0.191,36.73,0.191,33.37,0.186,30.57,0.179,28.18,0.168,26.13,0.155,24.37,0.141,22.83,0.125,21.5,0.11,20.22,0.096,19.22,0.082,18.26,0.065,17.57,0.047,16.89
apce_11x10,apce,2,11.0,10.0,apce_11x10_static_pg0460.txt,3501.0,0.1045,0.0789,2.656071164843314,270.8438829613899,32.69397166865655,0.08124039476640485,8.284214769203027,0.128,48.87,0.145,55.01,0.163,51.58,0.178,45.77,0.187,40.79,0.191,36.73,0.191,33.37,0.186,30.57,0.179,28.18,0.168,26.13,0.155,24.37,0.141,22.83,0.125,21.5,0.11,20.22,0.096,19.22,0.082,18.26,0.065,17.57,0.047,16.89
apce_11x10,apce,2,11.0,10.0,apce_11x10_static_pg0460.txt,3735.0,0.1048,0.0797,3.0316683512189346,309.1441370110012,40.10001049562587,0.07560268223744307,7.709328082213914,0.128,48.87,0.145,55.01,0.163,51.58,0.178,45.77,0.187,40.79,0.191,36.73,0.191,33.37,0.186,30.57,0.179,28.18,0.168,26.13,0.155,24.37,0.141,22.83,0.125,21.5,0.11,20.22,0.096,19.22,0.082,18.26,0.065,17.57,0.047,16.89
apce_11x10,apce,2,11.0,10.0,apce_11x10_static_pg0460.txt,3963.0,0.1052,0.08,3.4261240190449844,349.3674209893271,48.08133864132561,0.0712568351019298,7.266175003893257,0.128,48.87,0.145,55.01,0.163,51.58,0.178,45.77,0.187,40.79,0.191,36.73,0.191,33.37,0.186,30.57,0.179,28.18,0.168,26.13,0.155,24.37,0.141,22.83,0.125,21.5,0.11,20.22,0.096,19.22,0.082,18.26,0.065,17.57,0.047,16.89
apce_11x10,apce,2,11.0,10.0,apce_11x10_static_pg0460.txt,4191.0,0.1053,0.0804,3.8353313280310894,391.09495373354713,57.15093996927834,0.06710880573605234,6.843193724263877,0.128,48.87,0.145,55.01,0.163,51.58,0.178,45.77,0.187,40.79,0.191,36.73,0.191,33.37,0.186,30.57,0.179,28.18,0.168,26.13,0.155,24.37,0.141,22.83,0.125,21.5,0.11,20.22,0.096,19.22,0.082,18.26,0.065,17.57,0.047,16.89
apce_11x10,apce,2,11.0,10.0,apce_11x10_static_pg0460.txt,4478.0,0.1051,0.0799,4.370288320374734,445.6453855674195,69.2808796915734,0.06308072789823842,6.432444096428283,0.128,48.87,0.145,55.01,0.163,51.58,0.178,45.77,0.187,40.79,0.191,36.73,0.191,33.37,0.186,30.57,0.179,28.18,0.168,26.13,0.155,24.37,0.141,22.83,0.125,21.5,0.11,20.22,0.096,19.22,0.082,18.26,0.065,17.57,0.047,16.89
apce_11x10,apce,2,11.0,10.0,apce_11x10_static_pg0460.txt,4714.0,0.1065,0.0815,4.907586455729709,500.4345475498473,82.44051378949968,0.059528819389221,6.070250227062351,0.128,48.87,0.145,55.01,0.163,51.58,0.178,45.77,0.187,40.79,0.191,36.73,0.191,33.37,0.186,30.57,0.179,28.18,0.168,26.13,0.155,24.37,0.141,22.83,0.125,21.5,0.11,20.22,0.096,19.22,0.082,18.26,0.065,17.57,0.047,16.89
apce_11x10,apce,2,11.0,10.0,apce_11x10_static_pg0460.txt,4981.0,0.1071,0.0817,5.510128783256494,561.8767655882992,97.49582715110145,0.056516560187922296,5.763085272536728,0.128,48.87,0.145,55.01,0.163,51.58,0.178,45.77,0.187,40.79,0.191,36.73,0.191,33.37,0.186,30.57,0.179,28.18,0.168,26.13,0.155,24.37,0.141,22.83,0.125,21.5,0.11,20.22,0.096,19.22,0.082,18.26,0.065,17.57,0.047,16.89
apce_11x10,apce,2,11.0,10.0,apce_11x10_static_pg0460.txt,5207.0,0.1066,0.0814,5.993376423250026,611.1543109267718,110.96895195284479,0.054009489301087156,5.507435189497653,0.128,48.87,0.145,55.01,0.163,51.58,0.178,45.77,0.187,40.79,0.191,36.73,0.191,33.37,0.186,30.57,0.179,28.18,0.168,26.13,0.155,24.37,0.141,22.83,0.125,21.5,0.11,20.22,0.096,19.22,0.082,18.26,0.065,17.57,0.047,16.89
apce_11x10,apce,2,11.0,10.0,apce_11x10_static_pg0460.txt,5453.0,0.1073,0.0819,6.61621961316827,674.6666408170242,128.23445821375475,0.051594709451180866,5.261196173125468,0.128,48.87,0.145,55.01,0.163,51.58,0.178,45.77,0.187,40.79,0.191,36.73,0.191,33.37,0.186,30.57,0.179,28.18,0.168,26.13,0.155,24.37,0.141,22.83,0.125,21.5,0.11,20.22,0.096,19.22,0.082,18.26,0.065,17.57,0.047,16.89
apce_11x10,apce,2,11.0,10.0,apce_11x10_static_pg0460.txt,5711.0,0.1075,0.0818,7.2706289206259616,741.3978188908509,147.13098098449842,0.049416029662658116,5.039032662801071,0.128,48.87,0.145,55.01,0.163,51.58,0.178,45.77,0.187,40.79,0.191,36.73,0.191,33.37,0.186,30.57,0.179,28.18,0.168,26.13,0.155,24.37,0.141,22.83,0.125,21.5,0.11,20.22,0.096,19.22,0.082,18.26,0.065,17.57,0.047,16.89
apce_11x5.5,apce,2,11.0,5.5,apce_11x5.5_static_kt0467.txt,1868.0,0.0777,0.0327,0.5622299252373953,57.33149701859406,2.058224363884155,0.27316260321415564,27.854833527673126,0.124,41.11,0.146,41.01,0.167,34.01,0.18,28.76,0.188,24.78,0.19,21.7,0.189,19.4,0.184,17.65,0.175,16.19,0.164,15.03,0.151,14.1,0.136,13.26,0.121,12.61,0.105,12.0,0.09,11.34,0.077,10.55,0.053,9.33,0.029,8.07
apce_11x5.5,apce,2,11.0,5.5,apce_11x5.5_static_kt0467.txt,2200.0,0.0804,0.0323,0.8069388135808825,82.28485910896,3.321122624958596,0.24297170104971433,24.776218285522003,0.124,41.11,0.146,41.01,0.167,34.01,0.18,28.76,0.188,24.78,0.19,21.7,0.189,19.4,0.184,17.65,0.175,16.19,0.164,15.03,0.151,14.1,0.136,13.26,0.121,12.61,0.105,12.0,0.09,11.34,0.077,10.55,0.053,9.33,0.029,8.07
apce_11x5.5,apce,2,11.0,5.5,apce_11x5.5_static_kt0467.txt,2450.0,0.0824,0.032,1.0256485620194125,104.58704675086932,4.544253787437854,0.22570230669218294,23.01523014405357,0.124,41.11,0.146,41.01,0.167,34.01,0.18,28.76,0.188,24.78,0.19,21.7,0.189,19.4,0.184,17.65,0.175,16.19,0.164,15.03,0.151,14.1,0.136,13.26,0.121,12.61,0.105,12.0,0.09,11.34,0.077,10.55,0.053,9.33,0.029,8.07
apce_11x5.5,apce,2,11.0,5.5,apce_11x5.5_static_kt0467.txt,2800.0,0.0833,0.0314,1.3542544119867965,138.09551803998272,6.656073186031419,0.2034614665639291,20.747295617150517,0.124,41.11,0.146,41.01,0.167,34.01,0.18,28.76,0.188,24.78,0.19,21.7,0.189,19.4,0.184,17.65,0.175,16.19,0.164,15.03,0.151,14.1,0.136,13.26,0.121,12.61,0.105,12.0,0.09,11.34,0.077,10.55,0.053,9.33,0.029,8.07
apce_11x5.5,apce,2,11.0,5.5,apce_11x5.5_static_kt0467.txt,3095.0,0.0838,0.031,1.6645794178956028,169.73986202175087,8.874788263056526,0.18756271908196628,19.12607455981057,0.124,41.11,0.146,41.01,0.167,34.01,0.18,28.76,0.188,24.78,0.19,21.7,0.189,19.4,0.184,17.65,0.175,16.19,0.164,15.03,0.151,14.1,0.136,13.26,0.121,12.61,0.105,12.0,0.09,11.34,0.077,10.55,0.053,9.33,0.029,8.07
apce_11x5.5,apce,2,11.0,5.5,apce_11x5.5_static_kt0467.txt,3406.0,0.0849,0.0313,2.042378229665219,208.26461938227828,11.94242753890882,0.17101868301156392,17.439052378902474,0.124,41.11,0.146,41.01,0.167,34.01,0.18,28.76,0.188,24.78,0.19,21.7,0.189,19.4,0.184,17.65,0.175,16.19,0.164,15.03,0.151,14.1,0.136,13.26,0.121,12.61,0.105,12.0,0.09,11.34,0.077,10.55,0.053,9.33,0.029,8.07
apce_11x5.5,apce,2,11.0,5.5,apce_11x5.5_static_kt0467.txt,3716.0,0.0857,0.0312,2.453982309461746,250.23655473191621,15.459521814277974,0.15873597766751865,16.186565001047114,0.124,41.11,0.146,41.01,0.167,34.01,0.18,28.76,0.188,24.78,0.19,21.7,0.189,19.4,0.184,17.65,0.175,16.19,0.164,15.03,0.151,14.1,0.136,13.26,0.121,12.61,0.105,12.0,0.09,11.34,0.077,10.55,0.053,9.33,0.029,8.07
apce_11x5.5,apce,2,11.0,5.5,apce_11x5.5_static_kt0467.txt,4043.0,0.0861,0.0312,2.918433683639338,297.5974143707931,19.910408223166066,0.14657829467522898,14.946826355098734,0.124,41.11,0.146,41.01,0.167,34.01,0.18,28.76,0.188,24.78,0.19,21.7,0.189,19.4,0.184,17.65,0.175,16.19,0.164,15.03,0.151,14.1,0.136,13.26,0.121,12.61,0.105,12.0,0.09,11.34,0.077,10.55,0.053,9.33,0.029,8.07
apce_11x5.5,apce,2,11.0,5.5,apce_11x5.5_static_kt0467.txt,4350.0,0.0862,0.0312,3.3824000712826425,344.9088191464611,24.799145194557187,0.13639180079581928,13.908093058875282,0.124,41.11,0.146,41.01,0.167,34.01,0.18,28.76,0.188,24.78,0.19,21.7,0.189,19.4,0.184,17.65,0.175,16.19,0.164,15.03,0.151,14.1,0.136,13.26,0.121,12.61,0.105,12.0,0.09,11.34,0.077,10.55,0.053,9.33,0.029,8.07
apce_11x5.5,apce,2,11.0,5.5,apce_11x5.5_static_kt0467.txt,4651.0,0.087,0.0314,3.9025738189386847,397.9517795514967,30.50584175238503,0.12792873740760066,13.04510076403264,0.124,41.11,0.146,41.01,0.167,34.01,0.18,28.76,0.188,24.78,0.19,21.7,0.189,19.4,0.184,17.65,0.175,16.19,0.164,15.03,0.151,14.1,0.136,13.26,0.121,12.61,0.105,12.0,0.09,11.34,0.077,10.55,0.053,9.33,0.029,8.07
apce_11x5.5,apce,2,11.0,5.5,apce_11x5.5_static_kt0467.txt,4968.0,0.0873,0.0313,4.4680354796284805,455.6128218737776,37.05983193627221,0.12056275612128188,12.293979709817512,0.124,41.11,0.146,41.01,0.167,34.01,0.18,28.76,0.188,24.78,0.19,21.7,0.189,19.4,0.184,17.65,0.175,16.19,0.164,15.03,0.151,14.1,0.136,13.26,0.121,12.61,0.105,12.0,0.09,11.34,0.077,10.55,0.053,9.33,0.029,8.07
apce_11x5.5,apce,2,11.0,5.5,apce_11x5.5_static_kt0467.txt,5273.0,0.0877,0.0314,5.056550292260987,515.624631475681,44.454661586906546,0.11374623294287584,11.598887789701463,0.124,41.11,0.146,41.01,0.167,34.01,0.18,28.76,0.188,24.78,0.19,21.7,0.189,19.4,0.184,17.65,0.175,16.19,0.164,15.03,0.151,14.1,0.136,13.26,0.121,12.61,0.105,12.0,0.09,11.34,0.077,10.55,0.053,9.33,0.029,8.07
apce_11x5.5,apce,2,11.0,5.5,apce_11x5.5_static_kt0467.txt,5577.0,0.0885,0.0317,5.707997243673968,582.0537333007671,53.09767954650003,0.10749993770773386,10.961942937469358,0.124,41.11,0.146,41.01,0.167,34.01,0.18,28.76,0.188,24.78,0.19,21.7,0.189,19.4,0.184,17.65,0.175,16.19,0.164,15.03,0.151,14.1,0.136,13.26,0.121,12.61,0.105,12.0,0.09,11.34,0.077,10.55,0.053,9.33,0.029,8.07
apce_11x5.5,apce,2,11.0,5.5,apce_11x5.5_static_kt0467.txt,5891.0,0.089,0.0319,6.404824693450361,653.1103581192723,62.97556864597639,0.10170332449804048,10.370852890440721,0.124,41.11,0.146,41.01,0.167,34.01,0.18,28.76,0.188,24.78,0.19,21.7,0.189,19.4,0.184,17.65,0.175,16.19,0.164,15.03,0.151,14.1,0.136,13.26,0.121,12.61,0.105,12.0,0.09,11.34,0.077,10.55,0.053,9.33,0.029,8.07
apce_11x5.5,apce,2,11.0,5.5,apce_11x5.5_static_kt0467.txt,6213.0,0.0897,0.0322,7.1801636919744505,732.1729328541808,74.571740389973,0.09628531739269831,9.818369921706019,0.124,41.11,0.146,41.01,0.167,34.01,0.18,28.76,0.188,24.78,0.19,21.7,0.189,19.4,0.184,17.65,0.175,16.19,0.164,15.03,0.151,14.1,0.136,13.26,0.121,12.61,0.105,12.0,0.09,11.34,0.077,10.55,0.053,9.33,0.029,8.07
apce_11x5.5,apce,2,11.0,5.5,apce_11x5.5_static_kt0467.txt,6473.0,0.0903,0.0323,7.845816732603593,800.0506526289399,84.59285640730735,0.09274798210887522,9.45766210774069,0.124,41.11,0.146,41.01,0.167,34.01,0.18,28.76,0.188,24.78,0.19,21.7,0.189,19.4,0.184,17.65,0.175,16.19,0.164,15.03,0.151,14.1,0.136,13.26,0.121,12.61,0.105,12.0,0.09,11.34,0.077,10.55,0.053,9.33,0.029,8.07
apce_11x7,apce,2,11.0,7.0,apce_11x7_static_kt0534.txt,1966.0,0.0987,0.0468,0.791085409672902,80.66826180937446,3.4340826234512805,0.23036295174454913,23.49048367633689,0.131,41.81,0.145,45.76,0.161,41.73,0.176,36.13,0.185,31.59,0.189,28.07,0.189,25.32,0.185,23.02,0.177,21.04,0.167,19.62,0.154,18.47,0.14,17.38,0.125,16.28,0.11,15.33,0.095,14.58,0.081,13.77,0.062,13.05,0.043,12.34
apce_11x7,apce,2,11.0,7.0,apce_11x7_static_kt0534.txt,2322.0,0.1008,0.0452,1.1270006277713531,114.92208121747521,5.464361558804558,0.20624561820135265,21.031200073557503,0.131,41.81,0.145,45.76,0.161,41.73,0.176,36.13,0.185,31.59,0.189,28.07,0.189,25.32,0.185,23.02,0.177,21.04,0.167,19.62,0.154,18.47,0.14,17.38,0.125,16.28,0.11,15.33,0.095,14.58,0.081,13.77,0.062,13.05,0.043,12.34
apce_11x7,apce,2,11.0,7.0,apce_11x7_static_kt0534.txt,2581.0,0.1024,0.0449,1.41453976528904,144.24291325672274,7.454606112354361,0.18975379033705791,19.34950164807125,0.131,41.81,0.145,45.76,0.161,41.73,0.176,36.13,0.185,31.59,0.189,28.07,0.189,25.32,0.185,23.02,0.177,21.04,0.167,19.62,0.154,18.47,0.14,17.38,0.125,16.28,0.11,15.33,0.095,14.58,0.081,13.77,0.062,13.05,0.043,12.34
apce_11x7,apce,2,11.0,7.0,apce_11x7_static_kt0534.txt,2869.0,0.1021,0.0446,1.7427136530312357,177.7073366573943,10.170465943747029,0.17135042412709567,17.472880558304386,0.131,41.81,0.145,45.76,0.161,41.73,0.176,36.13,0.185,31.59,0.189,28.07,0.189,25.32,0.185,23.02,0.177,21.04,0.167,19.62,0.154,18.47,0.14,17.38,0.125,16.28,0.11,15.33,0.095,14.58,0.081,13.77,0.062,13.05,0.043,12.34
apce_11x7,apce,2,11.0,7.0,apce_11x7_static_kt0534.txt,3158.0,0.1031,0.0442,2.132171390445562,217.42097356850326,13.442281714130935,0.1586167762132346,16.174409835492714,0.131,41.81,0.145,45.76,0.161,41.73,0.176,36.13,0.185,31.59,0.189,28.07,0.189,25.32,0.185,23.02,0.177,21.04,0.167,19.62,0.154,18.47,0.14,17.38,0.125,16.28,0.11,15.33,0.095,14.58,0.081,13.77,0.062,13.05,0.043,12.34
apce_11x7,apce,2,11.0,7.0,apce_11x7_static_kt0534.txt,3438.0,0.1039,0.044,2.5466337318931904,259.6843704927973,17.26571786697634,0.14749654497506104,15.040461826929793,0.131,41.81,0.145,45.76,0.161,41.73,0.176,36.13,0.185,31.59,0.189,28.07,0.189,25.32,0.185,23.02,0.177,21.04,0.167,19.62,0.154,18.47,0.14,17.38,0.125,16.28,0.11,15.33,0.095,14.58,0.081,13.77,0.062,13.05,0.043,12.34
apce_11x7,apce,2,11.0,7.0,apce_11x7_static_kt0534.txt,3723.0,0.1052,0.044,3.0237160647657095,308.33322946834136,21.92532964112662,0.13790971968302584,14.062877708802278,0.131,41.81,0.145,45.76,0.161,41.73,0.176,36.13,0.185,31.59,0.189,28.07,0.189,25.32,0.185,23.02,0.177,21.04,0.167,19.62,0.154,18.47,0.14,17.38,0.125,16.28,0.11,15.33,0.095,14.58,0.081,13.77,0.062,13.05,0.043,12.34
apce_11x7,apce,2,11.0,7.0,apce_11x7_static_kt0534.txt,4034.0,0.1046,0.0434,3.529739600259556,359.93326979749014,27.51134084983445,0.1283012565445641,13.083087144393254,0.131,41.81,0.145,45.76,0.161,41.73,0.176,36.13,0.185,31.59,0.189,28.07,0.189,25.32,0.185,23.02,0.177,21.04,0.167,19.62,0.154,18.47,0.14,17.38,0.125,16.28,0.11,15.33,0.095,14.58,0.081,13.77,0.062,13.05,0.043,12.34
apce_11x7,apce,2,11.0,7.0,apce_11x7_static_kt0534.txt,4311.0,0.1054,0.0436,4.061961957015846,414.20484640686135,33.73144175472214,0.12042064452958649,12.279488360407122,0.131,41.81,0.145,45.76,0.161,41.73,0.176,36.13,0.185,31.59,0.189,28.07,0.189,25.32,0.185,23.02,0.177,21.04,0.167,19.62,0.154,18.47,0.14,17.38,0.125,16.28,0.11,15.33,0.095,14.58,0.081,13.77,0.062,13.05,0.043,12.34
apce_11x7,apce,2,11.0,7.0,apce_11x7_static_kt0534.txt,4572.0,0.1065,0.0439,4.616376762707479,470.73942301473795,40.51329178036828,0.11394721484825035,11.619382240444022,0.131,41.81,0.145,45.76,0.161,41.73,0.176,36.13,0.185,31.59,0.189,28.07,0.189,25.32,0.185,23.02,0.177,21.04,0.167,19.62,0.154,18.47,0.14,17.38,0.125,16.28,0.11,15.33,0.095,14.58,0.081,13.77,0.062,13.05,0.043,12.34
apce_11x7,apce,2,11.0,7.0,apce_11x7_static_kt0534.txt,4879.0,0.1067,0.0439,5.267023434891188,537.0869190693243,49.234702837182745,0.10697786584208765,10.90870642289545,0.131,41.81,0.145,45.76,0.161,41.73,0.176,36.13,0.185,31.59,0.189,28.07,0.189,25.32,0.185,23.02,0.177,21.04,0.167,19.62,0.154,18.47,0.14,17.38,0.125,16.28,0.11,15.33,0.095,14.58,0.081,13.77,0.062,13.05,0.043,12.34
apce_11x7,apce,2,11.0,7.0,apce_11x7_static_kt0534.txt,5181.0,0.1072,0.0439,5.967070444786552,608.4718476530265,58.954864229664004,0.10121421739758894,10.320977846419416,0.131,41.81,0.145,45.76,0.161,41.73,0.176,36.13,0.185,31.59,0.189,28.07,0.189,25.32,0.185,23.02,0.177,21.04,0.167,19.62,0.154,18.47,0.14,17.38,0.125,16.28,0.11,15.33,0.095,14.58,0.081,13.77,0.062,13.05,0.043,12.34
apce_11x7,apce,2,11.0,7.0,apce_11x7_static_kt0534.txt,5444.0,0.108,0.0443,6.637418226716952,676.8282978098487,69.01959749359372,0.096167153500613,9.80632055805122,0.131,41.81,0.145,45.76,0.161,41.73,0.176,36.13,0.185,31.59,0.189,28.07,0.189,25.32,0.185,23.02,0.177,21.04,0.167,19.62,0.154,18.47,0.14,17.38,0.125,16.28,0.11,15.33,0.095,14.58,0.081,13.77,0.062,13.05,0.043,12.34
apce_11x7,apce,2,11.0,7.0,apce_11x7_static_kt0534.txt,5749.0,0.1081,0.0443,7.408827893822008,755.4901922493419,81.28211555432704,0.09114954554634006,9.294666939917308,0.131,41.81,0.145,45.76,0.161,41.73,0.176,36.13,0.185,31.59,0.189,28.07,0.189,25.32,0.185,23.02,0.177,21.04,0.167,19.62,0.154,18.47,0.14,17.38,0.125,16.28,0.11,15.33,0.095,14.58,0.081,13.77,0.062,13.05,0.043,12.34
apce_11x7,apce,2,11.0,7.0,apce_11x7_static_kt0534.txt,5995.0,0.1092,0.0448,8.138422052407243,829.8880914896773,93.20944514904812,0.08731327645383323,8.903476360819774,0.131,41.81,0.145,45.76,0.161,41.73,0.176,36.13,0.185,31.59,0.189,28.07,0.189,25.32,0.185,23.02,0.177,21.04,0.167,19.62,0.154,18.47,0.14,17.38,0.125,16.28,0.11,15.33,0.095,14.58,0.081,13.77,0.062,13.05,0.043,12.34
apce_11x7,apce,2,11.0,7.0,apce_11x7_static_kt0534.txt,6320.0,0.1093,0.0448,9.053020703367801,923.1511987648996,109.20526958239213,0.08289911959365263,8.453357629124385,0.131,41.81,0.145,45.76,0.161,41.73,0.176,36.13,0.185,31.59,0.189,28.07,0.189,25.32,0.185,23.02,0.177,21.04,0.167,19.62,0.154,18.47,0.14,17.38,0.125,16.28,0.11,15.33,0.095,14.58,0.081,13.77,0.062,13.05,0.043,12.34
apce_11x8.5,apce,2,11.0,8.5,apce_11x8.5_static_jb0452.txt,1973.0,0.096,0.0584,0.7749337907615383,79.02125504239862,4.331202103127285,0.1789188710917018,18.24464736599163,0.127,46.08,0.147,51.71,0.164,46.18,0.179,40.31,0.188,35.62,0.191,31.77,0.19,28.7,0.186,26.19,0.177,24.1,0.166,22.37,0.153,20.85,0.138,19.52,0.123,18.35,0.108,17.33,0.093,16.38,0.079,15.32,0.06,14.19,0.041,13.06
apce_11x8.5,apce,2,11.0,8.5,apce_11x8.5_static_jb0452.txt,2275.0,0.0968,0.0582,1.0389086311043667,105.93919749398285,6.617310817149416,0.15699861466563306,16.00940327896204,0.127,46.08,0.147,51.71,0.164,46.18,0.179,40.31,0.188,35.62,0.191,31.77,0.19,28.7,0.186,26.19,0.177,24.1,0.166,22.37,0.153,20.85,0.138,19.52,0.123,18.35,0.108,17.33,0.093,16.38,0.079,15.32,0.06,14.19,0.041,13.06
apce_11x8.5,apce,2,11.0,8.5,apce_11x8.5_static_jb0452.txt,2557.0,0.0974,0.0577,1.3205644689238532,134.66009992442406,9.314988942039047,0.14176769045469012,14.456281243308382,0.127,46.08,0.147,51.71,0.164,46.18,0.179,40.31,0.188,35.62,0.191,31.77,0.19,28.7,0.186,26.19,0.177,24.1,0.166,22.37,0.153,20.85,0.138,19.52,0.123,18.35,0.108,17.33,0.093,16.38,0.079,15.32,0.06,14.19,0.041,13.06
apce_11x8.5,apce,2,11.0,8.5,apce_11x8.5_static_jb0452.txt,2829.0,0.0985,0.0576,1.6347122626489836,166.6942597777002,12.59318757582839,0.12980925224894468,13.236859911279051,0.127,46.08,0.147,51.71,0.164,46.18,0.179,40.31,0.188,35.62,0.191,31.77,0.19,28.7,0.186,26.19,0.177,24.1,0.166,22.37,0.153,20.85,0.138,19.52,0.123,18.35,0.108,17.33,0.093,16.38,0.079,15.32,0.06,14.19,0.041,13.06
apce_11x8.5,apce,2,11.0,8.5,apce_11x8.5_static_jb0452.txt,3115.0,0.0988,0.0571,1.9879810562311013,202.71765141318406,16.665740211058242,0.11928549413676888,12.163735234434684,0.127,46.08,0.147,51.71,0.164,46.18,0.179,40.31,0.188,35.62,0.191,31.77,0.19,28.7,0.186,26.19,0.177,24.1,0.166,22.37,0.153,20.85,0.138,19.52,0.123,18.35,0.108,17.33,0.093,16.38,0.079,15.32,0.06,14.19,0.041,13.06
apce_11x8.5,apce,2,11.0,8.5,apce_11x8.5_static_jb0452.txt,3380.0,0.1004,0.0575,2.3785172662002307,242.54126191923143,21.44037079908243,0.1109363867112794,11.31236321386808,0.127,46.08,0.147,51.71,0.164,46.18,0.179,40.31,0.188,35.62,0.191,31.77,0.19,28.7,0.186,26.19,0.177,24.1,0.166,22.37,0.153,20.85,0.138,19.52,0.123,18.35,0.108,17.33,0.093,16.38,0.079,15.32,0.06,14.19,0.041,13.06
apce_11x8.5,apce,2,11.0,8.5,apce_11x8.5_static_jb0452.txt,3642.0,0.1009,0.0574,2.7753019715867913,283.00204163366607,26.776022433773004,0.10364877675357266,10.569233811094785,0.127,46.08,0.147,51.71,0.164,46.18,0.179,40.31,0.188,35.62,0.191,31.77,0.19,28.7,0.186,26.19,0.177,24.1,0.166,22.37,0.153,20.85,0.138,19.52,0.123,18.35,0.108,17.33,0.093,16.38,0.079,15.32,0.06,14.19,0.041,13.06
apce_11x8.5,apce,2,11.0,8.5,apce_11x8.5_static_jb0452.txt,3929.0,0.1011,0.0573,3.23634199169097,330.0150399668562,33.55946701602279,0.09643603666726279,9.833739010494185,0.127,46.08,0.147,51.71,0.164,46.18,0.179,40.31,0.188,35.62,0.191,31.77,0.19,28.7,0.186,26.19,0.177,24.1,0.166,22.37,0.153,20.85,0.138,19.52,0.123,18.35,0.108,17.33,0.093,16.38,0.079,15.32,0.06,14.19,0.041,13.06
apce_11x8.5,apce,2,11.0,8.5,apce_11x8.5_static_jb0452.txt,4205.0,0.1019,0.0577,3.736331310502355,380.9997614376321,41.427446010278,0.0901897575239223,9.196795799169168,0.127,46.08,0.147,51.71,0.164,46.18,0.179,40.31,0.188,35.62,0.191,31.77,0.19,28.7,0.186,26.19,0.177,24.1,0.166,22.37,0.153,20.85,0.138,19.52,0.123,18.35,0.108,17.33,0.093,16.38,0.079,15.32,0.06,14.19,0.041,13.06
apce_11x8.5,apce,2,11.0,8.5,apce_11x8.5_static_jb0452.txt,4468.0,0.1023,0.0577,4.234880477980386,431.83762834203185,49.69694048914666,0.08521410848028449,8.689420799180606,0.127,46.08,0.147,51.71,0.164,46.18,0.179,40.31,0.188,35.62,0.191,31.77,0.19,28.7,0.186,26.19,0.177,24.1,0.166,22.37,0.153,20.85,0.138,19.52,0.123,18.35,0.108,17.33,0.093,16.38,0.079,15.32,0.06,14.19,0.041,13.06
apce_11x8.5,apce,2,11.0,8.5,apce_11x8.5_static_jb0452.txt,4730.0,0.1026,0.0578,4.7600206555819,485.38702366066906,59.06437422663041,0.08059038494706923,8.217932214065888,0.127,46.08,0.147,51.71,0.164,46.18,0.179,40.31,0.188,35.62,0.191,31.77,0.19,28.7,0.186,26.19,0.177,24.1,0.166,22.37,0.153,20.85,0.138,19.52,0.123,18.35,0.108,17.33,0.093,16.38,0.079,15.32,0.06,14.19,0.041,13.06
apce_11x8.5,apce,2,11.0,8.5,apce_11x8.5_static_jb0452.txt,5027.0,0.1031,0.0581,5.4027594393705805,550.9281395145724,71.27170273003436,0.075805112441825,7.729970218354383,0.127,46.08,0.147,51.71,0.164,46.18,0.179,40.31,0.188,35.62,0.191,31.77,0.19,28.7,0.186,26.19,0.177,24.1,0.166,22.37,0.153,20.85,0.138,19.52,0.123,18.35,0.108,17.33,0.093,16.38,0.079,15.32,0.06,14.19,0.041,13.06
apce_11x8.5,apce,2,11.0,8.5,apce_11x8.5_static_jb0452.txt,5284.0,0.1071,0.0561,6.200893661845675,632.315180193611,79.92186956380345,0.07758694454582747,7.911666526879972,0.127,46.08,0.147,51.71,0.164,46.18,0.179,40.31,0.188,35.62,0.191,31.77,0.19,28.7,0.186,26.19,0.177,24.1,0.166,22.37,0.153,20.85,0.138,19.52,0.123,18.35,0.108,17.33,0.093,16.38,0.079,15.32,0.06,14.19,0.041,13.06
apce_11x8.5,apce,2,11.0,8.5,apce_11x8.5_static_jb0452.txt,5559.0,0.1078,0.0563,6.907983697350987,704.4182975176017,93.39266393509948,0.07396709127123187,7.542544219609335,0.127,46.08,0.147,51.71,0.164,46.18,0.179,40.31,0.188,35.62,0.191,31.77,0.19,28.7,0.186,26.19,0.177,24.1,0.166,22.37,0.153,20.85,0.138,19.52,0.123,18.35,0.108,17.33,0.093,16.38,0.079,15.32,0.06,14.19,0.041,13.06
apce_11x8.5,apce,2,11.0,8.5,apce_11x8.5_static_jb0452.txt,5825.0,0.1079,0.0562,7.591935314594613,774.1619528171816,107.26016262756826,0.07078056874625058,7.217609351435056,0.127,46.08,0.147,51.71,0.164,46.18,0.179,40.31,0.188,35.62,0.191,31.77,0.19,28.7,0.186,26.19,0.177,24.1,0.166,22.37,0.153,20.85,0.138,19.52,0.123,18.35,0.108,17.33,0.093,16.38,0.079,15.32,0.06,14.19,0.041,13.06
apce_11x8.5,apce,2,11.0,8.5,apce_11x8.5_static_jb0452.txt,6122.0,0.1083,0.0564,8.416941373454794,858.2891582196565,124.96069334005722,0.06735671152647703,6.868473079642593,0.127,46.08,0.147,51.71,0.164,46.18,0.179,40.31,0.188,35.62,0.191,31.77,0.19,28.7,0.186,26.19,0.177,24.1,0.166,22.37,0.153,20.85,0.138,19.52,0.123,18.35,0.108,17.33,0.093,16.38,0.079,15.32,0.06,14.19,0.041,13.06
apce_11x8,apce,2,11.0,8.0,apce_11x8_static_kt0517.txt,1655.0,0.0951,0.0524,0.5401516514171977,55.080139641691886,2.2937159139621626,0.23549195788773172,24.013496748403558,0.127,44.62,0.146,50.28,0.164,44.89,0.178,38.98,0.187,34.3,0.19,30.54,0.19,27.47,0.185,25.01,0.176,23.02,0.165,21.3,0.152,19.82,0.138,18.53,0.123,17.3,0.107,16.23,0.092,15.17,0.078,14.37,0.059,13.49,0.039,12.6
apce_11x8,apce,2,11.0,8.0,apce_11x8_static_kt0517.txt,2019.0,0.0977,0.0523,0.8258599330719414,84.21427634023254,4.15647327201302,0.19869246811539568,20.260993113386906,0.127,44.62,0.146,50.28,0.164,44.89,0.178,38.98,0.187,34.3,0.19,30.54,0.19,27.47,0.185,25.01,0.176,23.02,0.165,21.3,0.152,19.82,0.138,18.53,0.123,17.3,0.107,16.23,0.092,15.17,0.078,14.37,0.059,13.49,0.039,12.6
apce_11x8,apce,2,11.0,8.0,apce_11x8_static_kt0517.txt,2320.0,0.0987,0.0519,1.1016212823035934,112.33410821265096,6.258145540607114,0.17602998766256292,17.95006323898201,0.127,44.62,0.146,50.28,0.164,44.89,0.178,38.98,0.187,34.3,0.19,30.54,0.19,27.47,0.185,25.01,0.176,23.02,0.165,21.3,0.152,19.82,0.138,18.53,0.123,17.3,0.107,16.23,0.092,15.17,0.078,14.37,0.059,13.49,0.039,12.6
apce_11x8,apce,2,11.0,8.0,apce_11x8_static_kt0517.txt,2616.0,0.0994,0.0513,1.4105908381235288,143.84023475126867,8.868393000387014,0.1590582237460576,16.219424956132585,0.127,44.62,0.146,50.28,0.164,44.89,0.178,38.98,0.187,34.3,0.19,30.54,0.19,27.47,0.185,25.01,0.176,23.02,0.165,21.3,0.152,19.82,0.138,18.53,0.123,17.3,0.107,16.23,0.092,15.17,0.078,14.37,0.059,13.49,0.039,12.6
apce_11x8,apce,2,11.0,8.0,apce_11x8_static_kt0517.txt,2916.0,0.1011,0.052,1.7826471530716186,181.77942040060762,12.450312406892,0.14318091745913267,14.600390292213211,0.127,44.62,0.146,50.28,0.164,44.89,0.178,38.98,0.187,34.3,0.19,30.54,0.19,27.47,0.185,25.01,0.176,23.02,0.165,21.3,0.152,19.82,0.138,18.53,0.123,17.3,0.107,16.23,0.092,15.17,0.078,14.37,0.059,13.49,0.039,12.6
apce_11x8,apce,2,11.0,8.0,apce_11x8_static_kt0517.txt,3209.0,0.1018,0.052,2.173834150932408,221.66939280308856,16.59307366946992,0.131008527668512,13.35915197019492,0.127,44.62,0.146,50.28,0.164,44.89,0.178,38.98,0.187,34.3,0.19,30.54,0.19,27.47,0.185,25.01,0.176,23.02,0.165,21.3,0.152,19.82,0.138,18.53,0.123,17.3,0.107,16.23,0.092,15.17,0.078,14.37,0.059,13.49,0.039,12.6
apce_11x8,apce,2,11.0,8.0,apce_11x8_static_kt0517.txt,3512.0,0.1023,0.0526,2.6165187016856217,266.8106541668788,22.002073558162376,0.11892145959647245,12.12661404215226,0.127,44.62,0.146,50.28,0.164,44.89,0.178,38.98,0.187,34.3,0.19,30.54,0.19,27.47,0.185,25.01,0.176,23.02,0.165,21.3,0.152,19.82,0.138,18.53,0.123,17.3,0.107,16.23,0.092,15.17,0.078,14.37,0.059,13.49,0.039,12.6
apce_11x8,apce,2,11.0,8.0,apce_11x8_static_kt0517.txt,3805.0,0.1025,0.0522,3.077318039042061,313.7991096900635,27.768270594045678,0.1108213789771239,11.300635688754458,0.127,44.62,0.146,50.28,0.164,44.89,0.178,38.98,0.187,34.3,0.19,30.54,0.19,27.47,0.185,25.01,0.176,23.02,0.165,21.3,0.152,19.82,0.138,18.53,0.123,17.3,0.107,16.23,0.092,15.17,0.078,14.37,0.059,13.49,0.039,12.6
apce_11x8,apce,2,11.0,8.0,apce_11x8_static_kt0517.txt,4119.0,0.103,0.052,3.623764813127829,369.52117319653803,35.090783563059226,0.10326827859559794,10.530433797025278,0.127,44.62,0.146,50.28,0.164,44.89,0.178,38.98,0.187,34.3,0.19,30.54,0.19,27.47,0.185,25.01,0.176,23.02,0.165,21.3,0.152,19.82,0.138,18.53,0.123,17.3,0.107,16.23,0.092,15.17,0.078,14.37,0.059,13.49,0.039,12.6
apce_11x8,apce,2,11.0,8.0,apce_11x8_static_kt0517.txt,4406.0,0.1039,0.0522,4.182574912943901,426.5039450723643,43.11400104232793,0.0970119870999118,9.89246960989857,0.127,44.62,0.146,50.28,0.164,44.89,0.178,38.98,0.187,34.3,0.19,30.54,0.19,27.47,0.185,25.01,0.176,23.02,0.165,21.3,0.152,19.82,0.138,18.53,0.123,17.3,0.107,16.23,0.092,15.17,0.078,14.37,0.059,13.49,0.039,12.6
apce_11x8,apce,2,11.0,8.0,apce_11x8_static_kt0517.txt,4722.0,0.1046,0.0522,4.836407044400839,493.1762675736199,53.07167536870489,0.09112972241409123,9.292645542982694,0.127,44.62,0.146,50.28,0.164,44.89,0.178,38.98,0.187,34.3,0.19,30.54,0.19,27.47,0.185,25.01,0.176,23.02,0.165,21.3,0.152,19.82,0.138,18.53,0.123,17.3,0.107,16.23,0.092,15.17,0.078,14.37,0.059,13.49,0.039,12.6
apce_11x8,apce,2,11.0,8.0,apce_11x8_static_kt0517.txt,5001.0,0.1058,0.0522,5.48704563073149,559.5229391006603,63.045691580459085,0.08703284067760456,8.874879870047831,0.127,44.62,0.146,50.28,0.164,44.89,0.178,38.98,0.187,34.3,0.19,30.54,0.19,27.47,0.185,25.01,0.176,23.02,0.165,21.3,0.152,19.82,0.138,18.53,0.123,17.3,0.107,16.23,0.092,15.17,0.078,14.37,0.059,13.49,0.039,12.6
apce_11x8,apce,2,11.0,8.0,apce_11x8_static_kt0517.txt,5302.0,0.1082,0.0516,6.307335064251458,643.1691825701395,74.26483461981258,0.08493030512409934,8.660480910820652,0.127,44.62,0.146,50.28,0.164,44.89,0.178,38.98,0.187,34.3,0.19,30.54,0.19,27.47,0.185,25.01,0.176,23.02,0.165,21.3,0.152,19.82,0.138,18.53,0.123,17.3,0.107,16.23,0.092,15.17,0.078,14.37,0.059,13.49,0.039,12.6
apce_11x8,apce,2,11.0,8.0,apce_11x8_static_kt0517.txt,5598.0,0.1089,0.0514,7.076733859765164,721.6260251732411,87.07152438254568,0.08127495079417449,8.287738503380307,0.127,44.62,0.146,50.28,0.164,44.89,0.178,38.98,0.187,34.3,0.19,30.54,0.19,27.47,0.185,25.01,0.176,23.02,0.165,21.3,0.152,19.82,0.138,18.53,0.123,17.3,0.107,16.23,0.092,15.17,0.078,14.37,0.059,13.49,0.039,12.6
apce_11x8,apce,2,11.0,8.0,apce_11x8_static_kt0517.txt,5905.0,0.1114,0.0505,8.054974868925893,821.3788468973496,100.40733272774297,0.08022297425992941,8.180466750616105,0.127,44.62,0.146,50.28,0.164,44.89,0.178,38.98,0.187,34.3,0.19,30.54,0.19,27.47,0.185,25.01,0.176,23.02,0.165,21.3,0.152,19.82,0.138,18.53,0.123,17.3,0.107,16.23,0.092,15.17,0.078,14.37,0.059,13.49,0.039,12.6
apce_11x8,apce,2,11.0,8.0,apce_11x8_static_kt0517.txt,6213.0,0.1136,0.0503,9.093273081474889,927.2557990215711,116.48939570234913,0.07806095161408338,7.960001796136641,0.127,44.62,0.146,50.28,0.164,44.89,0.178,38.98,0.187,34.3,0.19,30.54,0.19,27.47,0.185,25.01,0.176,23.02,0.165,21.3,0.152,19.82,0.138,18.53,0.123,17.3,0.107,16.23,0.092,15.17,0.078,14.37,0.059,13.49,0.039,12.6
apce_14x12,apce,2,14.0,12.0,apce_14x12_static_kt1063.txt,1496.0,0.0868,0.0623,1.0569720649667265,107.78115513113312,6.726264267813958,0.15714102552058118,16.023925144731503,0.109,53.88,0.127,54.6,0.142,49.63,0.153,43.66,0.16,38.79,0.162,34.7,0.161,31.36,0.156,28.62,0.149,26.21,0.139,24.26,0.128,22.64,0.116,21.07,0.103,19.55,0.09,18.27,0.077,17.21,0.066,16.54,0.051,14.29,0.036,11.88
apce_14x12,apce,2,14.0,12.0,apce_14x12_static_kt1063.txt,1636.0,0.0866,0.0618,1.2611451899508235,128.60101971119838,8.726286591734848,0.14452254996361502,14.737198733881096,0.109,53.88,0.127,54.6,0.142,49.63,0.153,43.66,0.16,38.79,0.162,34.7,0.161,31.36,0.156,28.62,0.149,26.21,0.139,24.26,0.128,22.64,0.116,21.07,0.103,19.55,0.09,18.27,0.077,17.21,0.066,16.54,0.051,14.29,0.036,11.88
apce_14x12,apce,2,14.0,12.0,apce_14x12_static_kt1063.txt,1741.0,0.0877,0.0628,1.446364429786864,147.48812589282417,10.686784604320659,0.1353414037372944,13.800982367811068,0.109,53.88,0.127,54.6,0.142,49.63,0.153,43.66,0.16,38.79,0.162,34.7,0.161,31.36,0.156,28.62,0.149,26.21,0.139,24.26,0.128,22.64,0.116,21.07,0.103,19.55,0.09,18.27,0.077,17.21,0.066,16.54,0.051,14.29,0.036,11.88
apce_14x12,apce,2,14.0,12.0,apce_14x12_static_kt1063.txt,1904.0,0.0881,0.0624,1.7377623899359644,177.20244833209756,13.889177268265279,0.12511629424634785,12.7583113750718,0.109,53.88,0.127,54.6,0.142,49.63,0.153,43.66,0.16,38.79,0.162,34.7,0.161,31.36,0.156,28.62,0.149,26.21,0.139,24.26,0.128,22.64,0.116,21.07,0.103,19.55,0.09,18.27,0.077,17.21,0.066,16.54,0.051,14.29,0.036,11.88
apce_14x12,apce,2,14.0,12.0,apce_14x12_static_kt1063.txt,2036.0,0.0881,0.0622,1.987064904257289,202.62422991105925,16.928356824278637,0.11738084947544596,11.9695155303234,0.109,53.88,0.127,54.6,0.142,49.63,0.153,43.66,0.16,38.79,0.162,34.7,0.161,31.36,0.156,28.62,0.149,26.21,0.139,24.26,0.128,22.64,0.116,21.07,0.103,19.55,0.09,18.27,0.077,17.21,0.066,16.54,0.051,14.29,0.036,11.88
apce_14x12,apce,2,14.0,12.0,apce_14x12_static_kt1063.txt,2172.0,0.0892,0.0623,2.289628874497942,233.4771685027958,20.585366732644413,0.11122604247156953,11.34189988136311,0.109,53.88,0.127,54.6,0.142,49.63,0.153,43.66,0.16,38.79,0.162,34.7,0.161,31.36,0.156,28.62,0.149,26.21,0.139,24.26,0.128,22.64,0.116,21.07,0.103,19.55,0.09,18.27,0.077,17.21,0.066,16.54,0.051,14.29,0.036,11.88
apce_14x12,apce,2,14.0,12.0,apce_14x12_static_kt1063.txt,2302.0,0.0892,0.0626,2.571911913016279,262.2620276053779,24.62529206727583,0.10444188462779912,10.650108306893703,0.109,53.88,0.127,54.6,0.142,49.63,0.153,43.66,0.16,38.79,0.162,34.7,0.161,31.36,0.156,28.62,0.149,26.21,0.139,24.26,0.128,22.64,0.116,21.07,0.103,19.55,0.09,18.27,0.077,17.21,0.066,16.54,0.051,14.29,0.036,11.88
apce_14x12,apce,2,14.0,12.0,apce_14x12_static_kt1063.txt,2444.0,0.0895,0.0625,2.9087475840811514,296.609707094793,29.422171396156724,0.09886243761264701,10.081163048813512,0.109,53.88,0.127,54.6,0.142,49.63,0.153,43.66,0.16,38.79,0.162,34.7,0.161,31.36,0.156,28.62,0.149,26.21,0.139,24.26,0.128,22.64,0.116,21.07,0.103,19.55,0.09,18.27,0.077,17.21,0.066,16.54,0.051,14.29,0.036,11.88
apce_14x12,apce,2,14.0,12.0,apce_14x12_static_kt1063.txt,2574.0,0.0898,0.0626,3.237233447511358,330.1059431621765,34.42635635780739,0.09403357746795649,9.588756350839125,0.109,53.88,0.127,54.6,0.142,49.63,0.153,43.66,0.16,38.79,0.162,34.7,0.161,31.36,0.156,28.62,0.149,26.21,0.139,24.26,0.128,22.64,0.116,21.07,0.103,19.55,0.09,18.27,0.077,17.21,0.066,16.54,0.051,14.29,0.036,11.88
apce_14x12,apce,2,14.0,12.0,apce_14x12_static_kt1063.txt,2706.0,0.0901,0.0627,3.589723289071925,366.04990379710966,40.06286620443284,0.08960225837947493,9.136887558898803,0.109,53.88,0.127,54.6,0.142,49.63,0.153,43.66,0.16,38.79,0.162,34.7,0.161,31.36,0.156,28.62,0.149,26.21,0.139,24.26,0.128,22.64,0.116,21.07,0.103,19.55,0.09,18.27,0.077,17.21,0.066,16.54,0.051,14.29,0.036,11.88
apce_14x12,apce,2,14.0,12.0,apce_14x12_static_kt1063.txt,2842.0,0.0902,0.0626,3.9640149328748797,404.21702955391294,46.33803924359106,0.08554559056840404,8.723222565137336,0.109,53.88,0.127,54.6,0.142,49.63,0.153,43.66,0.16,38.79,0.162,34.7,0.161,31.36,0.156,28.62,0.149,26.21,0.139,24.26,0.128,22.64,0.116,21.07,0.103,19.55,0.09,18.27,0.077,17.21,0.066,16.54,0.051,14.29,0.036,11.88
apce_14x12,apce,2,14.0,12.0,apce_14x12_static_kt1063.txt,2972.0,0.0909,0.0631,4.368598079620439,445.4730289773204,53.41544779577062,0.08178529357880512,8.339778984546724,0.109,53.88,0.127,54.6,0.142,49.63,0.153,43.66,0.16,38.79,0.162,34.7,0.161,31.36,0.156,28.62,0.149,26.21,0.139,24.26,0.128,22.64,0.116,21.07,0.103,19.55,0.09,18.27,0.077,17.21,0.066,16.54,0.051,14.29,0.036,11.88
apce_14x12,apce,2,14.0,12.0,apce_14x12_static_kt1063.txt,3115.0,0.0912,0.0633,4.8149472927662975,490.98798190679776,61.697698234338944,0.07804095502036823,7.957962711055074,0.109,53.88,0.127,54.6,0.142,49.63,0.153,43.66,0.16,38.79,0.162,34.7,0.161,31.36,0.156,28.62,0.149,26.21,0.139,24.26,0.128,22.64,0.116,21.07,0.103,19.55,0.09,18.27,0.077,17.21,0.066,16.54,0.051,14.29,0.036,11.88
apce_14x12,apce,2,14.0,12.0,apce_14x12_static_kt1063.txt,3244.0,0.0916,0.0635,5.2449066372254105,534.8316333534297,69.90485849851785,0.07502921470524992,7.6508506681945345,0.109,53.88,0.127,54.6,0.142,49.63,0.153,43.66,0.16,38.79,0.162,34.7,0.161,31.36,0.156,28.62,0.149,26.21,0.139,24.26,0.128,22.64,0.116,21.07,0.103,19.55,0.09,18.27,0.077,17.21,0.066,16.54,0.051,14.29,0.036,11.88
apce_14x12,apce,2,14.0,12.0,apce_14x12_static_kt1063.txt,3376.0,0.0919,0.0634,5.699030541827969,581.1393841758368,78.66610922637857,0.0724458168565041,7.387417401100692,0.109,53.88,0.127,54.6,0.142,49.63,0.153,43.66,0.16,38.79,0.162,34.7,0.161,31.36,0.156,28.62,0.149,26.21,0.139,24.26,0.128,22.64,0.116,21.07,0.103,19.55,0.09,18.27,0.077,17.21,0.066,16.54,0.051,14.29,0.036,11.88
apce_14x12,apce,2,14.0,12.0,apce_14x12_static_kt1063.txt,3506.0,0.0929,0.0638,6.213268686381995,633.5770815091796,88.66403936303388,0.07007653532388523,7.145817921908628,0.109,53.88,0.127,54.6,0.142,49.63,0.153,43.66,0.16,38.79,0.162,34.7,0.161,31.36,0.156,28.62,0.149,26.21,0.139,24.26,0.128,22.64,0.116,21.07,0.103,19.55,0.09,18.27,0.077,17.21,0.066,16.54,0.051,14.29,0.036,11.88
apce_17x12,apce,2,17.0,12.0,apce_17x12_static_jb1091.txt,1392.0,0.0851,0.0523,1.9506177442537525,198.90765391379855,12.00922335646565,0.16242663545795064,16.562907359592792,0.11,31.63,0.123,40.01,0.138,42.77,0.149,39.88,0.156,35.26,0.159,31.25,0.158,27.97,0.154,25.32,0.148,23.11,0.139,21.21,0.129,19.58,0.117,18.33,0.104,17.35,0.092,16.57,0.08,15.86,0.068,15.36,0.053,14.81,0.038,14.25
apce_17x12,apce,2,17.0,12.0,apce_17x12_static_jb1091.txt,1538.0,0.0856,0.052,2.3952484926568607,244.24737220731453,16.105265087842575,0.1487245617872486,15.165684692249506,0.11,31.63,0.123,40.01,0.138,42.77,0.149,39.88,0.156,35.26,0.159,31.25,0.158,27.97,0.154,25.32,0.148,23.11,0.139,21.21,0.129,19.58,0.117,18.33,0.104,17.35,0.092,16.57,0.08,15.86,0.068,15.36,0.053,14.81,0.038,14.25
apce_17x12,apce,2,17.0,12.0,apce_17x12_static_jb1091.txt,1569.0,0.0861,0.0525,2.5073397081971884,255.6774951892021,17.26329379810252,0.14524109579093072,14.81047001686924,0.11,31.63,0.123,40.01,0.138,42.77,0.149,39.88,0.156,35.26,0.159,31.25,0.158,27.97,0.154,25.32,0.148,23.11,0.139,21.21,0.129,19.58,0.117,18.33,0.104,17.35,0.092,16.57,0.08,15.86,0.068,15.36,0.053,14.81,0.038,14.25
apce_17x12,apce,2,17.0,12.0,apce_17x12_static_jb1091.txt,1793.0,0.0872,0.0522,3.316203734058875,338.15867131577807,25.615739570899272,0.12945961309765358,13.201206640152712,0.11,31.63,0.123,40.01,0.138,42.77,0.149,39.88,0.156,35.26,0.159,31.25,0.158,27.97,0.154,25.32,0.148,23.11,0.139,21.21,0.129,19.58,0.117,18.33,0.104,17.35,0.092,16.57,0.08,15.86,0.068,15.36,0.053,14.81,0.038,14.25
apce_17x12,apce,2,17.0,12.0,apce_17x12_static_jb1091.txt,1915.0,0.0875,0.0523,3.795856182951233,387.06960918878855,31.268248250086295,0.1213965090909996,12.378998851901477,0.11,31.63,0.123,40.01,0.138,42.77,0.149,39.88,0.156,35.26,0.159,31.25,0.158,27.97,0.154,25.32,0.148,23.11,0.139,21.21,0.129,19.58,0.117,18.33,0.104,17.35,0.092,16.57,0.08,15.86,0.068,15.36,0.053,14.81,0.038,14.25
apce_17x12,apce,2,17.0,12.0,apce_17x12_static_jb1091.txt,2041.0,0.0879,0.0519,4.331507038378727,441.69079536627976,37.56573577863684,0.1153047304571098,11.75781030801648,0.11,31.63,0.123,40.01,0.138,42.77,0.149,39.88,0.156,35.26,0.159,31.25,0.158,27.97,0.154,25.32,0.148,23.11,0.139,21.21,0.129,19.58,0.117,18.33,0.104,17.35,0.092,16.57,0.08,15.86,0.068,15.36,0.053,14.81,0.038,14.25
apce_17x12,apce,2,17.0,12.0,apce_17x12_static_jb1091.txt,2157.0,0.0886,0.0522,4.876386856389202,497.25307382125425,44.59811117965016,0.109340658772434,11.14964424879383,0.11,31.63,0.123,40.01,0.138,42.77,0.149,39.88,0.156,35.26,0.159,31.25,0.158,27.97,0.154,25.32,0.148,23.11,0.139,21.21,0.129,19.58,0.117,18.33,0.104,17.35,0.092,16.57,0.08,15.86,0.068,15.36,0.053,14.81,0.038,14.25
apce_17x12,apce,2,17.0,12.0,apce_17x12_static_jb1091.txt,2291.0,0.0886,0.0523,5.5010810060633695,560.9541490787751,53.539274761722965,0.10274851556256563,10.477432717856317,0.11,31.63,0.123,40.01,0.138,42.77,0.149,39.88,0.156,35.26,0.159,31.25,0.158,27.97,0.154,25.32,0.148,23.11,0.139,21.21,0.129,19.58,0.117,18.33,0.104,17.35,0.092,16.57,0.08,15.86,0.068,15.36,0.053,14.81,0.038,14.25
apce_17x12,apce,2,17.0,12.0,apce_17x12_static_jb1091.txt,2421.0,0.0891,0.0526,6.17776555442143,629.9567695820112,63.542696412539485,0.09722227577994805,9.913913087542438,0.11,31.63,0.123,40.01,0.138,42.77,0.149,39.88,0.156,35.26,0.159,31.25,0.158,27.97,0.154,25.32,0.148,23.11,0.139,21.21,0.129,19.58,0.117,18.33,0.104,17.35,0.092,16.57,0.08,15.86,0.068,15.36,0.053,14.81,0.038,14.25
apce_17x12,apce,2,17.0,12.0,apce_17x12_static_jb1091.txt,2546.0,0.0893,0.0524,6.847505621297833,698.2512500494903,73.62105090129074,0.09301015860910213,9.484396670535007,0.11,31.63,0.123,40.01,0.138,42.77,0.149,39.88,0.156,35.26,0.159,31.25,0.158,27.97,0.154,25.32,0.148,23.11,0.139,21.21,0.129,19.58,0.117,18.33,0.104,17.35,0.092,16.57,0.08,15.86,0.068,15.36,0.053,14.81,0.038,14.25
apce_17x12,apce,2,17.0,12.0,apce_17x12_static_jb1091.txt,2667.0,0.09,0.0527,7.572733628402552,772.2039257445257,85.10894161654502,0.08897694513134946,9.073123353168459,0.11,31.63,0.123,40.01,0.138,42.77,0.149,39.88,0.156,35.26,0.159,31.25,0.158,27.97,0.154,25.32,0.148,23.11,0.139,21.21,0.129,19.58,0.117,18.33,0.104,17.35,0.092,16.57,0.08,15.86,0.068,15.36,0.053,14.81,0.038,14.25
apce_17x12,apce,2,17.0,12.0,apce_17x12_static_jb1091.txt,2803.0,0.0901,0.0527,8.37404183921743,853.9146231605523,98.80420680869962,0.0847538997548038,8.642492569307949,0.11,31.63,0.123,40.01,0.138,42.77,0.149,39.88,0.156,35.26,0.159,31.25,0.158,27.97,0.154,25.32,0.148,23.11,0.139,21.21,0.129,19.58,0.117,18.33,0.104,17.35,0.092,16.57,0.08,15.86,0.068,15.36,0.053,14.81,0.038,14.25
apce_17x12,apce,2,17.0,12.0,apce_17x12_static_jb1091.txt,2920.0,0.0903,0.0527,9.107886148076949,928.7459171151157,111.700391967185,0.08153853346148182,8.314616455311633,0.11,31.63,0.123,40.01,0.138,42.77,0.149,39.88,0.156,35.26,0.159,31.25,0.158,27.97,0.154,25.32,0.148,23.11,0.139,21.21,0.129,19.58,0.117,18.33,0.104,17.35,0.092,16.57,0.08,15.86,0.068,15.36,0.053,14.81,0.038,14.25
apce_17x12,apce,2,17.0,12.0,apce_17x12_static_jb1091.txt,3061.0,0.0908,0.0528,10.064139493085207,1026.2566210770456,128.91974531135506,0.07806515184139735,7.960430100125666,0.11,31.63,0.123,40.01,0.138,42.77,0.149,39.88,0.156,35.26,0.159,31.25,0.158,27.97,0.154,25.32,0.148,23.11,0.139,21.21,0.129,19.58,0.117,18.33,0.104,17.35,0.092,16.57,0.08,15.86,0.068,15.36,0.053,14.81,0.038,14.25
apce_17x12,apce,2,17.0,12.0,apce_17x12_static_jb1091.txt,3184.0,0.0914,0.0529,10.961158399867521,1117.7270933364118,145.3685226354479,0.07540255759051553,7.688921047505064,0.11,31.63,0.123,40.01,0.138,42.77,0.149,39.88,0.156,35.26,0.159,31.25,0.158,27.97,0.154,25.32,0.148,23.11,0.139,21.21,0.129,19.58,0.117,18.33,0.104,17.35,0.092,16.57,0.08,15.86,0.068,15.36,0.053,14.81,0.038,14.25
apce_17x12,apce,2,17.0,12.0,apce_17x12_static_jb1091.txt,3290.0,0.0915,0.053,11.715937059467482,1194.6930969767945,160.67898919428507,0.07291517776042984,7.435278893447798,0.11,31.63,0.123,40.01,0.138,42.77,0.149,39.88,0.156,35.26,0.159,31.25,0.158,27.97,0.154,25.32,0.148,23.11,0.139,21.21,0.129,19.58,0.117,18.33,0.104,17.35,0.092,16.57,0.08,15.86,0.068,15.36,0.053,14.81,0.038,14.25
apce_19x12,apce,2,19.0,12.0,apce_19x12_static_jb1078.txt,1261.0,0.0884,0.0403,2.594569427552166,264.57245109718065,11.996905316532445,0.21626989286784618,22.05339161363424,0.112,34.11,0.126,42.88,0.141,40.83,0.152,35.05,0.158,30.43,0.16,26.83,0.159,23.97,0.154,21.64,0.147,19.73,0.138,17.93,0.127,16.26,0.114,14.95,0.102,13.81,0.089,12.98,0.077,12.19,0.065,11.81,0.049,11.25,0.032,10.66
apce_19x12,apce,2,19.0,12.0,apce_19x12_static_jb1078.txt,1376.0,0.0899,0.0403,3.141806383471674,320.37509072636163,15.58760073951002,0.20155804834724253,20.553200975587234,0.112,34.11,0.126,42.88,0.141,40.83,0.152,35.05,0.158,30.43,0.16,26.83,0.159,23.97,0.154,21.64,0.147,19.73,0.138,17.93,0.127,16.26,0.114,14.95,0.102,13.81,0.089,12.98,0.077,12.19,0.065,11.81,0.049,11.25,0.032,10.66
apce_19x12,apce,2,19.0,12.0,apce_19x12_static_jb1078.txt,1505.0,0.0902,0.0404,3.7710509109698993,384.5401753881193,20.446067504081835,0.18443893478376955,18.807537210338857,0.112,34.11,0.126,42.88,0.141,40.83,0.152,35.05,0.158,30.43,0.16,26.83,0.159,23.97,0.154,21.64,0.147,19.73,0.138,17.93,0.127,16.26,0.114,14.95,0.102,13.81,0.089,12.98,0.077,12.19,0.065,11.81,0.049,11.25,0.032,10.66
apce_19x12,apce,2,19.0,12.0,apce_19x12_static_jb1078.txt,1612.0,0.0917,0.04,4.398273874927276,448.49911793806007,24.87562660071482,0.1768105762932174,18.02966112721647,0.112,34.11,0.126,42.88,0.141,40.83,0.152,35.05,0.158,30.43,0.16,26.83,0.159,23.97,0.154,21.64,0.147,19.73,0.138,17.93,0.127,16.26,0.114,14.95,0.102,13.81,0.089,12.98,0.077,12.19,0.065,11.81,0.049,11.25,0.032,10.66
apce_19x12,apce,2,19.0,12.0,apce_19x12_static_jb1078.txt,1721.0,0.0918,0.0399,5.01865428703719,511.76031438230086,30.194958154674563,0.1662083537698243,16.948535307146102,0.112,34.11,0.126,42.88,0.141,40.83,0.152,35.05,0.158,30.43,0.16,26.83,0.159,23.97,0.154,21.64,0.147,19.73,0.138,17.93,0.127,16.26,0.114,14.95,0.102,13.81,0.089,12.98,0.077,12.19,0.065,11.81,0.049,11.25,0.032,10.66
apce_19x12,apce,2,19.0,12.0,apce_19x12_static_jb1078.txt,1833.0,0.0928,0.0401,5.755138298358888,586.8607830766764,36.66491587878397,0.1569658121509309,16.006058353355215,0.112,34.11,0.126,42.88,0.141,40.83,0.152,35.05,0.158,30.43,0.16,26.83,0.159,23.97,0.154,21.64,0.147,19.73,0.138,17.93,0.127,16.26,0.114,14.95,0.102,13.81,0.089,12.98,0.077,12.19,0.065,11.81,0.049,11.25,0.032,10.66
apce_19x12,apce,2,19.0,12.0,apce_19x12_static_jb1078.txt,1955.0,0.0932,0.0399,6.574947570318615,670.458063693373,44.26210930143563,0.14854573525951142,15.147449461285092,0.112,34.11,0.126,42.88,0.141,40.83,0.152,35.05,0.158,30.43,0.16,26.83,0.159,23.97,0.154,21.64,0.147,19.73,0.138,17.93,0.127,16.26,0.114,14.95,0.102,13.81,0.089,12.98,0.077,12.19,0.065,11.81,0.049,11.25,0.032,10.66
apce_19x12,apce,2,19.0,12.0,apce_19x12_static_jb1078.txt,2070.0,0.094,0.0398,7.434493785052189,758.1073847901363,52.40986413494405,0.14185294901566578,14.464975197000586,0.112,34.11,0.126,42.88,0.141,40.83,0.152,35.05,0.158,30.43,0.16,26.83,0.159,23.97,0.154,21.64,0.147,19.73,0.138,17.93,0.127,16.26,0.114,14.95,0.102,13.81,0.089,12.98,0.077,12.19,0.065,11.81,0.049,11.25,0.032,10.66
apce_19x12,apce,2,19.0,12.0,apce_19x12_static_jb1078.txt,2191.0,0.0936,0.0397,8.293607190995894,845.7125716728848,61.99213089067419,0.13378483804052535,13.642256840055,0.112,34.11,0.126,42.88,0.141,40.83,0.152,35.05,0.158,30.43,0.16,26.83,0.159,23.97,0.154,21.64,0.147,19.73,0.138,17.93,0.127,16.26,0.114,14.95,0.102,13.81,0.089,12.98,0.077,12.19,0.065,11.81,0.049,11.25,0.032,10.66
apce_19x12,apce,2,19.0,12.0,apce_19x12_static_jb1078.txt,2309.0,0.0937,0.0398,9.220836363759211,940.2636337341714,72.74008366466924,0.12676417044372862,12.926347982616758,0.112,34.11,0.126,42.88,0.141,40.83,0.152,35.05,0.158,30.43,0.16,26.83,0.159,23.97,0.154,21.64,0.147,19.73,0.138,17.93,0.127,16.26,0.114,14.95,0.102,13.81,0.089,12.98,0.077,12.19,0.065,11.81,0.049,11.25,0.032,10.66
apce_19x12,apce,2,19.0,12.0,apce_19x12_static_jb1078.txt,2426.0,0.0941,0.04,10.22242833795209,1042.3975912214764,84.79130244394554,0.12055986927090792,12.293685333004435,0.112,34.11,0.126,42.88,0.141,40.83,0.152,35.05,0.158,30.43,0.16,26.83,0.159,23.97,0.154,21.64,0.147,19.73,0.138,17.93,0.127,16.26,0.114,14.95,0.102,13.81,0.089,12.98,0.077,12.19,0.065,11.81,0.049,11.25,0.032,10.66
apce_19x12,apce,2,19.0,12.0,apce_19x12_static_jb1078.txt,2537.0,0.097,0.039,11.523795080730922,1175.1000678856617,94.54638629386146,0.12188509294171848,12.428820539299199,0.112,34.11,0.126,42.88,0.141,40.83,0.152,35.05,0.158,30.43,0.16,26.83,0.159,23.97,0.154,21.64,0.147,19.73,0.138,17.93,0.127,16.26,0.114,14.95,0.102,13.81,0.089,12.98,0.077,12.19,0.065,11.81,0.049,11.25,0.032,10.66
apce_19x12,apce,2,19.0,12.0,apce_19x12_static_jb1078.txt,2652.0,0.0961,0.0394,12.475365701947487,1272.1332669104627,109.10275227579642,0.1143451053408031,11.659955779068602,0.112,34.11,0.126,42.88,0.141,40.83,0.152,35.05,0.158,30.43,0.16,26.83,0.159,23.97,0.154,21.64,0.147,19.73,0.138,17.93,0.127,16.26,0.114,14.95,0.102,13.81,0.089,12.98,0.077,12.19,0.065,11.81,0.049,11.25,0.032,10.66
apce_19x12,apce,2,19.0,12.0,apce_19x12_static_jb1078.txt,2776.0,0.0961,0.0396,13.669265201192937,1393.8771345151442,125.76867822382016,0.10868576655363167,11.082863827467248,0.112,34.11,0.126,42.88,0.141,40.83,0.152,35.05,0.158,30.43,0.16,26.83,0.159,23.97,0.154,21.64,0.147,19.73,0.138,17.93,0.127,16.26,0.114,14.95,0.102,13.81,0.089,12.98,0.077,12.19,0.065,11.81,0.049,11.25,0.032,10.66
apce_19x12,apce,2,19.0,12.0,apce_19x12_static_jb1078.txt,2889.0,0.0969,0.0399,14.928003181600976,1522.2326871664613,142.83493669178026,0.10451226798814439,10.657285412260498,0.112,34.11,0.126,42.88,0.141,40.83,0.152,35.05,0.158,30.43,0.16,26.83,0.159,23.97,0.154,21.64,0.147,19.73,0.138,17.93,0.127,16.26,0.114,14.95,0.102,13.81,0.089,12.98,0.077,12.19,0.065,11.81,0.049,11.25,0.032,10.66
apce_19x12,apce,2,19.0,12.0,apce_19x12_static_jb1078.txt,3007.0,0.0972,0.0399,16.22243263354479,1654.2277570367855,161.06163571534205,0.1007218917248306,10.27077459936172,0.112,34.11,0.126,42.88,0.141,40.83,0.152,35.05,0.158,30.43,0.16,26.83,0.159,23.97,0.154,21.64,0.147,19.73,0.138,17.93,0.127,16.26,0.114,14.95,0.102,13.81,0.089,12.98,0.077,12.19,0.065,11.81,0.049,11.25,0.032,10.66
apce_9x4.5,apce,2,9.0,4.5,apce_9x4.5_static_rd0995.txt,2499.0,0.0893,0.0393,0.5182298960748551,52.84474270773967,2.1714747643383165,0.2386534278848818,24.33587696969728,0.157,34.8,0.163,36.5,0.187,34.26,0.206,29.64,0.217,25.62,0.222,22.53,0.222,20.25,0.217,18.37,0.209,16.83,0.197,15.51,0.183,14.38,0.167,13.45,0.15,12.56,0.133,12.09,0.116,11.25,0.099,10.46,0.074,9.68,0.049,8.9
apce_9x4.5,apce,2,9.0,4.5,apce_9x4.5_static_rd0995.txt,2800.0,0.0925,0.0394,0.6739012898185957,68.71880711747598,3.0622016326002193,0.22007084139863226,22.440980497787958,0.157,34.8,0.163,36.5,0.187,34.26,0.206,29.64,0.217,25.62,0.222,22.53,0.222,20.25,0.217,18.37,0.209,16.83,0.197,15.51,0.183,14.38,0.167,13.45,0.15,12.56,0.133,12.09,0.116,11.25,0.099,10.46,0.074,9.68,0.049,8.9
apce_9x4.5,apce,2,9.0,4.5,apce_9x4.5_static_rd0995.txt,3119.0,0.0936,0.0392,0.8461455804954953,86.28283669708773,4.21110101333687,0.2009321500044025,20.489377106800237,0.157,34.8,0.163,36.5,0.187,34.26,0.206,29.64,0.217,25.62,0.222,22.53,0.222,20.25,0.217,18.37,0.209,16.83,0.197,15.51,0.183,14.38,0.167,13.45,0.15,12.56,0.133,12.09,0.116,11.25,0.099,10.46,0.074,9.68,0.049,8.9
apce_9x4.5,apce,2,9.0,4.5,apce_9x4.5_static_rd0995.txt,3384.0,0.0938,0.0386,0.9981643144844791,101.7844334695823,5.295925116442744,0.18847779991929775,19.2193868364118,0.157,34.8,0.163,36.5,0.187,34.26,0.206,29.64,0.217,25.62,0.222,22.53,0.222,20.25,0.217,18.37,0.209,16.83,0.197,15.51,0.183,14.38,0.167,13.45,0.15,12.56,0.133,12.09,0.116,11.25,0.099,10.46,0.074,9.68,0.049,8.9
apce_9x4.5,apce,2,9.0,4.5,apce_9x4.5_static_rd0995.txt,3679.0,0.0945,0.0383,1.188583990668362,121.20183657705354,6.752298069894511,0.17602658803937113,17.949716573893344,0.157,34.8,0.163,36.5,0.187,34.26,0.206,29.64,0.217,25.62,0.222,22.53,0.222,20.25,0.217,18.37,0.209,16.83,0.197,15.51,0.183,14.38,0.167,13.45,0.15,12.56,0.133,12.09,0.116,11.25,0.099,10.46,0.074,9.68,0.049,8.9
apce_9x4.5,apce,2,9.0,4.5,apce_9x4.5_static_rd0995.txt,3972.0,0.0956,0.0383,1.4015702293120043,142.92038864566436,8.497476286355326,0.1649395870115638,16.819157103757533,0.157,34.8,0.163,36.5,0.187,34.26,0.206,29.64,0.217,25.62,0.222,22.53,0.222,20.25,0.217,18.37,0.209,16.83,0.197,15.51,0.183,14.38,0.167,13.45,0.15,12.56,0.133,12.09,0.116,11.25,0.099,10.46,0.074,9.68,0.049,8.9
apce_9x4.5,apce,2,9.0,4.5,apce_9x4.5_static_rd0995.txt,4271.0,0.0961,0.0383,1.6289997688838767,166.11174752681873,10.564548861777833,0.1541949202182727,15.723506010541083,0.157,34.8,0.163,36.5,0.187,34.26,0.206,29.64,0.217,25.62,0.222,22.53,0.222,20.25,0.217,18.37,0.209,16.83,0.197,15.51,0.183,14.38,0.167,13.45,0.15,12.56,0.133,12.09,0.116,11.25,0.099,10.46,0.074,9.68,0.049,8.9
apce_9x4.5,apce,2,9.0,4.5,apce_9x4.5_static_rd0995.txt,4569.0,0.0971,0.0385,1.8836492551286879,192.07876850185212,13.001326701613719,0.1448813108353696,14.773782161632118,0.157,34.8,0.163,36.5,0.187,34.26,0.206,29.64,0.217,25.62,0.222,22.53,0.222,20.25,0.217,18.37,0.209,16.83,0.197,15.51,0.183,14.38,0.167,13.45,0.15,12.56,0.133,12.09,0.116,11.25,0.099,10.46,0.074,9.68,0.049,8.9
apce_9x4.5,apce,2,9.0,4.5,apce_9x4.5_static_rd0995.txt,4830.0,0.0978,0.0384,2.120174508059564,216.1976320210841,15.31919994097257,0.13839981958776892,14.112853990686824,0.157,34.8,0.163,36.5,0.187,34.26,0.206,29.64,0.217,25.62,0.222,22.53,0.222,20.25,0.217,18.37,0.209,16.83,0.197,15.51,0.183,14.38,0.167,13.45,0.15,12.56,0.133,12.09,0.116,11.25,0.099,10.46,0.074,9.68,0.049,8.9
apce_9x4.5,apce,2,9.0,4.5,apce_9x4.5_static_rd0995.txt,5157.0,0.0985,0.0386,2.434271337482383,248.22659496182519,18.743132129018022,0.1298753762565466,13.243602683540926,0.157,34.8,0.163,36.5,0.187,34.26,0.206,29.64,0.217,25.62,0.222,22.53,0.222,20.25,0.217,18.37,0.209,16.83,0.197,15.51,0.183,14.38,0.167,13.45,0.15,12.56,0.133,12.09,0.116,11.25,0.099,10.46,0.074,9.68,0.049,8.9
apce_9x4.5,apce,2,9.0,4.5,apce_9x4.5_static_rd0995.txt,5450.0,0.0989,0.0386,2.729780884882465,278.36018261918855,22.12280948541839,0.12339214360100696,12.582496938404754,0.157,34.8,0.163,36.5,0.187,34.26,0.206,29.64,0.217,25.62,0.222,22.53,0.222,20.25,0.217,18.37,0.209,16.83,0.197,15.51,0.183,14.38,0.167,13.45,0.15,12.56,0.133,12.09,0.116,11.25,0.099,10.46,0.074,9.68,0.049,8.9
apce_9x4.5,apce,2,9.0,4.5,apce_9x4.5_static_rd0995.txt,5731.0,0.0992,0.0386,3.027687035747138,308.7381558174441,25.724207132912795,0.11769797296777978,12.001853126988298,0.157,34.8,0.163,36.5,0.187,34.26,0.206,29.64,0.217,25.62,0.222,22.53,0.222,20.25,0.217,18.37,0.209,16.83,0.197,15.51,0.183,14.38,0.167,13.45,0.15,12.56,0.133,12.09,0.116,11.25,0.099,10.46,0.074,9.68,0.049,8.9
apce_9x4.5,apce,2,9.0,4.5,apce_9x4.5_static_rd0995.txt,6043.0,0.0996,0.0387,3.379893524590557,344.6532225164105,30.23654854441963,0.11178172401606136,11.398563629380204,0.157,34.8,0.163,36.5,0.187,34.26,0.206,29.64,0.217,25.62,0.222,22.53,0.222,20.25,0.217,18.37,0.209,16.83,0.197,15.51,0.183,14.38,0.167,13.45,0.15,12.56,0.133,12.09,0.116,11.25,0.099,10.46,0.074,9.68,0.049,8.9
apce_9x4.5,apce,2,9.0,4.5,apce_9x4.5_static_rd0995.txt,6335.0,0.1001,0.0388,3.7330672020106013,380.66691500263613,34.92489033542901,0.10688844449208332,10.89958798285687,0.157,34.8,0.163,36.5,0.187,34.26,0.206,29.64,0.217,25.62,0.222,22.53,0.222,20.25,0.217,18.37,0.209,16.83,0.197,15.51,0.183,14.38,0.167,13.45,0.15,12.56,0.133,12.09,0.116,11.25,0.099,10.46,0.074,9.68,0.049,8.9
apce_9x4.5,apce,2,9.0,4.5,apce_9x4.5_static_rd0995.txt,6641.0,0.1005,0.0389,4.118807685130878,420.00149746660463,40.33792088809093,0.10210758498331242,10.412075987550534,0.157,34.8,0.163,36.5,0.187,34.26,0.206,29.64,0.217,25.62,0.222,22.53,0.222,20.25,0.217,18.37,0.209,16.83,0.197,15.51,0.183,14.38,0.167,13.45,0.15,12.56,0.133,12.09,0.116,11.25,0.099,10.46,0.074,9.68,0.049,8.9
apce_9x4.5,apce,2,9.0,4.5,apce_9x4.5_static_rd0995.txt,6922.0,0.1012,0.0392,4.50590669665933,459.47461127493386,46.030354514954645,0.09788989774552835,9.981991581786682,0.157,34.8,0.163,36.5,0.187,34.26,0.206,29.64,0.217,25.62,0.222,22.53,0.222,20.25,0.217,18.37,0.209,16.83,0.197,15.51,0.183,14.38,0.167,13.45,0.15,12.56,0.133,12.09,0.116,11.25,0.099,10.46,0.074,9.68,0.049,8.9
apce_9x6,apce,2,9.0,6.0,apce_9x6_static_rd0987.txt,2333.0,0.1096,0.0541,0.5543429439483776,56.52724874940756,2.4322317272662257,0.22791534940276711,23.240897697253104,0.141,31.67,0.147,37.59,0.183,38.78,0.207,35.9,0.218,32.07,0.223,28.5,0.222,25.81,0.217,23.58,0.209,21.66,0.197,19.99,0.183,18.58,0.167,17.29,0.15,16.37,0.132,15.46,0.114,14.3,0.098,13.4,0.075,12.02,0.051,10.61
apce_9x6,apce,2,9.0,6.0,apce_9x6_static_rd0987.txt,2620.0,0.1095,0.0528,0.6984819601688764,71.22533792568069,3.362027522225768,0.20775616961828422,21.185233450595693,0.141,31.67,0.147,37.59,0.183,38.78,0.207,35.9,0.218,32.07,0.223,28.5,0.222,25.81,0.217,23.58,0.209,21.66,0.197,19.99,0.183,18.58,0.167,17.29,0.15,16.37,0.132,15.46,0.114,14.3,0.098,13.4,0.075,12.02,0.051,10.61
apce_9x6,apce,2,9.0,6.0,apce_9x6_static_rd0987.txt,2901.0,0.1117,0.0526,0.8735487023112457,89.07717745726072,4.546659158315659,0.1921297972630211,19.591786926526503,0.141,31.67,0.147,37.59,0.183,38.78,0.207,35.9,0.218,32.07,0.223,28.5,0.222,25.81,0.217,23.58,0.209,21.66,0.197,19.99,0.183,18.58,0.167,17.29,0.15,16.37,0.132,15.46,0.114,14.3,0.098,13.4,0.075,12.02,0.051,10.61
apce_9x6,apce,2,9.0,6.0,apce_9x6_static_rd0987.txt,3145.0,0.1121,0.0526,1.0303514920364674,105.06661214955847,5.793101814456507,0.17785834342929327,18.136503640824674,0.141,31.67,0.147,37.59,0.183,38.78,0.207,35.9,0.218,32.07,0.223,28.5,0.222,25.81,0.217,23.58,0.209,21.66,0.197,19.99,0.183,18.58,0.167,17.29,0.15,16.37,0.132,15.46,0.114,14.3,0.098,13.4,0.075,12.02,0.051,10.61
apce_9x6,apce,2,9.0,6.0,apce_9x6_static_rd0987.txt,3476.0,0.1132,0.0525,1.2709967925300234,129.60560359858093,7.80660264830515,0.16281048873493809,16.602049500587672,0.141,31.67,0.147,37.59,0.183,38.78,0.207,35.9,0.218,32.07,0.223,28.5,0.222,25.81,0.217,23.58,0.209,21.66,0.197,19.99,0.183,18.58,0.167,17.29,0.15,16.37,0.132,15.46,0.114,14.3,0.098,13.4,0.075,12.02,0.051,10.61
apce_9x6,apce,2,9.0,6.0,apce_9x6_static_rd0987.txt,3779.0,0.1137,0.0522,1.5088731855803506,153.8622450663938,9.973891663541428,0.15128229145458708,15.426500533269474,0.141,31.67,0.147,37.59,0.183,38.78,0.207,35.9,0.218,32.07,0.223,28.5,0.222,25.81,0.217,23.58,0.209,21.66,0.197,19.99,0.183,18.58,0.167,17.29,0.15,16.37,0.132,15.46,0.114,14.3,0.098,13.4,0.075,12.02,0.051,10.61
apce_9x6,apce,2,9.0,6.0,apce_9x6_static_rd0987.txt,4079.0,0.1139,0.0521,1.761041647541671,179.57627197276045,12.518788639445933,0.14067188913092893,14.344540605704186,0.141,31.67,0.147,37.59,0.183,38.78,0.207,35.9,0.218,32.07,0.223,28.5,0.222,25.81,0.217,23.58,0.209,21.66,0.197,19.99,0.183,18.58,0.167,17.29,0.15,16.37,0.132,15.46,0.114,14.3,0.098,13.4,0.075,12.02,0.051,10.61
apce_9x6,apce,2,9.0,6.0,apce_9x6_static_rd0987.txt,4353.0,0.1141,0.0518,2.009099617176665,204.87114531227942,15.127223693427803,0.13281350615906748,13.543208553284506,0.141,31.67,0.147,37.59,0.183,38.78,0.207,35.9,0.218,32.07,0.223,28.5,0.222,25.81,0.217,23.58,0.209,21.66,0.197,19.99,0.183,18.58,0.167,17.29,0.15,16.37,0.132,15.46,0.114,14.3,0.098,13.4,0.075,12.02,0.051,10.61
apce_9x6,apce,2,9.0,6.0,apce_9x6_static_rd0987.txt,4667.0,0.1142,0.0515,2.311427084327916,235.6999673005477,18.5346376286777,0.12470851228035679,12.71672918686369,0.141,31.67,0.147,37.59,0.183,38.78,0.207,35.9,0.218,32.07,0.223,28.5,0.222,25.81,0.217,23.58,0.209,21.66,0.197,19.99,0.183,18.58,0.167,17.29,0.15,16.37,0.132,15.46,0.114,14.3,0.098,13.4,0.075,12.02,0.051,10.61
apce_9x6,apce,2,9.0,6.0,apce_9x6_static_rd0987.txt,4963.0,0.1145,0.0514,2.6207918482166233,267.2463938466881,22.246383130467564,0.11780754798865772,12.013026669520961,0.141,31.67,0.147,37.59,0.183,38.78,0.207,35.9,0.218,32.07,0.223,28.5,0.222,25.81,0.217,23.58,0.209,21.66,0.197,19.99,0.183,18.58,0.167,17.29,0.15,16.37,0.132,15.46,0.114,14.3,0.098,13.4,0.075,12.02,0.051,10.61
apce_9x6,apce,2,9.0,6.0,apce_9x6_static_rd0987.txt,5251.0,0.1151,0.0514,2.94915672362354,300.73029256917914,26.348302551536047,0.11192966673489221,11.41364958827859,0.141,31.67,0.147,37.59,0.183,38.78,0.207,35.9,0.218,32.07,0.223,28.5,0.222,25.81,0.217,23.58,0.209,21.66,0.197,19.99,0.183,18.58,0.167,17.29,0.15,16.37,0.132,15.46,0.114,14.3,0.098,13.4,0.075,12.02,0.051,10.61
apce_9x6,apce,2,9.0,6.0,apce_9x6_static_rd0987.txt,5537.0,0.1158,0.0515,3.2991047007807905,336.4150551697869,30.952395599467383,0.1065864091255528,10.86878894684248,0.141,31.67,0.147,37.59,0.183,38.78,0.207,35.9,0.218,32.07,0.223,28.5,0.222,25.81,0.217,23.58,0.209,21.66,0.197,19.99,0.183,18.58,0.167,17.29,0.15,16.37,0.132,15.46,0.114,14.3,0.098,13.4,0.075,12.02,0.051,10.61
apce_9x6,apce,2,9.0,6.0,apce_9x6_static_rd0987.txt,5841.0,0.1159,0.0515,3.6744838304871785,374.69307362730177,36.335598295696315,0.1011262784386956,10.312010568205821,0.141,31.67,0.147,37.59,0.183,38.78,0.207,35.9,0.218,32.07,0.223,28.5,0.222,25.81,0.217,23.58,0.209,21.66,0.197,19.99,0.183,18.58,0.167,17.29,0.15,16.37,0.132,15.46,0.114,14.3,0.098,13.4,0.075,12.02,0.051,10.61
apce_9x6,apce,2,9.0,6.0,apce_9x6_static_rd0987.txt,6108.0,0.116,0.0513,4.021559866529757,410.0849797361747,41.388331423629914,0.09716651356072115,9.90822692364071,0.141,31.67,0.147,37.59,0.183,38.78,0.207,35.9,0.218,32.07,0.223,28.5,0.222,25.81,0.217,23.58,0.209,21.66,0.197,19.99,0.183,18.58,0.167,17.29,0.15,16.37,0.132,15.46,0.114,14.3,0.098,13.4,0.075,12.02,0.051,10.61
apce_9x6,apce,2,9.0,6.0,apce_9x6_static_rd0987.txt,6415.0,0.1165,0.0515,4.455102895058177,454.2940652575729,48.134967067492575,0.09255439790394876,9.437922012506695,0.141,31.67,0.147,37.59,0.183,38.78,0.207,35.9,0.218,32.07,0.223,28.5,0.222,25.81,0.217,23.58,0.209,21.66,0.197,19.99,0.183,18.58,0.167,17.29,0.15,16.37,0.132,15.46,0.114,14.3,0.098,13.4,0.075,12.02,0.051,10.61
apce_9x6,apce,2,9.0,6.0,apce_9x6_static_rd0987.txt,6717.0,0.1169,0.0516,4.901214389960215,499.7847776723158,55.36549847433098,0.08852470446432552,9.027007639135233,0.141,31.67,0.147,37.59,0.183,38.78,0.207,35.9,0.218,32.07,0.223,28.5,0.222,25.81,0.217,23.58,0.209,21.66,0.197,19.99,0.183,18.58,0.167,17.29,0.15,16.37,0.132,15.46,0.114,14.3,0.098,13.4,0.075,12.02,0.051,10.61
apcsf_10x4.7,apcsf,2,10.0,4.7,apcsf_10x4.7_static_kt0835.txt,2377.0,0.1059,0.0431,0.8474669648999797,86.41758040717063,3.4706892929060333,0.2441782866107238,24.899255771412648,0.109,21.11,0.132,23.9,0.156,24.65,0.176,24.11,0.193,22.78,0.206,21.01,0.216,19.0,0.223,17.06,0.226,15.33,0.225,13.82,0.219,12.51,0.21,11.36,0.197,10.27,0.179,9.32,0.157,8.36,0.13,7.27,0.087,6.15,0.042,5.04
apcsf_10x4.7,apcsf,2,10.0,4.7,apcsf_10x4.7_static_kt0835.txt,2676.0,0.1079,0.0437,1.0943648042133949,111.59415337688151,5.021005359034567,0.21795730654703344,22.225459922301038,0.109,21.11,0.132,23.9,0.156,24.65,0.176,24.11,0.193,22.78,0.206,21.01,0.216,19.0,0.223,17.06,0.226,15.33,0.225,13.82,0.219,12.51,0.21,11.36,0.197,10.27,0.179,9.32,0.157,8.36,0.13,7.27,0.087,6.15,0.042,5.04
apcsf_10x4.7,apcsf,2,10.0,4.7,apcsf_10x4.7_static_kt0835.txt,2947.0,0.1079,0.0437,1.3272421665588223,135.3410355787983,6.7061423082003815,0.19791440526632556,20.181652783195645,0.109,21.11,0.132,23.9,0.156,24.65,0.176,24.11,0.193,22.78,0.206,21.01,0.216,19.0,0.223,17.06,0.226,15.33,0.225,13.82,0.219,12.51,0.21,11.36,0.197,10.27,0.179,9.32,0.157,8.36,0.13,7.27,0.087,6.15,0.042,5.04
apcsf_10x4.7,apcsf,2,10.0,4.7,apcsf_10x4.7_static_kt0835.txt,3234.0,0.1104,0.0444,1.6353757702358795,166.76191872207937,9.00438254608347,0.1816199791452885,18.52008373351639,0.109,21.11,0.132,23.9,0.156,24.65,0.176,24.11,0.193,22.78,0.206,21.01,0.216,19.0,0.223,17.06,0.226,15.33,0.225,13.82,0.219,12.51,0.21,11.36,0.197,10.27,0.179,9.32,0.157,8.36,0.13,7.27,0.087,6.15,0.042,5.04
apcsf_10x4.7,apcsf,2,10.0,4.7,apcsf_10x4.7_static_kt0835.txt,3494.0,0.1117,0.045,1.9313786612930257,196.9458134320105,11.508855475445541,0.16781674471572564,17.112545539580353,0.109,21.11,0.132,23.9,0.156,24.65,0.176,24.11,0.193,22.78,0.206,21.01,0.216,19.0,0.223,17.06,0.226,15.33,0.225,13.82,0.219,12.51,0.21,11.36,0.197,10.27,0.179,9.32,0.157,8.36,0.13,7.27,0.087,6.15,0.042,5.04
apcsf_10x4.7,apcsf,2,10.0,4.7,apcsf_10x4.7_static_kt0835.txt,3762.0,0.1143,0.046,2.291143374733035,233.63160454722413,14.684701603122265,0.1560224672352819,15.909863942863456,0.109,21.11,0.132,23.9,0.156,24.65,0.176,24.11,0.193,22.78,0.206,21.01,0.216,19.0,0.223,17.06,0.226,15.33,0.225,13.82,0.219,12.51,0.21,11.36,0.197,10.27,0.179,9.32,0.157,8.36,0.13,7.27,0.087,6.15,0.042,5.04
apcsf_10x4.7,apcsf,2,10.0,4.7,apcsf_10x4.7_static_kt0835.txt,4029.0,0.1158,0.0466,2.6623892348544005,271.48814680389336,18.273790410472948,0.14569441670560862,14.856695885507145,0.109,21.11,0.132,23.9,0.156,24.65,0.176,24.11,0.193,22.78,0.206,21.01,0.216,19.0,0.223,17.06,0.226,15.33,0.225,13.82,0.219,12.51,0.21,11.36,0.197,10.27,0.179,9.32,0.157,8.36,0.13,7.27,0.087,6.15,0.042,5.04
apcsf_10x4.7,apcsf,2,10.0,4.7,apcsf_10x4.7_static_kt0835.txt,4319.0,0.1177,0.0474,3.1096486729213515,317.09591684432013,22.897015306691358,0.13581021942246754,13.84878826331801,0.109,21.11,0.132,23.9,0.156,24.65,0.176,24.11,0.193,22.78,0.206,21.01,0.216,19.0,0.223,17.06,0.226,15.33,0.225,13.82,0.219,12.51,0.21,11.36,0.197,10.27,0.179,9.32,0.157,8.36,0.13,7.27,0.087,6.15,0.042,5.04
apcsf_10x4.7,apcsf,2,10.0,4.7,apcsf_10x4.7_static_kt0835.txt,4590.0,0.12,0.0484,3.5807588298873716,365.13578336000285,28.06301567882842,0.1275970790476664,13.011281023353176,0.109,21.11,0.132,23.9,0.156,24.65,0.176,24.11,0.193,22.78,0.206,21.01,0.216,19.0,0.223,17.06,0.226,15.33,0.225,13.82,0.219,12.51,0.21,11.36,0.197,10.27,0.179,9.32,0.157,8.36,0.13,7.27,0.087,6.15,0.042,5.04
apcsf_10x4.7,apcsf,2,10.0,4.7,apcsf_10x4.7_static_kt0835.txt,4880.0,0.1223,0.0494,4.125100706161156,420.6432070239232,34.42209791069273,0.11983873606029553,12.220150210346606,0.109,21.11,0.132,23.9,0.156,24.65,0.176,24.11,0.193,22.78,0.206,21.01,0.216,19.0,0.223,17.06,0.226,15.33,0.225,13.82,0.219,12.51,0.21,11.36,0.197,10.27,0.179,9.32,0.157,8.36,0.13,7.27,0.087,6.15,0.042,5.04
apcsf_10x4.7,apcsf,2,10.0,4.7,apcsf_10x4.7_static_kt0835.txt,5147.0,0.1237,0.05,4.641373203202214,473.28835057865984,40.87741552632697,0.11354370484144116,11.578235670839804,0.109,21.11,0.132,23.9,0.156,24.65,0.176,24.11,0.193,22.78,0.206,21.01,0.216,19.0,0.223,17.06,0.226,15.33,0.225,13.82,0.219,12.51,0.21,11.36,0.197,10.27,0.179,9.32,0.157,8.36,0.13,7.27,0.087,6.15,0.042,5.04
apcsf_10x4.7,apcsf,2,10.0,4.7,apcsf_10x4.7_static_kt0835.txt,5417.0,0.1252,0.0508,5.203438841552756,530.6030949970435,48.41624897906982,0.10747298585237747,10.959194613081682,0.109,21.11,0.132,23.9,0.156,24.65,0.176,24.11,0.193,22.78,0.206,21.01,0.216,19.0,0.223,17.06,0.226,15.33,0.225,13.82,0.219,12.51,0.21,11.36,0.197,10.27,0.179,9.32,0.157,8.36,0.13,7.27,0.087,6.15,0.042,5.04
apcsf_10x4.7,apcsf,2,10.0,4.7,apcsf_10x4.7_static_kt0835.txt,5715.0,0.1263,0.0513,5.842574709105559,595.7768156409742,57.41389225518161,0.10176238676064095,10.376875565115606,0.109,21.11,0.132,23.9,0.156,24.65,0.176,24.11,0.193,22.78,0.206,21.01,0.216,19.0,0.223,17.06,0.226,15.33,0.225,13.82,0.219,12.51,0.21,11.36,0.197,10.27,0.179,9.32,0.157,8.36,0.13,7.27,0.087,6.15,0.042,5.04
apcsf_10x4.7,apcsf,2,10.0,4.7,apcsf_10x4.7_static_kt0835.txt,5960.0,0.1278,0.052,6.4297165495269875,655.6486210405172,66.00746338934125,0.09740893255663638,9.932946781687567,0.109,21.11,0.132,23.9,0.156,24.65,0.176,24.11,0.193,22.78,0.206,21.01,0.216,19.0,0.223,17.06,0.226,15.33,0.225,13.82,0.219,12.51,0.21,11.36,0.197,10.27,0.179,9.32,0.157,8.36,0.13,7.27,0.087,6.15,0.042,5.04
apcsf_10x4.7,apcsf,2,10.0,4.7,apcsf_10x4.7_static_kt0835.txt,6226.0,0.1286,0.0524,7.0603731662847915,719.9576987334913,75.8245002608534,0.09311466797665022,9.495053660184693,0.109,21.11,0.132,23.9,0.156,24.65,0.176,24.11,0.193,22.78,0.206,21.01,0.216,19.0,0.223,17.06,0.226,15.33,0.225,13.82,0.219,12.51,0.21,11.36,0.197,10.27,0.179,9.32,0.157,8.36,0.13,7.27,0.087,6.15,0.042,5.04
apcsf_10x4.7,apcsf,2,10.0,4.7,apcsf_10x4.7_static_kt0835.txt,6528.0,0.1299,0.0531,7.8403941684020815,799.4977049657205,88.56984384135028,0.08852216316928478,9.026748499159732,0.109,21.11,0.132,23.9,0.156,24.65,0.176,24.11,0.193,22.78,0.206,21.01,0.216,19.0,0.223,17.06,0.226,15.33,0.225,13.82,0.219,12.51,0.21,11.36,0.197,10.27,0.179,9.32,0.157,8.36,0.13,7.27,0.087,6.15,0.042,5.04
apcsf_10x7,apcsf,2,10.0,7.0,apcsf_10x7_static_kt0827.txt,2283.0,0.1409,0.0678,1.0401387364408972,106.06463332951591,4.837247947226735,0.2150269632213548,21.926648062422423,0.109,34.86,0.132,37.6,0.155,36.15,0.175,33.87,0.192,31.25,0.206,28.48,0.216,25.6,0.222,22.79,0.225,20.49,0.224,18.7,0.219,17.14,0.21,15.64,0.197,14.38,0.18,13.11,0.159,11.83,0.133,10.65,0.092,9.53,0.049,8.43
apcsf_10x7,apcsf,2,10.0,7.0,apcsf_10x7_static_kt0827.txt,2586.0,0.1424,0.0676,1.3487625067027789,137.53549955415752,7.00943767003759,0.1924209287812307,19.621474079449225,0.109,34.86,0.132,37.6,0.155,36.15,0.175,33.87,0.192,31.25,0.206,28.48,0.216,25.6,0.222,22.79,0.225,20.49,0.224,18.7,0.219,17.14,0.21,15.64,0.197,14.38,0.18,13.11,0.159,11.83,0.133,10.65,0.092,9.53,0.049,8.43
apcsf_10x7,apcsf,2,10.0,7.0,apcsf_10x7_static_kt0827.txt,2834.0,0.1431,0.0678,1.627825247160227,165.9919796424087,9.252948654889984,0.17592502756404646,17.93936028756471,0.109,34.86,0.132,37.6,0.155,36.15,0.175,33.87,0.192,31.25,0.206,28.48,0.216,25.6,0.222,22.79,0.225,20.49,0.224,18.7,0.219,17.14,0.21,15.64,0.197,14.38,0.18,13.11,0.159,11.83,0.133,10.65,0.092,9.53,0.049,8.43
apcsf_10x7,apcsf,2,10.0,7.0,apcsf_10x7_static_kt0827.txt,3029.0,0.1447,0.0686,1.880336308621218,191.74094197521254,11.430700778060459,0.1644987779078467,16.774207084768673,0.109,34.86,0.132,37.6,0.155,36.15,0.175,33.87,0.192,31.25,0.206,28.48,0.216,25.6,0.222,22.79,0.225,20.49,0.224,18.7,0.219,17.14,0.21,15.64,0.197,14.38,0.18,13.11,0.159,11.83,0.133,10.65,0.092,9.53,0.049,8.43
apcsf_10x7,apcsf,2,10.0,7.0,apcsf_10x7_static_kt0827.txt,3300.0,0.1472,0.0703,2.2704092325918084,231.51731045686435,15.14774778291659,0.149884277526217,15.28394278639668,0.109,34.86,0.132,37.6,0.155,36.15,0.175,33.87,0.192,31.25,0.206,28.48,0.216,25.6,0.222,22.79,0.225,20.49,0.224,18.7,0.219,17.14,0.21,15.64,0.197,14.38,0.18,13.11,0.159,11.83,0.133,10.65,0.092,9.53,0.049,8.43
apcsf_10x7,apcsf,2,10.0,7.0,apcsf_10x7_static_kt0827.txt,3540.0,0.1481,0.0707,2.628633491677986,268.04601894408245,18.805293696788937,0.13978157076732248,14.253753398696038,0.109,34.86,0.132,37.6,0.155,36.15,0.175,33.87,0.192,31.25,0.206,28.48,0.216,25.6,0.222,22.79,0.225,20.49,0.224,18.7,0.219,17.14,0.21,15.64,0.197,14.38,0.18,13.11,0.159,11.83,0.133,10.65,0.092,9.53,0.049,8.43
apcsf_10x7,apcsf,2,10.0,7.0,apcsf_10x7_static_kt0827.txt,3730.0,0.149,0.0713,2.9361104343876376,299.3999413038742,22.185383782371286,0.13234436073721198,13.495369033993462,0.109,34.86,0.132,37.6,0.155,36.15,0.175,33.87,0.192,31.25,0.206,28.48,0.216,25.6,0.222,22.79,0.225,20.49,0.224,18.7,0.219,17.14,0.21,15.64,0.197,14.38,0.18,13.11,0.159,11.83,0.133,10.65,0.092,9.53,0.049,8.43
apcsf_10x7,apcsf,2,10.0,7.0,apcsf_10x7_static_kt0827.txt,4034.0,0.1512,0.0725,3.48491374479852,355.36230464006775,28.53623079658452,0.1221224263863056,12.453021815431939,0.109,34.86,0.132,37.6,0.155,36.15,0.175,33.87,0.192,31.25,0.206,28.48,0.216,25.6,0.222,22.79,0.225,20.49,0.224,18.7,0.219,17.14,0.21,15.64,0.197,14.38,0.18,13.11,0.159,11.83,0.133,10.65,0.092,9.53,0.049,8.43
apcsf_10x7,apcsf,2,10.0,7.0,apcsf_10x7_static_kt0827.txt,4280.0,0.1523,0.0735,3.951444584970866,402.9352107978633,34.55171165848045,0.1143632079367916,11.661801730131248,0.109,34.86,0.132,37.6,0.155,36.15,0.175,33.87,0.192,31.25,0.206,28.48,0.216,25.6,0.222,22.79,0.225,20.49,0.224,18.7,0.219,17.14,0.21,15.64,0.197,14.38,0.18,13.11,0.159,11.83,0.133,10.65,0.092,9.53,0.049,8.43
apcsf_10x7,apcsf,2,10.0,7.0,apcsf_10x7_static_kt0827.txt,4523.0,0.1535,0.0743,4.447643915160656,453.5334609841951,41.22109247741892,0.10789728383829451,11.002460966619031,0.109,34.86,0.132,37.6,0.155,36.15,0.175,33.87,0.192,31.25,0.206,28.48,0.216,25.6,0.222,22.79,0.225,20.49,0.224,18.7,0.219,17.14,0.21,15.64,0.197,14.38,0.18,13.11,0.159,11.83,0.133,10.65,0.092,9.53,0.049,8.43
apcsf_10x7,apcsf,2,10.0,7.0,apcsf_10x7_static_kt0827.txt,4782.0,0.1545,0.0751,5.003985951217792,510.2645603970563,49.24017332702027,0.10162405233597913,10.362769379551542,0.109,34.86,0.132,37.6,0.155,36.15,0.175,33.87,0.192,31.25,0.206,28.48,0.216,25.6,0.222,22.79,0.225,20.49,0.224,18.7,0.219,17.14,0.21,15.64,0.197,14.38,0.18,13.11,0.159,11.83,0.133,10.65,0.092,9.53,0.049,8.43
apcsf_10x7,apcsf,2,10.0,7.0,apcsf_10x7_static_kt0827.txt,5015.0,0.1564,0.0763,5.571178556645674,568.1021099606568,57.70165511908302,0.09655145151639126,9.845508049781655,0.109,34.86,0.132,37.6,0.155,36.15,0.175,33.87,0.192,31.25,0.206,28.48,0.216,25.6,0.222,22.79,0.225,20.49,0.224,18.7,0.219,17.14,0.21,15.64,0.197,14.38,0.18,13.11,0.159,11.83,0.133,10.65,0.092,9.53,0.049,8.43
apcsf_10x7,apcsf,2,10.0,7.0,apcsf_10x7_static_kt0827.txt,5248.0,0.1575,0.0772,6.143794280108155,626.4926636627346,66.90363278860431,0.09183050342753027,9.364105319097783,0.109,34.86,0.132,37.6,0.155,36.15,0.175,33.87,0.192,31.25,0.206,28.48,0.216,25.6,0.222,22.79,0.225,20.49,0.224,18.7,0.219,17.14,0.21,15.64,0.197,14.38,0.18,13.11,0.159,11.83,0.133,10.65,0.092,9.53,0.049,8.43
apcsf_10x7,apcsf,2,10.0,7.0,apcsf_10x7_static_kt0827.txt,5541.0,0.158,0.0778,6.870713536314187,700.6177987706493,79.35877733688308,0.08657786532102894,8.828485295287274,0.109,34.86,0.132,37.6,0.155,36.15,0.175,33.87,0.192,31.25,0.206,28.48,0.216,25.6,0.222,22.79,0.225,20.49,0.224,18.7,0.219,17.14,0.21,15.64,0.197,14.38,0.18,13.11,0.159,11.83,0.133,10.65,0.092,9.53,0.049,8.43
apcsf_10x7,apcsf,2,10.0,7.0,apcsf_10x7_static_kt0827.txt,5759.0,0.1598,0.079,7.506532797405742,765.4533196765199,90.47305336694728,0.08296981828346384,8.460566889148062,0.109,34.86,0.132,37.6,0.155,36.15,0.175,33.87,0.192,31.25,0.206,28.48,0.216,25.6,0.222,22.79,0.225,20.49,0.224,18.7,0.219,17.14,0.21,15.64,0.197,14.38,0.18,13.11,0.159,11.83,0.133,10.65,0.092,9.53,0.049,8.43
apcsf_10x7,apcsf,2,10.0,7.0,apcsf_10x7_static_kt0827.txt,5987.0,0.1606,0.0797,8.153282900951385,831.4034763095844,102.55031919599465,0.07950519281533189,8.107273412973024,0.109,34.86,0.132,37.6,0.155,36.15,0.175,33.87,0.192,31.25,0.206,28.48,0.216,25.6,0.222,22.79,0.225,20.49,0.224,18.7,0.219,17.14,0.21,15.64,0.197,14.38,0.18,13.11,0.159,11.83,0.133,10.65,0.092,9.53,0.049,8.43
apcsf_11x3.8,apcsf,2,11.0,3.8,apcsf_11x3.8_static_kt0542.txt,2154.0,0.078,0.0289,0.7504559334078434,76.52520824214625,2.7890049565424366,0.26907658648918026,27.43817577757749,0.112,33.43,0.135,31.77,0.157,26.41,0.177,21.94,0.194,18.66,0.208,16.16,0.218,14.19,0.225,12.62,0.228,11.31,0.227,10.19,0.222,9.23,0.214,8.3,0.202,7.43,0.185,6.65,0.165,6.11,0.14,5.65,0.1,5.47,0.06,5.31
apcsf_11x3.8,apcsf,2,11.0,3.8,apcsf_11x3.8_static_kt0542.txt,2486.0,0.0794,0.029,1.017564497292008,103.76270156393957,4.302448863571566,0.23650821417254525,24.117126049420065,0.112,33.43,0.135,31.77,0.157,26.41,0.177,21.94,0.194,18.66,0.208,16.16,0.218,14.19,0.225,12.62,0.228,11.31,0.227,10.19,0.222,9.23,0.214,8.3,0.202,7.43,0.185,6.65,0.165,6.11,0.14,5.65,0.1,5.47,0.06,5.31
apcsf_11x3.8,apcsf,2,11.0,3.8,apcsf_11x3.8_static_kt0542.txt,2775.0,0.0801,0.0289,1.2790799345900556,130.42985469962278,5.963499011104349,0.2144848070249264,21.87136351607597,0.112,33.43,0.135,31.77,0.157,26.41,0.177,21.94,0.194,18.66,0.208,16.16,0.218,14.19,0.225,12.62,0.228,11.31,0.227,10.19,0.222,9.23,0.214,8.3,0.202,7.43,0.185,6.65,0.165,6.11,0.14,5.65,0.1,5.47,0.06,5.31
apcsf_11x3.8,apcsf,2,11.0,3.8,apcsf_11x3.8_static_kt0542.txt,3064.0,0.0812,0.0291,1.5807847814119036,161.19518708344887,8.083019347161024,0.19556860048431263,19.942447266325672,0.112,33.43,0.135,31.77,0.157,26.41,0.177,21.94,0.194,18.66,0.208,16.16,0.218,14.19,0.225,12.62,0.228,11.31,0.227,10.19,0.222,9.23,0.214,8.3,0.202,7.43,0.185,6.65,0.165,6.11,0.14,5.65,0.1,5.47,0.06,5.31
apcsf_11x3.8,apcsf,2,11.0,3.8,apcsf_11x3.8_static_kt0542.txt,3358.0,0.0828,0.0299,1.9361139558200897,197.4286790922578,10.932704511336683,0.17709377892839176,18.05853975908101,0.112,33.43,0.135,31.77,0.157,26.41,0.177,21.94,0.194,18.66,0.208,16.16,0.218,14.19,0.225,12.62,0.228,11.31,0.227,10.19,0.222,9.23,0.214,8.3,0.202,7.43,0.185,6.65,0.165,6.11,0.14,5.65,0.1,5.47,0.06,5.31
apcsf_11x3.8,apcsf,2,11.0,3.8,apcsf_11x3.8_static_kt0542.txt,3647.0,0.0836,0.03,2.3057753876176044,235.12365462391384,14.052153690887605,0.16408697473276496,16.73221484735001,0.112,33.43,0.135,31.77,0.157,26.41,0.177,21.94,0.194,18.66,0.208,16.16,0.218,14.19,0.225,12.62,0.228,11.31,0.227,10.19,0.222,9.23,0.214,8.3,0.202,7.43,0.185,6.65,0.165,6.11,0.14,5.65,0.1,5.47,0.06,5.31
apcsf_11x3.8,apcsf,2,11.0,3.8,apcsf_11x3.8_static_kt0542.txt,3934.0,0.0852,0.0305,2.7343084272630795,278.82186345623427,17.931526094328444,0.1524860969936024,15.549254535810132,0.112,33.43,0.135,31.77,0.157,26.41,0.177,21.94,0.194,18.66,0.208,16.16,0.218,14.19,0.225,12.62,0.228,11.31,0.227,10.19,0.222,9.23,0.214,8.3,0.202,7.43,0.185,6.65,0.165,6.11,0.14,5.65,0.1,5.47,0.06,5.31
apcsf_11x3.8,apcsf,2,11.0,3.8,apcsf_11x3.8_static_kt0542.txt,4205.0,0.0861,0.0307,3.1569982908170044,321.9242341489708,22.04198600546853,0.14322658085499942,14.605046662723707,0.112,33.43,0.135,31.77,0.157,26.41,0.177,21.94,0.194,18.66,0.208,16.16,0.218,14.19,0.225,12.62,0.228,11.31,0.227,10.19,0.222,9.23,0.214,8.3,0.202,7.43,0.185,6.65,0.165,6.11,0.14,5.65,0.1,5.47,0.06,5.31
apcsf_11x3.8,apcsf,2,11.0,3.8,apcsf_11x3.8_static_kt0542.txt,4519.0,0.0873,0.0311,3.6969035600103686,376.97924979583945,27.714162523530902,0.1333940203631081,13.602404527856926,0.112,33.43,0.135,31.77,0.157,26.41,0.177,21.94,0.194,18.66,0.208,16.16,0.218,14.19,0.225,12.62,0.228,11.31,0.227,10.19,0.222,9.23,0.214,8.3,0.202,7.43,0.185,6.65,0.165,6.11,0.14,5.65,0.1,5.47,0.06,5.31
apcsf_11x3.8,apcsf,2,11.0,3.8,apcsf_11x3.8_static_kt0542.txt,4799.0,0.0889,0.0317,4.245633054833586,432.9340860368818,33.83185871243829,0.12549216083338272,12.796639100343413,0.112,33.43,0.135,31.77,0.157,26.41,0.177,21.94,0.194,18.66,0.208,16.16,0.218,14.19,0.225,12.62,0.228,11.31,0.227,10.19,0.222,9.23,0.214,8.3,0.202,7.43,0.185,6.65,0.165,6.11,0.14,5.65,0.1,5.47,0.06,5.31
apcsf_11x3.8,apcsf,2,11.0,3.8,apcsf_11x3.8_static_kt0542.txt,5086.0,0.0899,0.0321,4.822270838206054,491.73477570893783,40.78011501965178,0.11825054529351427,12.058199822927737,0.112,33.43,0.135,31.77,0.157,26.41,0.177,21.94,0.194,18.66,0.208,16.16,0.218,14.19,0.225,12.62,0.228,11.31,0.227,10.19,0.222,9.23,0.214,8.3,0.202,7.43,0.185,6.65,0.165,6.11,0.14,5.65,0.1,5.47,0.06,5.31
apcsf_11x3.8,apcsf,2,11.0,3.8,apcsf_11x3.8_static_kt0542.txt,5343.0,0.0909,0.0325,5.381129288283883,548.7224779393456,47.868875994790024,0.11241394698445722,11.463032430489234,0.112,33.43,0.135,31.77,0.157,26.41,0.177,21.94,0.194,18.66,0.208,16.16,0.218,14.19,0.225,12.62,0.228,11.31,0.227,10.19,0.222,9.23,0.214,8.3,0.202,7.43,0.185,6.65,0.165,6.11,0.14,5.65,0.1,5.47,0.06,5.31
apcsf_11x3.8,apcsf,2,11.0,3.8,apcsf_11x3.8_static_kt0542.txt,5622.0,0.0925,0.0332,6.062651583315971,618.2184113143603,56.96721049700625,0.10642352908669413,10.852179805203015,0.112,33.43,0.135,31.77,0.157,26.41,0.177,21.94,0.194,18.66,0.208,16.16,0.218,14.19,0.225,12.62,0.228,11.31,0.227,10.19,0.222,9.23,0.214,8.3,0.202,7.43,0.185,6.65,0.165,6.11,0.14,5.65,0.1,5.47,0.06,5.31
apcsf_11x3.8,apcsf,2,11.0,3.8,apcsf_11x3.8_static_kt0542.txt,5940.0,0.0933,0.0335,6.826431375979258,696.1022750867278,67.79825068131616,0.10068742640671827,10.267260114995262,0.112,33.43,0.135,31.77,0.157,26.41,0.177,21.94,0.194,18.66,0.208,16.16,0.218,14.19,0.225,12.62,0.228,11.31,0.227,10.19,0.222,9.23,0.214,8.3,0.202,7.43,0.185,6.65,0.165,6.11,0.14,5.65,0.1,5.47,0.06,5.31
apcsf_11x3.8,apcsf,2,11.0,3.8,apcsf_11x3.8_static_kt0542.txt,6227.0,0.0955,0.0342,7.678922740560036,783.0322016753976,79.7401502529939,0.09629932620137903,9.819798422639641,0.112,33.43,0.135,31.77,0.157,26.41,0.177,21.94,0.194,18.66,0.208,16.16,0.218,14.19,0.225,12.62,0.228,11.31,0.227,10.19,0.222,9.23,0.214,8.3,0.202,7.43,0.185,6.65,0.165,6.11,0.14,5.65,0.1,5.47,0.06,5.31
apcsf_11x3.8,apcsf,2,11.0,3.8,apcsf_11x3.8_static_kt0542.txt,6523.0,0.0968,0.0348,8.541011554648097,870.9407957506486,93.26865757285492,0.09157429491226952,9.337979321406346,0.112,33.43,0.135,31.77,0.157,26.41,0.177,21.94,0.194,18.66,0.208,16.16,0.218,14.19,0.225,12.62,0.228,11.31,0.227,10.19,0.222,9.23,0.214,8.3,0.202,7.43,0.185,6.65,0.165,6.11,0.14,5.65,0.1,5.47,0.06,5.31
apcsf_11x4.7,apcsf,2,11.0,4.7,apcsf_11x4.7_static_pg0526.txt,1666.0,0.0986,0.0392,0.5675003113430671,57.868926834654765,1.7503520384422822,0.3242206704018875,33.06130741913778,0.112,19.64,0.137,21.81,0.16,22.45,0.181,21.88,0.198,20.73,0.211,19.14,0.221,17.3,0.227,15.58,0.23,14.06,0.228,12.71,0.222,11.53,0.213,10.47,0.199,9.53,0.181,8.63,0.158,7.71,0.132,6.61,0.084,5.28,0.035,3.93
apcsf_11x4.7,apcsf,2,11.0,4.7,apcsf_11x4.7_static_pg0526.txt,2018.0,0.1005,0.0391,0.8486870601954943,86.54199550259206,3.102805763919529,0.27352245830670857,27.891528534893016,0.112,19.64,0.137,21.81,0.16,22.45,0.181,21.88,0.198,20.73,0.211,19.14,0.221,17.3,0.227,15.58,0.23,14.06,0.228,12.71,0.222,11.53,0.213,10.47,0.199,9.53,0.181,8.63,0.158,7.71,0.132,6.61,0.084,5.28,0.035,3.93
apcsf_11x4.7,apcsf,2,11.0,4.7,apcsf_11x4.7_static_pg0526.txt,2271.0,0.1022,0.0396,1.0930105635895355,111.45605926483923,4.478792425124287,0.24404135307949762,24.88529243722348,0.112,19.64,0.137,21.81,0.16,22.45,0.181,21.88,0.198,20.73,0.211,19.14,0.221,17.3,0.227,15.58,0.23,14.06,0.228,12.71,0.222,11.53,0.213,10.47,0.199,9.53,0.181,8.63,0.158,7.71,0.132,6.61,0.084,5.28,0.035,3.93
apcsf_11x4.7,apcsf,2,11.0,4.7,apcsf_11x4.7_static_pg0526.txt,2556.0,0.1042,0.0401,1.4116551373659236,143.94876307056168,6.466082888530763,0.21831689474161425,22.26212771350199,0.112,19.64,0.137,21.81,0.16,22.45,0.181,21.88,0.198,20.73,0.211,19.14,0.221,17.3,0.227,15.58,0.23,14.06,0.228,12.71,0.222,11.53,0.213,10.47,0.199,9.53,0.181,8.63,0.158,7.71,0.132,6.61,0.084,5.28,0.035,3.93
apcsf_11x4.7,apcsf,2,11.0,4.7,apcsf_11x4.7_static_pg0526.txt,2875.0,0.1059,0.0407,1.8151430336010408,185.0930780236922,9.339471533971695,0.19435179249688603,19.81836738303968,0.112,19.64,0.137,21.81,0.16,22.45,0.181,21.88,0.198,20.73,0.211,19.14,0.221,17.3,0.227,15.58,0.23,14.06,0.228,12.71,0.222,11.53,0.213,10.47,0.199,9.53,0.181,8.63,0.158,7.71,0.132,6.61,0.084,5.28,0.035,3.93
apcsf_11x4.7,apcsf,2,11.0,4.7,apcsf_11x4.7_static_pg0526.txt,3144.0,0.1074,0.0411,2.2014486063458163,224.4852835928494,12.333995351711607,0.1784862523107987,18.200532527499067,0.112,19.64,0.137,21.81,0.16,22.45,0.181,21.88,0.198,20.73,0.211,19.14,0.221,17.3,0.227,15.58,0.23,14.06,0.228,12.71,0.222,11.53,0.213,10.47,0.199,9.53,0.181,8.63,0.158,7.71,0.132,6.61,0.084,5.28,0.035,3.93
apcsf_11x4.7,apcsf,2,11.0,4.7,apcsf_11x4.7_static_pg0526.txt,3423.0,0.1091,0.0418,2.65080477303666,270.306860450476,16.188675792841924,0.1637443857025511,16.697280488500265,0.112,19.64,0.137,21.81,0.16,22.45,0.181,21.88,0.198,20.73,0.211,19.14,0.221,17.3,0.227,15.58,0.23,14.06,0.228,12.71,0.222,11.53,0.213,10.47,0.199,9.53,0.181,8.63,0.158,7.71,0.132,6.61,0.084,5.28,0.035,3.93
apcsf_11x4.7,apcsf,2,11.0,4.7,apcsf_11x4.7_static_pg0526.txt,3728.0,0.1114,0.0426,3.210526014098017,327.3825428763153,21.31334704378003,0.15063452997331825,15.360447244810233,0.112,19.64,0.137,21.81,0.16,22.45,0.181,21.88,0.198,20.73,0.211,19.14,0.221,17.3,0.227,15.58,0.23,14.06,0.228,12.71,0.222,11.53,0.213,10.47,0.199,9.53,0.181,8.63,0.158,7.71,0.132,6.61,0.084,5.28,0.035,3.93
apcsf_11x4.7,apcsf,2,11.0,4.7,apcsf_11x4.7_static_pg0526.txt,3994.0,0.1128,0.0432,3.731336494325013,380.4904319339442,26.57799863973542,0.14039192886203558,14.315992603186164,0.112,19.64,0.137,21.81,0.16,22.45,0.181,21.88,0.198,20.73,0.211,19.14,0.221,17.3,0.227,15.58,0.23,14.06,0.228,12.71,0.222,11.53,0.213,10.47,0.199,9.53,0.181,8.63,0.158,7.71,0.132,6.61,0.084,5.28,0.035,3.93
apcsf_11x4.7,apcsf,2,11.0,4.7,apcsf_11x4.7_static_pg0526.txt,4290.0,0.1151,0.0442,4.392675310044954,447.92822320006877,33.698338800907194,0.1303528739501752,13.29229389752619,0.112,19.64,0.137,21.81,0.16,22.45,0.181,21.88,0.198,20.73,0.211,19.14,0.221,17.3,0.227,15.58,0.23,14.06,0.228,12.71,0.222,11.53,0.213,10.47,0.199,9.53,0.181,8.63,0.158,7.71,0.132,6.61,0.084,5.28,0.035,3.93
apcsf_11x4.7,apcsf,2,11.0,4.7,apcsf_11x4.7_static_pg0526.txt,4585.0,0.1174,0.0452,5.117831369646565,521.8735622915639,42.06983428067818,0.1216508564189206,12.404935061302341,0.112,19.64,0.137,21.81,0.16,22.45,0.181,21.88,0.198,20.73,0.211,19.14,0.221,17.3,0.227,15.58,0.23,14.06,0.228,12.71,0.222,11.53,0.213,10.47,0.199,9.53,0.181,8.63,0.158,7.71,0.132,6.61,0.084,5.28,0.035,3.93
apcsf_11x4.7,apcsf,2,11.0,4.7,apcsf_11x4.7_static_pg0526.txt,4853.0,0.1191,0.046,5.816631342882071,593.1313285252428,50.769519377779574,0.11456936000516584,11.682823390777264,0.112,19.64,0.137,21.81,0.16,22.45,0.181,21.88,0.198,20.73,0.211,19.14,0.221,17.3,0.227,15.58,0.23,14.06,0.228,12.71,0.222,11.53,0.213,10.47,0.199,9.53,0.181,8.63,0.158,7.71,0.132,6.61,0.084,5.28,0.035,3.93
apcsf_11x4.7,apcsf,2,11.0,4.7,apcsf_11x4.7_static_pg0526.txt,5175.0,0.1209,0.0468,6.714075245987397,684.6451383487121,62.631276308367404,0.10720003873033657,10.931361752518605,0.112,19.64,0.137,21.81,0.16,22.45,0.181,21.88,0.198,20.73,0.211,19.14,0.221,17.3,0.227,15.58,0.23,14.06,0.228,12.71,0.222,11.53,0.213,10.47,0.199,9.53,0.181,8.63,0.158,7.71,0.132,6.61,0.084,5.28,0.035,3.93
apcsf_11x4.7,apcsf,2,11.0,4.7,apcsf_11x4.7_static_pg0526.txt,5450.0,0.123,0.0477,7.575953686057054,772.5322802442276,74.5628041082429,0.10160499965987108,10.360826547278743,0.112,19.64,0.137,21.81,0.16,22.45,0.181,21.88,0.198,20.73,0.211,19.14,0.221,17.3,0.227,15.58,0.23,14.06,0.228,12.71,0.222,11.53,0.213,10.47,0.199,9.53,0.181,8.63,0.158,7.71,0.132,6.61,0.084,5.28,0.035,3.93
apcsf_11x4.7,apcsf,2,11.0,4.7,apcsf_11x4.7_static_pg0526.txt,5710.0,0.1249,0.0486,8.444498247674,861.0991773616884,87.36931695261468,0.09665290450025985,9.855853375032234,0.112,19.64,0.137,21.81,0.16,22.45,0.181,21.88,0.198,20.73,0.211,19.14,0.221,17.3,0.227,15.58,0.23,14.06,0.228,12.71,0.222,11.53,0.213,10.47,0.199,9.53,0.181,8.63,0.158,7.71,0.132,6.61,0.084,5.28,0.035,3.93
apcsf_11x4.7,apcsf,2,11.0,4.7,apcsf_11x4.7_static_pg0526.txt,6021.0,0.1259,0.0493,9.464598155402799,965.1204188385228,103.91234539251508,0.09108251882537668,9.287832116510398,0.112,19.64,0.137,21.81,0.16,22.45,0.181,21.88,0.198,20.73,0.211,19.14,0.221,17.3,0.227,15.58,0.23,14.06,0.228,12.71,0.222,11.53,0.213,10.47,0.199,9.53,0.181,8.63,0.158,7.71,0.132,6.61,0.084,5.28,0.035,3.93
apcsf_11x7,apcsf,2,11.0,7.0,apcsf_11x7_static_kt0632.txt,1868.0,0.1463,0.0688,1.0586131024740149,107.9484943863618,4.330453707499384,0.24445778063410126,24.92775623011949,0.114,28.24,0.134,31.87,0.157,32.26,0.177,31.32,0.194,29.65,0.208,27.57,0.218,25.24,0.225,22.97,0.228,20.94,0.228,19.19,0.223,17.69,0.214,16.31,0.202,15.07,0.185,13.94,0.165,12.89,0.139,11.86,0.1,11.04,0.06,10.23
apcsf_11x7,apcsf,2,11.0,7.0,apcsf_11x7_static_kt0632.txt,2199.0,0.148,0.0691,1.4840596907399939,151.3319727674582,7.095256200660905,0.2091622414708235,21.328612877060312,0.114,28.24,0.134,31.87,0.157,32.26,0.177,31.32,0.194,29.65,0.208,27.57,0.218,25.24,0.225,22.97,0.228,20.94,0.228,19.19,0.223,17.69,0.214,16.31,0.202,15.07,0.185,13.94,0.165,12.89,0.139,11.86,0.1,11.04,0.06,10.23
apcsf_11x7,apcsf,2,11.0,7.0,apcsf_11x7_static_kt0632.txt,2422.0,0.149,0.0698,1.8124821621118166,184.82174464387091,9.576177458365532,0.18926990127239895,19.300158695619704,0.114,28.24,0.134,31.87,0.157,32.26,0.177,31.32,0.194,29.65,0.208,27.57,0.218,25.24,0.225,22.97,0.228,20.94,0.228,19.19,0.223,17.69,0.214,16.31,0.202,15.07,0.185,13.94,0.165,12.89,0.139,11.86,0.1,11.04,0.06,10.23
apcsf_11x7,apcsf,2,11.0,7.0,apcsf_11x7_static_kt0632.txt,2678.0,0.1496,0.0697,2.224804907999298,226.86696353997527,12.92643725818349,0.17211276885986623,17.550618086692833,0.114,28.24,0.134,31.87,0.157,32.26,0.177,31.32,0.194,29.65,0.208,27.57,0.218,25.24,0.225,22.97,0.228,20.94,0.228,19.19,0.223,17.69,0.214,16.31,0.202,15.07,0.185,13.94,0.165,12.89,0.139,11.86,0.1,11.04,0.06,10.23
apcsf_11x7,apcsf,2,11.0,7.0,apcsf_11x7_static_kt0632.txt,2926.0,0.1507,0.0703,2.675476193390842,272.8226451837113,17.00562652079674,0.15732888112760296,16.043081085549396,0.114,28.24,0.134,31.87,0.157,32.26,0.177,31.32,0.194,29.65,0.208,27.57,0.218,25.24,0.225,22.97,0.228,20.94,0.228,19.19,0.223,17.69,0.214,16.31,0.202,15.07,0.185,13.94,0.165,12.89,0.139,11.86,0.1,11.04,0.06,10.23
apcsf_11x7,apcsf,2,11.0,7.0,apcsf_11x7_static_kt0632.txt,3201.0,0.1521,0.0717,3.2317648821017975,329.5483046811906,22.708608577072134,0.14231452671938544,14.512043023803791,0.114,28.24,0.134,31.87,0.157,32.26,0.177,31.32,0.194,29.65,0.208,27.57,0.218,25.24,0.225,22.97,0.228,20.94,0.228,19.19,0.223,17.69,0.214,16.31,0.202,15.07,0.185,13.94,0.165,12.89,0.139,11.86,0.1,11.04,0.06,10.23
apcsf_11x7,apcsf,2,11.0,7.0,apcsf_11x7_static_kt0632.txt,3440.0,0.1542,0.0736,3.7839070002905175,385.85113165969193,28.931269343196963,0.13078952587264492,13.336820002003225,0.114,28.24,0.134,31.87,0.157,32.26,0.177,31.32,0.194,29.65,0.208,27.57,0.218,25.24,0.225,22.97,0.228,20.94,0.228,19.19,0.223,17.69,0.214,16.31,0.202,15.07,0.185,13.94,0.165,12.89,0.139,11.86,0.1,11.04,0.06,10.23
apcsf_11x7,apcsf,2,11.0,7.0,apcsf_11x7_static_kt0632.txt,3705.0,0.156,0.0743,4.44058531138018,452.8136837126012,36.48949031188889,0.12169491197122483,12.409427477397974,0.114,28.24,0.134,31.87,0.157,32.26,0.177,31.32,0.194,29.65,0.208,27.57,0.218,25.24,0.225,22.97,0.228,20.94,0.228,19.19,0.223,17.69,0.214,16.31,0.202,15.07,0.185,13.94,0.165,12.89,0.139,11.86,0.1,11.04,0.06,10.23
apcsf_11x7,apcsf,2,11.0,7.0,apcsf_11x7_static_kt0632.txt,3971.0,0.1567,0.0748,5.123986367735215,522.5011974257484,45.22885625795547,0.11329020434457567,11.552385814174635,0.114,28.24,0.134,31.87,0.157,32.26,0.177,31.32,0.194,29.65,0.208,27.57,0.218,25.24,0.225,22.97,0.228,20.94,0.228,19.19,0.223,17.69,0.214,16.31,0.202,15.07,0.185,13.94,0.165,12.89,0.139,11.86,0.1,11.04,0.06,10.23
apcsf_11x7,apcsf,2,11.0,7.0,apcsf_11x7_static_kt0632.txt,4215.0,0.1577,0.0754,5.809865069605864,592.4413606691239,54.52283495261473,0.1065583819083355,10.865930966062367,0.114,28.24,0.134,31.87,0.157,32.26,0.177,31.32,0.194,29.65,0.208,27.57,0.218,25.24,0.225,22.97,0.228,20.94,0.228,19.19,0.223,17.69,0.214,16.31,0.202,15.07,0.185,13.94,0.165,12.89,0.139,11.86,0.1,11.04,0.06,10.23
apcsf_11x7,apcsf,2,11.0,7.0,apcsf_11x7_static_kt0632.txt,4489.0,0.1591,0.0764,6.64826903197214,677.9347720141068,66.73543892715023,0.09962126778291705,10.158542191565628,0.114,28.24,0.134,31.87,0.157,32.26,0.177,31.32,0.194,29.65,0.208,27.57,0.218,25.24,0.225,22.97,0.228,20.94,0.228,19.19,0.223,17.69,0.214,16.31,0.202,15.07,0.185,13.94,0.165,12.89,0.139,11.86,0.1,11.04,0.06,10.23
apcsf_11x7,apcsf,2,11.0,7.0,apcsf_11x7_static_kt0632.txt,4732.0,0.1601,0.0774,7.433956215782542,758.0525679801506,79.19349593714084,0.09387079239036475,9.572156892554007,0.114,28.24,0.134,31.87,0.157,32.26,0.177,31.32,0.194,29.65,0.208,27.57,0.218,25.24,0.225,22.97,0.228,20.94,0.228,19.19,0.223,17.69,0.214,16.31,0.202,15.07,0.185,13.94,0.165,12.89,0.139,11.86,0.1,11.04,0.06,10.23
apcsf_11x7,apcsf,2,11.0,7.0,apcsf_11x7_static_kt0632.txt,4987.0,0.1618,0.0786,8.344425637890392,850.8946110945525,94.13583888296365,0.08864238888086792,9.039008109891546,0.114,28.24,0.134,31.87,0.157,32.26,0.177,31.32,0.194,29.65,0.208,27.57,0.218,25.24,0.225,22.97,0.228,20.94,0.228,19.19,0.223,17.69,0.214,16.31,0.202,15.07,0.185,13.94,0.165,12.89,0.139,11.86,0.1,11.04,0.06,10.23
apcsf_11x7,apcsf,2,11.0,7.0,apcsf_11x7_static_kt0632.txt,5246.0,0.1623,0.0793,9.262202833063995,944.4818396765456,110.55347355432733,0.08378029685799457,8.543212703420085,0.114,28.24,0.134,31.87,0.157,32.26,0.177,31.32,0.194,29.65,0.208,27.57,0.218,25.24,0.225,22.97,0.228,20.94,0.228,19.19,0.223,17.69,0.214,16.31,0.202,15.07,0.185,13.94,0.165,12.89,0.139,11.86,0.1,11.04,0.06,10.23
apcsf_11x7,apcsf,2,11.0,7.0,apcsf_11x7_static_kt0632.txt,5501.0,0.1631,0.08,10.23473131633204,1043.6521458736715,128.59653544032068,0.07958792421030497,8.115709667450657,0.114,28.24,0.134,31.87,0.157,32.26,0.177,31.32,0.194,29.65,0.208,27.57,0.218,25.24,0.225,22.97,0.228,20.94,0.228,19.19,0.223,17.69,0.214,16.31,0.202,15.07,0.185,13.94,0.165,12.89,0.139,11.86,0.1,11.04,0.06,10.23
apcsf_11x7,apcsf,2,11.0,7.0,apcsf_11x7_static_kt0632.txt,5745.0,0.1649,0.0812,11.285996642613751,1150.851375608771,148.67586528736294,0.07591007875286288,7.740673803272563,0.114,28.24,0.134,31.87,0.157,32.26,0.177,31.32,0.194,29.65,0.208,27.57,0.218,25.24,0.225,22.97,0.228,20.94,0.228,19.19,0.223,17.69,0.214,16.31,0.202,15.07,0.185,13.94,0.165,12.89,0.139,11.86,0.1,11.04,0.06,10.23
apcsf_9x4.7,apcsf,2,9.0,4.7,apcsf_9x4.7_static_kt1032.txt,2763.0,0.1137,0.0481,0.8066046599278542,82.25078491919813,3.592122998231621,0.22454817396980573,22.897541359159934,0.127,27.54,0.135,25.28,0.158,26.08,0.178,25.47,0.195,24.07,0.209,22.18,0.219,20.0,0.225,18.18,0.227,16.38,0.226,14.83,0.221,13.63,0.212,12.56,0.199,11.56,0.182,10.65,0.161,9.68,0.135,8.51,0.097,6.72,0.058,4.89
apcsf_9x4.7,apcsf,2,9.0,4.7,apcsf_9x4.7_static_kt1032.txt,3062.0,0.1152,0.0482,1.0036940369798824,102.34830823776544,4.899210109359379,0.20486854300501217,20.890777483137686,0.127,27.54,0.135,25.28,0.158,26.08,0.178,25.47,0.195,24.07,0.209,22.18,0.219,20.0,0.225,18.18,0.227,16.38,0.226,14.83,0.221,13.63,0.212,12.56,0.199,11.56,0.182,10.65,0.161,9.68,0.135,8.51,0.097,6.72,0.058,4.89
apcsf_9x4.7,apcsf,2,9.0,4.7,apcsf_9x4.7_static_kt1032.txt,3310.0,0.1152,0.0481,1.1728621165790825,119.59865158632995,6.1757900797446315,0.18991288587120828,19.365724877629802,0.127,27.54,0.135,25.28,0.158,26.08,0.178,25.47,0.195,24.07,0.209,22.18,0.219,20.0,0.225,18.18,0.227,16.38,0.226,14.83,0.221,13.63,0.212,12.56,0.199,11.56,0.182,10.65,0.161,9.68,0.135,8.51,0.097,6.72,0.058,4.89
apcsf_9x4.7,apcsf,2,9.0,4.7,apcsf_9x4.7_static_kt1032.txt,3622.0,0.1158,0.048,1.4117049694782493,143.95384453184823,8.075139677473713,0.17482112085519957,17.826793130702086,0.127,27.54,0.135,25.28,0.158,26.08,0.178,25.47,0.195,24.07,0.209,22.18,0.219,20.0,0.225,18.18,0.227,16.38,0.226,14.83,0.221,13.63,0.212,12.56,0.199,11.56,0.182,10.65,0.161,9.68,0.135,8.51,0.097,6.72,0.058,4.89
apcsf_9x4.7,apcsf,2,9.0,4.7,apcsf_9x4.7_static_kt1032.txt,3874.0,0.1159,0.048,1.6163714128320072,164.82401358588382,9.880605378891728,0.16359032173120852,16.681570335558884,0.127,27.54,0.135,25.28,0.158,26.08,0.178,25.47,0.195,24.07,0.209,22.18,0.219,20.0,0.225,18.18,0.227,16.38,0.226,14.83,0.221,13.63,0.212,12.56,0.199,11.56,0.182,10.65,0.161,9.68,0.135,8.51,0.097,6.72,0.058,4.89
apcsf_9x4.7,apcsf,2,9.0,4.7,apcsf_9x4.7_static_kt1032.txt,4153.0,0.1163,0.048,1.863983523444962,190.0734219580552,12.172800335390397,0.15312692824063984,15.614601137048824,0.127,27.54,0.135,25.28,0.158,26.08,0.178,25.47,0.195,24.07,0.209,22.18,0.219,20.0,0.225,18.18,0.227,16.38,0.226,14.83,0.221,13.63,0.212,12.56,0.199,11.56,0.182,10.65,0.161,9.68,0.135,8.51,0.097,6.72,0.058,4.89
apcsf_9x4.7,apcsf,2,9.0,4.7,apcsf_9x4.7_static_kt1032.txt,4422.0,0.117,0.0481,2.1259930007888537,216.7909531581992,14.725320597181856,0.14437668686111513,14.722324836831655,0.127,27.54,0.135,25.28,0.158,26.08,0.178,25.47,0.195,24.07,0.209,22.18,0.219,20.0,0.225,18.18,0.227,16.38,0.226,14.83,0.221,13.63,0.212,12.56,0.199,11.56,0.182,10.65,0.161,9.68,0.135,8.51,0.097,6.72,0.058,4.89
apcsf_9x4.7,apcsf,2,9.0,4.7,apcsf_9x4.7_static_kt1032.txt,4687.0,0.1176,0.0482,2.4006879962910688,244.80204721194997,17.570955005822817,0.13662820236552353,13.932199310215369,0.127,27.54,0.135,25.28,0.158,26.08,0.178,25.47,0.195,24.07,0.209,22.18,0.219,20.0,0.225,18.18,0.227,16.38,0.226,14.83,0.221,13.63,0.212,12.56,0.199,11.56,0.182,10.65,0.161,9.68,0.135,8.51,0.097,6.72,0.058,4.89
apcsf_9x4.7,apcsf,2,9.0,4.7,apcsf_9x4.7_static_kt1032.txt,4942.0,0.1175,0.0481,2.666747157892738,271.93253128160364,20.5549662209409,0.1297373651325158,13.229529465466374,0.127,27.54,0.135,25.28,0.158,26.08,0.178,25.47,0.195,24.07,0.209,22.18,0.219,20.0,0.225,18.18,0.227,16.38,0.226,14.83,0.221,13.63,0.212,12.56,0.199,11.56,0.182,10.65,0.161,9.68,0.135,8.51,0.097,6.72,0.058,4.89
apcsf_9x4.7,apcsf,2,9.0,4.7,apcsf_9x4.7_static_kt1032.txt,5226.0,0.1184,0.0484,3.004892953915706,306.41380633709844,24.457780647899096,0.12286040982928775,12.528275183603755,0.127,27.54,0.135,25.28,0.158,26.08,0.178,25.47,0.195,24.07,0.209,22.18,0.219,20.0,0.225,18.18,0.227,16.38,0.226,14.83,0.221,13.63,0.212,12.56,0.199,11.56,0.182,10.65,0.161,9.68,0.135,8.51,0.097,6.72,0.058,4.89
apcsf_9x4.7,apcsf,2,9.0,4.7,apcsf_9x4.7_static_kt1032.txt,5473.0,0.1189,0.0484,3.309567499570363,337.4819637256722,28.09216262783096,0.11781106151975526,12.013384949983458,0.127,27.54,0.135,25.28,0.158,26.08,0.178,25.47,0.195,24.07,0.209,22.18,0.219,20.0,0.225,18.18,0.227,16.38,0.226,14.83,0.221,13.63,0.212,12.56,0.199,11.56,0.182,10.65,0.161,9.68,0.135,8.51,0.097,6.72,0.058,4.89
apcsf_9x4.7,apcsf,2,9.0,4.7,apcsf_9x4.7_static_kt1032.txt,5736.0,0.119,0.0484,3.63834383511128,371.0078197051267,32.339720151972436,0.11250387504943742,11.472202541075436,0.127,27.54,0.135,25.28,0.158,26.08,0.178,25.47,0.195,24.07,0.209,22.18,0.219,20.0,0.225,18.18,0.227,16.38,0.226,14.83,0.221,13.63,0.212,12.56,0.199,11.56,0.182,10.65,0.161,9.68,0.135,8.51,0.097,6.72,0.058,4.89
apcsf_9x4.7,apcsf,2,9.0,4.7,apcsf_9x4.7_static_kt1032.txt,6026.0,0.1192,0.0484,4.022286508308385,410.1590765764441,37.49697312434418,0.10726963200389616,10.938458291454898,0.127,27.54,0.135,25.28,0.158,26.08,0.178,25.47,0.195,24.07,0.209,22.18,0.219,20.0,0.225,18.18,0.227,16.38,0.226,14.83,0.221,13.63,0.212,12.56,0.199,11.56,0.182,10.65,0.161,9.68,0.135,8.51,0.097,6.72,0.058,4.89
apcsf_9x4.7,apcsf,2,9.0,4.7,apcsf_9x4.7_static_kt1032.txt,6285.0,0.1192,0.0483,4.3754760563268285,446.17438741331944,42.45476533154294,0.10306207141076688,10.509406516064802,0.127,27.54,0.135,25.28,0.158,26.08,0.178,25.47,0.195,24.07,0.209,22.18,0.219,20.0,0.225,18.18,0.227,16.38,0.226,14.83,0.221,13.63,0.212,12.56,0.199,11.56,0.182,10.65,0.161,9.68,0.135,8.51,0.097,6.72,0.058,4.89
apcsf_9x4.7,apcsf,2,9.0,4.7,apcsf_9x4.7_static_kt1032.txt,6554.0,0.1195,0.0483,4.770009802710573,486.405633188762,48.14264085572601,0.0990807674428445,10.103426495576421,0.127,27.54,0.135,25.28,0.158,26.08,0.178,25.47,0.195,24.07,0.209,22.18,0.219,20.0,0.225,18.18,0.227,16.38,0.226,14.83,0.221,13.63,0.212,12.56,0.199,11.56,0.182,10.65,0.161,9.68,0.135,8.51,0.097,6.72,0.058,4.89
apcsf_9x4.7,apcsf,2,9.0,4.7,apcsf_9x4.7_static_kt1032.txt,6768.0,0.1199,0.0483,5.103620524805503,520.4244594031095,53.01413121744756,0.09626905897735136,9.816712024733356,0.127,27.54,0.135,25.28,0.158,26.08,0.178,25.47,0.195,24.07,0.209,22.18,0.219,20.0,0.225,18.18,0.227,16.38,0.226,14.83,0.221,13.63,0.212,12.56,0.199,11.56,0.182,10.65,0.161,9.68,0.135,8.51,0.097,6.72,0.058,4.89
apcsf_9x6,apcsf,2,9.0,6.0,apcsf_9x6_static_kt0979.txt,2397.0,0.1396,0.0687,0.7453495241294944,76.00449940902291,3.3498418734663145,0.22250289783327276,22.688981235515982,0.122,37.73,0.133,39.74,0.156,36.96,0.176,33.71,0.193,30.82,0.207,28.05,0.218,25.25,0.225,22.79,0.227,20.71,0.227,18.88,0.222,17.24,0.214,15.79,0.201,14.54,0.183,13.4,0.162,12.3,0.136,11.4,0.097,10.33,0.056,9.26
apcsf_9x6,apcsf,2,9.0,6.0,apcsf_9x6_static_kt0979.txt,2633.0,0.1407,0.0688,0.906430077086148,92.43014455355785,4.446358576033196,0.20385896944344434,20.787829630245227,0.122,37.73,0.133,39.74,0.156,36.96,0.176,33.71,0.193,30.82,0.207,28.05,0.218,25.25,0.225,22.79,0.227,20.71,0.227,18.88,0.222,17.24,0.214,15.79,0.201,14.54,0.183,13.4,0.162,12.3,0.136,11.4,0.097,10.33,0.056,9.26
apcsf_9x6,apcsf,2,9.0,6.0,apcsf_9x6_static_kt0979.txt,2972.0,0.1405,0.0688,1.153220692920039,117.59578377122047,6.3943782294306555,0.18034915226194242,18.39049545583277,0.122,37.73,0.133,39.74,0.156,36.96,0.176,33.71,0.193,30.82,0.207,28.05,0.218,25.25,0.225,22.79,0.227,20.71,0.227,18.88,0.222,17.24,0.214,15.79,0.201,14.54,0.183,13.4,0.162,12.3,0.136,11.4,0.097,10.33,0.056,9.26
apcsf_9x6,apcsf,2,9.0,6.0,apcsf_9x6_static_kt0979.txt,3220.0,0.1424,0.0698,1.3720193135545644,139.90703385504372,8.250618486727511,0.166292904678805,16.957157100417067,0.122,37.73,0.133,39.74,0.156,36.96,0.176,33.71,0.193,30.82,0.207,28.05,0.218,25.25,0.225,22.79,0.227,20.71,0.227,18.88,0.222,17.24,0.214,15.79,0.201,14.54,0.183,13.4,0.162,12.3,0.136,11.4,0.097,10.33,0.056,9.26
apcsf_9x6,apcsf,2,9.0,6.0,apcsf_9x6_static_kt0979.txt,3529.0,0.1444,0.0712,1.6711252532970502,170.40735147038492,11.078945770048824,0.1508379306102232,15.381188337528434,0.122,37.73,0.133,39.74,0.156,36.96,0.176,33.71,0.193,30.82,0.207,28.05,0.218,25.25,0.225,22.79,0.227,20.71,0.227,18.88,0.222,17.24,0.214,15.79,0.201,14.54,0.183,13.4,0.162,12.3,0.136,11.4,0.097,10.33,0.056,9.26
apcsf_9x6,apcsf,2,9.0,6.0,apcsf_9x6_static_kt0979.txt,3771.0,0.147,0.073,1.9425351753424143,198.08346125765829,13.859766868483835,0.14015641054970462,14.291976419032457,0.122,37.73,0.133,39.74,0.156,36.96,0.176,33.71,0.193,30.82,0.207,28.05,0.218,25.25,0.225,22.79,0.227,20.71,0.227,18.88,0.222,17.24,0.214,15.79,0.201,14.54,0.183,13.4,0.162,12.3,0.136,11.4,0.097,10.33,0.056,9.26
apcsf_9x6,apcsf,2,9.0,6.0,apcsf_9x6_static_kt0979.txt,4050.0,0.1484,0.0739,2.2619470773406345,230.6544107662285,17.38092861491411,0.13013959883591708,13.270545888342818,0.122,37.73,0.133,39.74,0.156,36.96,0.176,33.71,0.193,30.82,0.207,28.05,0.218,25.25,0.225,22.79,0.227,20.71,0.227,18.88,0.222,17.24,0.214,15.79,0.201,14.54,0.183,13.4,0.162,12.3,0.136,11.4,0.097,10.33,0.056,9.26
apcsf_9x6,apcsf,2,9.0,6.0,apcsf_9x6_static_kt0979.txt,4323.0,0.1489,0.0746,2.5858519783904033,263.68351867257456,21.338210835086567,0.1211841048143769,12.357339643443675,0.122,37.73,0.133,39.74,0.156,36.96,0.176,33.71,0.193,30.82,0.207,28.05,0.218,25.25,0.225,22.79,0.227,20.71,0.227,18.88,0.222,17.24,0.214,15.79,0.201,14.54,0.183,13.4,0.162,12.3,0.136,11.4,0.097,10.33,0.056,9.26
apcsf_9x6,apcsf,2,9.0,6.0,apcsf_9x6_static_kt0979.txt,4599.0,0.15,0.0756,2.9481974781983826,300.6324767579533,26.03607369073851,0.11323510269703639,11.546767009838875,0.122,37.73,0.133,39.74,0.156,36.96,0.176,33.71,0.193,30.82,0.207,28.05,0.218,25.25,0.225,22.79,0.227,20.71,0.227,18.88,0.222,17.24,0.214,15.79,0.201,14.54,0.183,13.4,0.162,12.3,0.136,11.4,0.097,10.33,0.056,9.26
apcsf_9x6,apcsf,2,9.0,6.0,apcsf_9x6_static_kt0979.txt,4878.0,0.1517,0.0772,3.3543445090104007,342.04794797513944,31.72533057619036,0.105730797696646,10.781540862235934,0.122,37.73,0.133,39.74,0.156,36.96,0.176,33.71,0.193,30.82,0.207,28.05,0.218,25.25,0.225,22.79,0.227,20.71,0.227,18.88,0.222,17.24,0.214,15.79,0.201,14.54,0.183,13.4,0.162,12.3,0.136,11.4,0.097,10.33,0.056,9.26
apcsf_9x6,apcsf,2,9.0,6.0,apcsf_9x6_static_kt0979.txt,5137.0,0.1529,0.0783,3.7494287834040794,382.3353319843249,37.579753500599246,0.09977257523374365,10.173971257640853,0.122,37.73,0.133,39.74,0.156,36.96,0.176,33.71,0.193,30.82,0.207,28.05,0.218,25.25,0.225,22.79,0.227,20.71,0.227,18.88,0.222,17.24,0.214,15.79,0.201,14.54,0.183,13.4,0.162,12.3,0.136,11.4,0.097,10.33,0.056,9.26
apcsf_9x6,apcsf,2,9.0,6.0,apcsf_9x6_static_kt0979.txt,5416.0,0.1537,0.0794,4.189572121783279,427.2174618022749,44.66012530981767,0.09381012911896783,9.565970960416436,0.122,37.73,0.133,39.74,0.156,36.96,0.176,33.71,0.193,30.82,0.207,28.05,0.218,25.25,0.225,22.79,0.227,20.71,0.227,18.88,0.222,17.24,0.214,15.79,0.201,14.54,0.183,13.4,0.162,12.3,0.136,11.4,0.097,10.33,0.056,9.26
apcsf_9x6,apcsf,2,9.0,6.0,apcsf_9x6_static_kt0979.txt,5696.0,0.1557,0.0809,4.69425919894317,478.6812213083133,52.932442125385265,0.08868397169024446,9.043248376381788,0.122,37.73,0.133,39.74,0.156,36.96,0.176,33.71,0.193,30.82,0.207,28.05,0.218,25.25,0.225,22.79,0.227,20.71,0.227,18.88,0.222,17.24,0.214,15.79,0.201,14.54,0.183,13.4,0.162,12.3,0.136,11.4,0.097,10.33,0.056,9.26
apcsf_9x6,apcsf,2,9.0,6.0,apcsf_9x6_static_kt0979.txt,5975.0,0.1565,0.0821,5.191927905751373,529.4293062107217,62.00409226236701,0.0837352457928423,8.538618773265316,0.122,37.73,0.133,39.74,0.156,36.96,0.176,33.71,0.193,30.82,0.207,28.05,0.218,25.25,0.225,22.79,0.227,20.71,0.227,18.88,0.222,17.24,0.214,15.79,0.201,14.54,0.183,13.4,0.162,12.3,0.136,11.4,0.097,10.33,0.056,9.26
apcsf_9x6,apcsf,2,9.0,6.0,apcsf_9x6_static_kt0979.txt,6235.0,0.1577,0.0834,5.696959094454326,580.9281553287133,71.57129773315637,0.07959837637281142,8.116775491407507,0.122,37.73,0.133,39.74,0.156,36.96,0.176,33.71,0.193,30.82,0.207,28.05,0.218,25.25,0.225,22.79,0.227,20.71,0.227,18.88,0.222,17.24,0.214,15.79,0.201,14.54,0.183,13.4,0.162,12.3,0.136,11.4,0.097,10.33,0.056,9.26
apcsf_9x6,apcsf,2,9.0,6.0,apcsf_9x6_static_kt0979.txt,6540.0,0.1597,0.0851,6.347444393676954,647.2591959208246,84.28033882635579,0.07531346553737403,7.679836186401476,0.122,37.73,0.133,39.74,0.156,36.96,0.176,33.71,0.193,30.82,0.207,28.05,0.218,25.25,0.225,22.79,0.227,20.71,0.227,18.88,0.222,17.24,0.214,15.79,0.201,14.54,0.183,13.4,0.162,12.3,0.136,11.4,0.097,10.33,0.056,9.26
apcsp_10x6,apcsp,2,10.0,6.0,apcsp_10x6_static_pg0802.txt,2023.0,0.0948,0.0541,0.5495010888083363,56.03351693068849,2.685566025232422,0.20461276455148025,20.864695339537995,0.169,31.55,0.161,37.27,0.157,39.26,0.153,36.43,0.152,33.01,0.154,29.56,0.157,26.23,0.161,23.58,0.164,21.48,0.166,19.76,0.166,18.32,0.162,17.05,0.154,15.74,0.14,14.5,0.121,13.58,0.094,12.45,0.057,10.75,0.019,9.0
apcsp_10x6,apcsp,2,10.0,6.0,apcsp_10x6_static_pg0802.txt,2307.0,0.1013,0.0553,0.7636126051918208,77.86681539484135,4.0711662307057646,0.18756605894214332,19.12641513076773,0.169,31.55,0.161,37.27,0.157,39.26,0.153,36.43,0.152,33.01,0.154,29.56,0.157,26.23,0.161,23.58,0.164,21.48,0.166,19.76,0.166,18.32,0.162,17.05,0.154,15.74,0.14,14.5,0.121,13.58,0.094,12.45,0.057,10.75,0.019,9.0
apcsp_10x6,apcsp,2,10.0,6.0,apcsp_10x6_static_pg0802.txt,2587.0,0.1038,0.0553,0.9839174554560751,100.33165815605484,5.740706426723469,0.17139309735050323,17.477232016081256,0.169,31.55,0.161,37.27,0.157,39.26,0.153,36.43,0.152,33.01,0.154,29.56,0.157,26.23,0.161,23.58,0.164,21.48,0.166,19.76,0.166,18.32,0.162,17.05,0.154,15.74,0.14,14.5,0.121,13.58,0.094,12.45,0.057,10.75,0.019,9.0
apcsp_10x6,apcsp,2,10.0,6.0,apcsp_10x6_static_pg0802.txt,2824.0,0.1042,0.0547,1.1769704470584184,120.01758470613497,7.386391522790928,0.15934308971124012,16.248473200454807,0.169,31.55,0.161,37.27,0.157,39.26,0.153,36.43,0.152,33.01,0.154,29.56,0.157,26.23,0.161,23.58,0.164,21.48,0.166,19.76,0.166,18.32,0.162,17.05,0.154,15.74,0.14,14.5,0.121,13.58,0.094,12.45,0.057,10.75,0.019,9.0
apcsp_10x6,apcsp,2,10.0,6.0,apcsp_10x6_static_pg0802.txt,3171.0,0.1044,0.0539,1.4868304169685025,151.61450821315154,10.304535313899558,0.14428893411262805,14.71337654679509,0.169,31.55,0.161,37.27,0.157,39.26,0.153,36.43,0.152,33.01,0.154,29.56,0.157,26.23,0.161,23.58,0.164,21.48,0.166,19.76,0.166,18.32,0.162,17.05,0.154,15.74,0.14,14.5,0.121,13.58,0.094,12.45,0.057,10.75,0.019,9.0
apcsp_10x6,apcsp,2,10.0,6.0,apcsp_10x6_static_pg0802.txt,3437.0,0.1059,0.0539,1.771835826206366,180.67697187177745,13.121342815154334,0.13503464174108812,13.769701349705366,0.169,31.55,0.161,37.27,0.157,39.26,0.153,36.43,0.152,33.01,0.154,29.56,0.157,26.23,0.161,23.58,0.164,21.48,0.166,19.76,0.166,18.32,0.162,17.05,0.154,15.74,0.14,14.5,0.121,13.58,0.094,12.45,0.057,10.75,0.019,9.0
apcsp_10x6,apcsp,2,10.0,6.0,apcsp_10x6_static_pg0802.txt,3803.0,0.1074,0.0534,2.200013706665218,224.33896454601913,17.610478395761596,0.12492640218080087,12.738947773276386,0.169,31.55,0.161,37.27,0.157,39.26,0.153,36.43,0.152,33.01,0.154,29.56,0.157,26.23,0.161,23.58,0.164,21.48,0.166,19.76,0.166,18.32,0.162,17.05,0.154,15.74,0.14,14.5,0.121,13.58,0.094,12.45,0.057,10.75,0.019,9.0
apcsp_10x6,apcsp,2,10.0,6.0,apcsp_10x6_static_pg0802.txt,4107.0,0.1073,0.0526,2.563407095378319,261.39477756199307,21.847954031248662,0.11732938890808413,11.96426801283661,0.169,31.55,0.161,37.27,0.157,39.26,0.153,36.43,0.152,33.01,0.154,29.56,0.157,26.23,0.161,23.58,0.164,21.48,0.166,19.76,0.166,18.32,0.162,17.05,0.154,15.74,0.14,14.5,0.121,13.58,0.094,12.45,0.057,10.75,0.019,9.0
apcsp_10x6,apcsp,2,10.0,6.0,apcsp_10x6_static_pg0802.txt,4404.0,0.109,0.0525,2.9942604433177173,305.32959199295556,26.887607202334916,0.11136210153567314,11.355774044722015,0.169,31.55,0.161,37.27,0.157,39.26,0.153,36.43,0.152,33.01,0.154,29.56,0.157,26.23,0.161,23.58,0.164,21.48,0.166,19.76,0.166,18.32,0.162,17.05,0.154,15.74,0.14,14.5,0.121,13.58,0.094,12.45,0.057,10.75,0.019,9.0
apcsp_10x6,apcsp,2,10.0,6.0,apcsp_10x6_static_pg0802.txt,4703.0,0.1105,0.0521,3.461630350179459,352.98805914144583,32.494778442644495,0.10652881835429262,10.86291632252529,0.169,31.55,0.161,37.27,0.157,39.26,0.153,36.43,0.152,33.01,0.154,29.56,0.157,26.23,0.161,23.58,0.164,21.48,0.166,19.76,0.166,18.32,0.162,17.05,0.154,15.74,0.14,14.5,0.121,13.58,0.094,12.45,0.057,10.75,0.019,9.0
apcsp_10x6,apcsp,2,10.0,6.0,apcsp_10x6_static_pg0802.txt,5013.0,0.1118,0.0517,3.979290702508481,405.7747245500228,39.051217424182774,0.10189927395308997,10.390834174064535,0.169,31.55,0.161,37.27,0.157,39.26,0.153,36.43,0.152,33.01,0.154,29.56,0.157,26.23,0.161,23.58,0.164,21.48,0.166,19.76,0.166,18.32,0.162,17.05,0.154,15.74,0.14,14.5,0.121,13.58,0.094,12.45,0.057,10.75,0.019,9.0
apcsp_10x6,apcsp,2,10.0,6.0,apcsp_10x6_static_pg0802.txt,5319.0,0.1124,0.0512,4.5039622963756445,459.2763376255546,46.1966892748618,0.09749534797997965,9.941758702511017,0.169,31.55,0.161,37.27,0.157,39.26,0.153,36.43,0.152,33.01,0.154,29.56,0.157,26.23,0.161,23.58,0.164,21.48,0.166,19.76,0.166,18.32,0.162,17.05,0.154,15.74,0.14,14.5,0.121,13.58,0.094,12.45,0.057,10.75,0.019,9.0
apcsp_10x6,apcsp,2,10.0,6.0,apcsp_10x6_static_pg0802.txt,5618.0,0.1131,0.0508,5.055854057237635,515.5536352615455,54.008216700388566,0.09361268277538333,9.545837036641803,0.169,31.55,0.161,37.27,0.157,39.26,0.153,36.43,0.152,33.01,0.154,29.56,0.157,26.23,0.161,23.58,0.164,21.48,0.166,19.76,0.166,18.32,0.162,17.05,0.154,15.74,0.14,14.5,0.121,13.58,0.094,12.45,0.057,10.75,0.019,9.0
apcsp_10x6,apcsp,2,10.0,6.0,apcsp_10x6_static_pg0802.txt,5906.0,0.114,0.0503,5.631968161619258,574.3009245378655,62.12969671140214,0.09064857000317,9.243581651549714,0.169,31.55,0.161,37.27,0.157,39.26,0.153,36.43,0.152,33.01,0.154,29.56,0.157,26.23,0.161,23.58,0.164,21.48,0.166,19.76,0.166,18.32,0.162,17.05,0.154,15.74,0.14,14.5,0.121,13.58,0.094,12.45,0.057,10.75,0.019,9.0
apcsp_10x6,apcsp,2,10.0,6.0,apcsp_10x6_static_pg0802.txt,6205.0,0.1149,0.0498,6.265735457057558,638.9272031792262,71.33548542992087,0.08783476301164225,8.956653190604566,0.169,31.55,0.161,37.27,0.157,39.26,0.153,36.43,0.152,33.01,0.154,29.56,0.157,26.23,0.161,23.58,0.164,21.48,0.166,19.76,0.166,18.32,0.162,17.05,0.154,15.74,0.14,14.5,0.121,13.58,0.094,12.45,0.057,10.75,0.019,9.0
apcsp_10x6,apcsp,2,10.0,6.0,apcsp_10x6_static_pg0802.txt,6489.0,0.1161,0.0494,6.92398665987558,706.0501455518022,80.93030778385135,0.08555492805449551,8.724174723732927,0.169,31.55,0.161,37.27,0.157,39.26,0.153,36.43,0.152,33.01,0.154,29.56,0.157,26.23,0.161,23.58,0.164,21.48,0.166,19.76,0.166,18.32,0.162,17.05,0.154,15.74,0.14,14.5,0.121,13.58,0.094,12.45,0.057,10.75,0.019,9.0
apcsp_10x8,apcsp,2,10.0,8.0,apcsp_10x8_static_pg0794.txt,1759.0,0.101,0.072,0.44261029074557107,45.13368895041335,2.3495296795372362,0.18838250676311852,19.20966963877762,0.163,34.08,0.154,42.1,0.151,45.25,0.147,42.3,0.146,38.2,0.149,34.22,0.155,30.8,0.16,27.93,0.164,25.43,0.167,23.38,0.166,21.63,0.163,19.99,0.155,18.47,0.141,16.94,0.122,15.53,0.096,13.72,0.059,11.19,0.021,8.6
apcsp_10x8,apcsp,2,10.0,8.0,apcsp_10x8_static_pg0794.txt,2129.0,0.1037,0.0724,0.6657306216486669,67.88563083710207,4.189058942314999,0.15892128299363684,16.2054608855865,0.163,34.08,0.154,42.1,0.151,45.25,0.147,42.3,0.146,38.2,0.149,34.22,0.155,30.8,0.16,27.93,0.164,25.43,0.167,23.38,0.166,21.63,0.163,19.99,0.155,18.47,0.141,16.94,0.122,15.53,0.096,13.72,0.059,11.19,0.021,8.6
apcsp_10x8,apcsp,2,10.0,8.0,apcsp_10x8_static_pg0794.txt,2401.0,0.1047,0.0721,0.8548687787543076,87.1723553664409,5.983601543570003,0.1428686005459291,14.56854283021512,0.163,34.08,0.154,42.1,0.151,45.25,0.147,42.3,0.146,38.2,0.149,34.22,0.155,30.8,0.16,27.93,0.164,25.43,0.167,23.38,0.166,21.63,0.163,19.99,0.155,18.47,0.141,16.94,0.122,15.53,0.096,13.72,0.059,11.19,0.021,8.6
apcsp_10x8,apcsp,2,10.0,8.0,apcsp_10x8_static_pg0794.txt,2694.0,0.1057,0.0717,1.0865222504640366,110.79443545594435,8.405486412989049,0.12926345925502028,13.181204514795603,0.163,34.08,0.154,42.1,0.151,45.25,0.147,42.3,0.146,38.2,0.149,34.22,0.155,30.8,0.16,27.93,0.164,25.43,0.167,23.38,0.166,21.63,0.163,19.99,0.155,18.47,0.141,16.94,0.122,15.53,0.096,13.72,0.059,11.19,0.021,8.6
apcsp_10x8,apcsp,2,10.0,8.0,apcsp_10x8_static_pg0794.txt,2973.0,0.1061,0.071,1.3282311363050936,135.44188242724007,11.186494076021168,0.11873524692175239,12.107625633804856,0.163,34.08,0.154,42.1,0.151,45.25,0.147,42.3,0.146,38.2,0.149,34.22,0.155,30.8,0.16,27.93,0.164,25.43,0.167,23.38,0.166,21.63,0.163,19.99,0.155,18.47,0.141,16.94,0.122,15.53,0.096,13.72,0.059,11.19,0.021,8.6
apcsp_10x8,apcsp,2,10.0,8.0,apcsp_10x8_static_pg0794.txt,3296.0,0.1074,0.0704,1.6525215885757438,168.51030561667278,15.11420083894441,0.10933569073117845,11.149137649572328,0.163,34.08,0.154,42.1,0.151,45.25,0.147,42.3,0.146,38.2,0.149,34.22,0.155,30.8,0.16,27.93,0.164,25.43,0.167,23.38,0.166,21.63,0.163,19.99,0.155,18.47,0.141,16.94,0.122,15.53,0.096,13.72,0.059,11.19,0.021,8.6
apcsp_10x8,apcsp,2,10.0,8.0,apcsp_10x8_static_pg0794.txt,3570.0,0.1083,0.0701,1.9549395969715346,199.3483602424411,19.123773307895288,0.10222562072331373,10.424112283329551,0.163,34.08,0.154,42.1,0.151,45.25,0.147,42.3,0.146,38.2,0.149,34.22,0.155,30.8,0.16,27.93,0.164,25.43,0.167,23.38,0.166,21.63,0.163,19.99,0.155,18.47,0.141,16.94,0.122,15.53,0.096,13.72,0.059,11.19,0.021,8.6
apcsp_10x8,apcsp,2,10.0,8.0,apcsp_10x8_static_pg0794.txt,3900.0,0.1089,0.07,2.345986713839769,239.22406875332243,24.896757072402405,0.09422860603962963,9.608643730492027,0.163,34.08,0.154,42.1,0.151,45.25,0.147,42.3,0.146,38.2,0.149,34.22,0.155,30.8,0.16,27.93,0.164,25.43,0.167,23.38,0.166,21.63,0.163,19.99,0.155,18.47,0.141,16.94,0.122,15.53,0.096,13.72,0.059,11.19,0.021,8.6
apcsp_10x8,apcsp,2,10.0,8.0,apcsp_10x8_static_pg0794.txt,4168.0,0.1086,0.0691,2.672106110988514,272.4789924172387,29.999367544906544,0.0890720815026715,9.082824563196557,0.163,34.08,0.154,42.1,0.151,45.25,0.147,42.3,0.146,38.2,0.149,34.22,0.155,30.8,0.16,27.93,0.164,25.43,0.167,23.38,0.166,21.63,0.163,19.99,0.155,18.47,0.141,16.94,0.122,15.53,0.096,13.72,0.059,11.19,0.021,8.6
apcsp_10x8,apcsp,2,10.0,8.0,apcsp_10x8_static_pg0794.txt,4442.0,0.1098,0.0695,3.06851254360291,312.90119904380293,36.52341582922449,0.08401493874369813,8.567139516929648,0.163,34.08,0.154,42.1,0.151,45.25,0.147,42.3,0.146,38.2,0.149,34.22,0.155,30.8,0.16,27.93,0.164,25.43,0.167,23.38,0.166,21.63,0.163,19.99,0.155,18.47,0.141,16.94,0.122,15.53,0.096,13.72,0.059,11.19,0.021,8.6
apcsp_10x8,apcsp,2,10.0,8.0,apcsp_10x8_static_pg0794.txt,4760.0,0.1102,0.0693,3.5364209473481174,360.614577592564,44.81310264446408,0.07891488735794963,8.04707900842282,0.163,34.08,0.154,42.1,0.151,45.25,0.147,42.3,0.146,38.2,0.149,34.22,0.155,30.8,0.16,27.93,0.164,25.43,0.167,23.38,0.166,21.63,0.163,19.99,0.155,18.47,0.141,16.94,0.122,15.53,0.096,13.72,0.059,11.19,0.021,8.6
apcsp_10x8,apcsp,2,10.0,8.0,apcsp_10x8_static_pg0794.txt,5050.0,0.1103,0.0688,3.9840678233640983,406.26185530880565,53.126779878453334,0.07499170535987858,7.6470257794332,0.163,34.08,0.154,42.1,0.151,45.25,0.147,42.3,0.146,38.2,0.149,34.22,0.155,30.8,0.16,27.93,0.164,25.43,0.167,23.38,0.166,21.63,0.163,19.99,0.155,18.47,0.141,16.94,0.122,15.53,0.096,13.72,0.059,11.19,0.021,8.6
apcsp_10x8,apcsp,2,10.0,8.0,apcsp_10x8_static_pg0794.txt,5339.0,0.1117,0.0687,4.509635797375061,459.8548737208998,62.68843389630435,0.07193728598858674,7.335561684019186,0.163,34.08,0.154,42.1,0.151,45.25,0.147,42.3,0.146,38.2,0.149,34.22,0.155,30.8,0.16,27.93,0.164,25.43,0.167,23.38,0.166,21.63,0.163,19.99,0.155,18.47,0.141,16.94,0.122,15.53,0.096,13.72,0.059,11.19,0.021,8.6
apcsp_10x8,apcsp,2,10.0,8.0,apcsp_10x8_static_pg0794.txt,5633.0,0.1126,0.0678,5.060417481954167,516.0189750785607,72.66074864655279,0.06964444457584386,7.1017569277830725,0.163,34.08,0.154,42.1,0.151,45.25,0.147,42.3,0.146,38.2,0.149,34.22,0.155,30.8,0.16,27.93,0.164,25.43,0.167,23.38,0.166,21.63,0.163,19.99,0.155,18.47,0.141,16.94,0.122,15.53,0.096,13.72,0.059,11.19,0.021,8.6
apcsp_10x8,apcsp,2,10.0,8.0,apcsp_10x8_static_pg0794.txt,5923.0,0.1146,0.0667,5.694250089927494,580.6519137450092,83.10017770300169,0.06852271857081492,6.987372708398375,0.163,34.08,0.154,42.1,0.151,45.25,0.147,42.3,0.146,38.2,0.149,34.22,0.155,30.8,0.16,27.93,0.164,25.43,0.167,23.38,0.166,21.63,0.163,19.99,0.155,18.47,0.141,16.94,0.122,15.53,0.096,13.72,0.059,11.19,0.021,8.6
apcsp_10x8,apcsp,2,10.0,8.0,apcsp_10x8_static_pg0794.txt,6218.0,0.1152,0.0659,6.308445695590009,643.2824354483956,94.99231863851588,0.06641006121343548,6.771941612419684,0.163,34.08,0.154,42.1,0.151,45.25,0.147,42.3,0.146,38.2,0.149,34.22,0.155,30.8,0.16,27.93,0.164,25.43,0.167,23.38,0.166,21.63,0.163,19.99,0.155,18.47,0.141,16.94,0.122,15.53,0.096,13.72,0.059,11.19,0.021,8.6
apcsp_11x4,apcsp,2,11.0,4.0,apcsp_11x4_static_kt0503.txt,1673.0,0.062,0.0332,0.3598510435594286,36.69459433745761,1.5012058669353403,0.23970799174536403,24.443412556312712,0.17,28.19,0.169,30.01,0.168,30.46,0.164,27.59,0.162,23.97,0.161,21.02,0.162,18.63,0.163,16.77,0.163,15.23,0.161,13.88,0.158,12.74,0.153,11.63,0.143,10.69,0.129,9.8,0.109,8.69,0.084,7.32,0.051,6.29,0.017,5.29
apcsp_11x4,apcsp,2,11.0,4.0,apcsp_11x4_static_kt0503.txt,2085.0,0.0658,0.0333,0.5931673081354338,60.48623211141765,2.914585217534633,0.20351688623370484,20.752946850729337,0.17,28.19,0.169,30.01,0.168,30.46,0.164,27.59,0.162,23.97,0.161,21.02,0.162,18.63,0.163,16.77,0.163,15.23,0.161,13.88,0.158,12.74,0.153,11.63,0.143,10.69,0.129,9.8,0.109,8.69,0.084,7.32,0.051,6.29,0.017,5.29
apcsp_11x4,apcsp,2,11.0,4.0,apcsp_11x4_static_kt0503.txt,2441.0,0.0684,0.033,0.8451442782977707,86.1807322885767,4.634806683648113,0.18234725544853733,18.594245277290142,0.17,28.19,0.169,30.01,0.168,30.46,0.164,27.59,0.162,23.97,0.161,21.02,0.162,18.63,0.163,16.77,0.163,15.23,0.161,13.88,0.158,12.74,0.153,11.63,0.143,10.69,0.129,9.8,0.109,8.69,0.084,7.32,0.051,6.29,0.017,5.29
apcsp_11x4,apcsp,2,11.0,4.0,apcsp_11x4_static_kt0503.txt,2751.0,0.0702,0.0325,1.101685130951516,112.34061896279731,6.533854793149577,0.16861181734656522,17.193620384796567,0.17,28.19,0.169,30.01,0.168,30.46,0.164,27.59,0.162,23.97,0.161,21.02,0.162,18.63,0.163,16.77,0.163,15.23,0.161,13.88,0.158,12.74,0.153,11.63,0.143,10.69,0.129,9.8,0.109,8.69,0.084,7.32,0.051,6.29,0.017,5.29
apcsp_11x4,apcsp,2,11.0,4.0,apcsp_11x4_static_kt0503.txt,3032.0,0.0716,0.0327,1.364930729082607,139.18419940373187,8.801358070249924,0.15508183148420052,15.813945790275021,0.17,28.19,0.169,30.01,0.168,30.46,0.164,27.59,0.162,23.97,0.161,21.02,0.162,18.63,0.163,16.77,0.163,15.23,0.161,13.88,0.158,12.74,0.153,11.63,0.143,10.69,0.129,9.8,0.109,8.69,0.084,7.32,0.051,6.29,0.017,5.29
apcsp_11x4,apcsp,2,11.0,4.0,apcsp_11x4_static_kt0503.txt,3368.0,0.074,0.0342,1.7406645330510753,177.49838457078366,12.617017370611553,0.1379616498829235,14.06817311548016,0.17,28.19,0.169,30.01,0.168,30.46,0.164,27.59,0.162,23.97,0.161,21.02,0.162,18.63,0.163,16.77,0.163,15.23,0.161,13.88,0.158,12.74,0.153,11.63,0.143,10.69,0.129,9.8,0.109,8.69,0.084,7.32,0.051,6.29,0.017,5.29
apcsp_11x4,apcsp,2,11.0,4.0,apcsp_11x4_static_kt0503.txt,3675.0,0.0752,0.0334,2.1060647657000553,214.75883871659084,16.007844005904122,0.13156454828790698,13.41585029422963,0.17,28.19,0.169,30.01,0.168,30.46,0.164,27.59,0.162,23.97,0.161,21.02,0.162,18.63,0.163,16.77,0.163,15.23,0.161,13.88,0.158,12.74,0.153,11.63,0.143,10.69,0.129,9.8,0.109,8.69,0.084,7.32,0.051,6.29,0.017,5.29
apcsp_11x4,apcsp,2,11.0,4.0,apcsp_11x4_static_kt0503.txt,4000.0,0.0762,0.0328,2.5282158461766895,257.80626882540827,20.270672828901102,0.12472283813747229,12.718190017740238,0.17,28.19,0.169,30.01,0.168,30.46,0.164,27.59,0.162,23.97,0.161,21.02,0.162,18.63,0.163,16.77,0.163,15.23,0.161,13.88,0.158,12.74,0.153,11.63,0.143,10.69,0.129,9.8,0.109,8.69,0.084,7.32,0.051,6.29,0.017,5.29
apcsp_11x4,apcsp,2,11.0,4.0,apcsp_11x4_static_kt0503.txt,4316.0,0.0786,0.0325,3.0361597117392596,309.60212832509166,25.231438740612184,0.12033240525647465,12.270490458665769,0.17,28.19,0.169,30.01,0.168,30.46,0.164,27.59,0.162,23.97,0.161,21.02,0.162,18.63,0.163,16.77,0.163,15.23,0.161,13.88,0.158,12.74,0.153,11.63,0.143,10.69,0.129,9.8,0.109,8.69,0.084,7.32,0.051,6.29,0.017,5.29
apcsp_11x4,apcsp,2,11.0,4.0,apcsp_11x4_static_kt0503.txt,4629.0,0.0814,0.032,3.6169121587288102,368.8223969172766,30.64967453131487,0.11800817509606504,12.033484940939571,0.17,28.19,0.169,30.01,0.168,30.46,0.164,27.59,0.162,23.97,0.161,21.02,0.162,18.63,0.163,16.77,0.163,15.23,0.161,13.88,0.158,12.74,0.153,11.63,0.143,10.69,0.129,9.8,0.109,8.69,0.084,7.32,0.051,6.29,0.017,5.29
apcsp_11x4,apcsp,2,11.0,4.0,apcsp_11x4_static_kt0503.txt,4949.0,0.0837,0.0321,4.251082767587835,433.48980208203983,37.572642502144326,0.11314303398663589,11.537378614168539,0.17,28.19,0.169,30.01,0.168,30.46,0.164,27.59,0.162,23.97,0.161,21.02,0.162,18.63,0.163,16.77,0.163,15.23,0.161,13.88,0.158,12.74,0.153,11.63,0.143,10.69,0.129,9.8,0.109,8.69,0.084,7.32,0.051,6.29,0.017,5.29
apcsp_11x4,apcsp,2,11.0,4.0,apcsp_11x4_static_kt0503.txt,5272.0,0.085,0.0321,4.899016745456376,499.5606802992232,45.419838284987705,0.10786072629139266,10.998733134290779,0.17,28.19,0.169,30.01,0.168,30.46,0.164,27.59,0.162,23.97,0.161,21.02,0.162,18.63,0.163,16.77,0.163,15.23,0.161,13.88,0.158,12.74,0.153,11.63,0.143,10.69,0.129,9.8,0.109,8.69,0.084,7.32,0.051,6.29,0.017,5.29
apcsp_11x4,apcsp,2,11.0,4.0,apcsp_11x4_static_kt0503.txt,5585.0,0.0862,0.0322,5.575615487565819,568.5545510001702,54.16761954853099,0.1029326290140994,10.496207065011948,0.17,28.19,0.169,30.01,0.168,30.46,0.164,27.59,0.162,23.97,0.161,21.02,0.162,18.63,0.163,16.77,0.163,15.23,0.161,13.88,0.158,12.74,0.153,11.63,0.143,10.69,0.129,9.8,0.109,8.69,0.084,7.32,0.051,6.29,0.017,5.29
apcsp_11x4,apcsp,2,11.0,4.0,apcsp_11x4_static_kt0503.txt,5924.0,0.0869,0.032,6.323959372432007,644.8643902282643,64.24058310117097,0.09844181150212404,10.0382711223633,0.17,28.19,0.169,30.01,0.168,30.46,0.164,27.59,0.162,23.97,0.161,21.02,0.162,18.63,0.163,16.77,0.163,15.23,0.161,13.88,0.158,12.74,0.153,11.63,0.143,10.69,0.129,9.8,0.109,8.69,0.084,7.32,0.051,6.29,0.017,5.29
apcsp_11x4,apcsp,2,11.0,4.0,apcsp_11x4_static_kt0503.txt,6225.0,0.0876,0.032,7.039179059764065,717.7965013296147,74.53879919257562,0.0944364429802244,9.62983720029005,0.17,28.19,0.169,30.01,0.168,30.46,0.164,27.59,0.162,23.97,0.161,21.02,0.162,18.63,0.163,16.77,0.163,15.23,0.161,13.88,0.158,12.74,0.153,11.63,0.143,10.69,0.129,9.8,0.109,8.69,0.084,7.32,0.051,6.29,0.017,5.29
apcsp_11x4,apcsp,2,11.0,4.0,apcsp_11x4_static_kt0503.txt,6549.0,0.088,0.0319,7.826576743133135,798.0887197088848,86.52268751836357,0.09045693063419953,9.22403987439131,0.17,28.19,0.169,30.01,0.168,30.46,0.164,27.59,0.162,23.97,0.161,21.02,0.162,18.63,0.163,16.77,0.163,15.23,0.161,13.88,0.158,12.74,0.153,11.63,0.143,10.69,0.129,9.8,0.109,8.69,0.084,7.32,0.051,6.29,0.017,5.29
apcsp_11x5,apcsp,2,11.0,5.0,apcsp_11x5_static_rd0496.txt,1745.0,0.0814,0.0423,0.5139897549213743,52.412368639787736,2.1704061317166152,0.23681731608215192,24.1486456722889,0.167,27.64,0.165,30.17,0.165,31.5,0.162,29.54,0.16,26.43,0.16,23.57,0.161,21.03,0.162,18.92,0.162,17.14,0.161,15.69,0.158,14.44,0.152,13.29,0.142,12.44,0.128,11.32,0.109,10.27,0.083,9.07,0.05,7.28,0.015,5.42
apcsp_11x5,apcsp,2,11.0,5.0,apcsp_11x5_static_rd0496.txt,2068.0,0.0845,0.0418,0.7493711562806685,76.41459175974147,3.569786406778203,0.2099204464608261,21.405928269166957,0.167,27.64,0.165,30.17,0.165,31.5,0.162,29.54,0.16,26.43,0.16,23.57,0.161,21.03,0.162,18.92,0.162,17.14,0.161,15.69,0.158,14.44,0.152,13.29,0.142,12.44,0.128,11.32,0.109,10.27,0.083,9.07,0.05,7.28,0.015,5.42
apcsp_11x5,apcsp,2,11.0,5.0,apcsp_11x5_static_rd0496.txt,2383.0,0.0886,0.0422,1.0433283335436352,106.38988171736885,5.514408367009661,0.189200411740527,19.293072735391497,0.167,27.64,0.165,30.17,0.165,31.5,0.162,29.54,0.16,26.43,0.16,23.57,0.161,21.03,0.162,18.92,0.162,17.14,0.161,15.69,0.158,14.44,0.152,13.29,0.142,12.44,0.128,11.32,0.109,10.27,0.083,9.07,0.05,7.28,0.015,5.42
apcsp_11x5,apcsp,2,11.0,5.0,apcsp_11x5_static_rd0496.txt,2664.0,0.0894,0.0416,1.3156644950562626,134.16044164482904,7.594695019421387,0.17323467126616737,17.665020294001252,0.167,27.64,0.165,30.17,0.165,31.5,0.162,29.54,0.16,26.43,0.16,23.57,0.161,21.03,0.162,18.92,0.162,17.14,0.161,15.69,0.158,14.44,0.152,13.29,0.142,12.44,0.128,11.32,0.109,10.27,0.083,9.07,0.05,7.28,0.015,5.42
apcsp_11x5,apcsp,2,11.0,5.0,apcsp_11x5_static_rd0496.txt,2967.0,0.0908,0.0414,1.6575251859772115,169.02053055602187,10.4416065974095,0.1587423516212949,16.187214963447754,0.167,27.64,0.165,30.17,0.165,31.5,0.162,29.54,0.16,26.43,0.16,23.57,0.161,21.03,0.162,18.92,0.162,17.14,0.161,15.69,0.158,14.44,0.152,13.29,0.142,12.44,0.128,11.32,0.109,10.27,0.083,9.07,0.05,7.28,0.015,5.42
apcsp_11x5,apcsp,2,11.0,5.0,apcsp_11x5_static_rd0496.txt,3261.0,0.0917,0.0418,2.0221349167408462,206.2003759429414,13.997259835889638,0.14446648418685465,14.731481615725519,0.167,27.64,0.165,30.17,0.165,31.5,0.162,29.54,0.16,26.43,0.16,23.57,0.161,21.03,0.162,18.92,0.162,17.14,0.161,15.69,0.158,14.44,0.152,13.29,0.142,12.44,0.128,11.32,0.109,10.27,0.083,9.07,0.05,7.28,0.015,5.42
apcsp_11x5,apcsp,2,11.0,5.0,apcsp_11x5_static_rd0496.txt,3590.0,0.0933,0.0409,2.4935020864299076,254.26645046268683,18.273468973885954,0.13645477440508388,13.914514579910968,0.167,27.64,0.165,30.17,0.165,31.5,0.162,29.54,0.16,26.43,0.16,23.57,0.161,21.03,0.162,18.92,0.162,17.14,0.161,15.69,0.158,14.44,0.152,13.29,0.142,12.44,0.128,11.32,0.109,10.27,0.083,9.07,0.05,7.28,0.015,5.42
apcsp_11x5,apcsp,2,11.0,5.0,apcsp_11x5_static_rd0496.txt,3873.0,0.0962,0.0404,2.9923284454445285,305.1325830374826,22.66408563687944,0.13202952430498027,13.463264652555184,0.167,27.64,0.165,30.17,0.165,31.5,0.162,29.54,0.16,26.43,0.16,23.57,0.161,21.03,0.162,18.92,0.162,17.14,0.161,15.69,0.158,14.44,0.152,13.29,0.142,12.44,0.128,11.32,0.109,10.27,0.083,9.07,0.05,7.28,0.015,5.42
apcsp_11x5,apcsp,2,11.0,5.0,apcsp_11x5_static_rd0496.txt,4180.0,0.0996,0.0395,3.608702637511043,367.9852587286223,27.857381217998302,0.1295420631706582,13.209614207773114,0.167,27.64,0.165,30.17,0.165,31.5,0.162,29.54,0.16,26.43,0.16,23.57,0.161,21.03,0.162,18.92,0.162,17.14,0.161,15.69,0.158,14.44,0.152,13.29,0.142,12.44,0.128,11.32,0.109,10.27,0.083,9.07,0.05,7.28,0.015,5.42
apcsp_11x5,apcsp,2,11.0,5.0,apcsp_11x5_static_rd0496.txt,4489.0,0.1005,0.0394,4.199566547537399,428.236609600363,34.41592007499632,0.1220239510780491,12.442980128591223,0.167,27.64,0.165,30.17,0.165,31.5,0.162,29.54,0.16,26.43,0.16,23.57,0.161,21.03,0.162,18.92,0.162,17.14,0.161,15.69,0.158,14.44,0.152,13.29,0.142,12.44,0.128,11.32,0.109,10.27,0.083,9.07,0.05,7.28,0.015,5.42
apcsp_11x5,apcsp,2,11.0,5.0,apcsp_11x5_static_rd0496.txt,4794.0,0.1008,0.0391,4.8039202222747,489.8635336506045,41.599220517275825,0.11548101533007499,11.775786362323016,0.167,27.64,0.165,30.17,0.165,31.5,0.162,29.54,0.16,26.43,0.16,23.57,0.161,21.03,0.162,18.92,0.162,17.14,0.161,15.69,0.158,14.44,0.152,13.29,0.142,12.44,0.128,11.32,0.109,10.27,0.083,9.07,0.05,7.28,0.015,5.42
apcsp_11x5,apcsp,2,11.0,5.0,apcsp_11x5_static_rd0496.txt,5081.0,0.1015,0.0391,5.433799720570614,554.0933673140793,49.52661982777681,0.10971472996675394,11.187788894959436,0.167,27.64,0.165,30.17,0.165,31.5,0.162,29.54,0.16,26.43,0.16,23.57,0.161,21.03,0.162,18.92,0.162,17.14,0.161,15.69,0.158,14.44,0.152,13.29,0.142,12.44,0.128,11.32,0.109,10.27,0.083,9.07,0.05,7.28,0.015,5.42
apcsp_11x5,apcsp,2,11.0,5.0,apcsp_11x5_static_rd0496.txt,5399.0,0.1014,0.0388,6.129200170422543,625.0044786366948,58.96388010572732,0.10394838601924362,10.599785453671094,0.167,27.64,0.165,30.17,0.165,31.5,0.162,29.54,0.16,26.43,0.16,23.57,0.161,21.03,0.162,18.92,0.162,17.14,0.161,15.69,0.158,14.44,0.152,13.29,0.142,12.44,0.128,11.32,0.109,10.27,0.083,9.07,0.05,7.28,0.015,5.42
apcsp_11x5,apcsp,2,11.0,5.0,apcsp_11x5_static_rd0496.txt,5693.0,0.102,0.0387,6.855225328275822,699.0384410859798,68.95231677281826,0.09941979688459468,10.137997877419373,0.167,27.64,0.165,30.17,0.165,31.5,0.162,29.54,0.16,26.43,0.16,23.57,0.161,21.03,0.162,18.92,0.162,17.14,0.161,15.69,0.158,14.44,0.152,13.29,0.142,12.44,0.128,11.32,0.109,10.27,0.083,9.07,0.05,7.28,0.015,5.42
apcsp_11x5,apcsp,2,11.0,5.0,apcsp_11x5_static_rd0496.txt,6000.0,0.1022,0.0387,7.629438764151307,777.9862403727377,80.71961142880622,0.09451778358571988,9.638131633709769,0.167,27.64,0.165,30.17,0.165,31.5,0.162,29.54,0.16,26.43,0.16,23.57,0.161,21.03,0.162,18.92,0.162,17.14,0.161,15.69,0.158,14.44,0.152,13.29,0.142,12.44,0.128,11.32,0.109,10.27,0.083,9.07,0.05,7.28,0.015,5.42
apcsp_11x5,apcsp,2,11.0,5.0,apcsp_11x5_static_rd0496.txt,6293.0,0.1025,0.0387,8.41741082137376,858.3370285850684,93.13190933682517,0.09038159832985881,9.216358117181588,0.167,27.64,0.165,30.17,0.165,31.5,0.162,29.54,0.16,26.43,0.16,23.57,0.161,21.03,0.162,18.92,0.162,17.14,0.161,15.69,0.158,14.44,0.152,13.29,0.142,12.44,0.128,11.32,0.109,10.27,0.083,9.07,0.05,7.28,0.015,5.42
apcsp_11x6,apcsp,2,11.0,6.0,apcsp_11x6_static_rd0488.txt,1752.0,0.0917,0.0514,0.5836825832126317,59.51905933347593,2.669191732044859,0.21867390648834145,22.298532780138117,0.17,30.93,0.168,34.15,0.168,35.7,0.165,33.81,0.162,30.71,0.161,27.77,0.162,25.06,0.163,22.67,0.164,20.76,0.163,19.25,0.16,17.97,0.153,16.76,0.144,15.61,0.129,14.39,0.11,13.2,0.085,12.22,0.051,10.99,0.017,9.74
apcsp_11x6,apcsp,2,11.0,6.0,apcsp_11x6_static_rd0488.txt,2055.0,0.0945,0.0505,0.8275507869087347,84.38669544734796,4.231956580191339,0.1955480334515433,19.9403500126489,0.17,30.93,0.168,34.15,0.168,35.7,0.165,33.81,0.162,30.71,0.161,27.77,0.162,25.06,0.163,22.67,0.164,20.76,0.163,19.25,0.16,17.97,0.153,16.76,0.144,15.61,0.129,14.39,0.11,13.2,0.085,12.22,0.051,10.99,0.017,9.74
apcsp_11x6,apcsp,2,11.0,6.0,apcsp_11x6_static_rd0488.txt,2360.0,0.0978,0.0506,1.129541146274167,115.18114200814418,6.42245207485671,0.1758738147219834,17.934138031028276,0.17,30.93,0.168,34.15,0.168,35.7,0.165,33.81,0.162,30.71,0.161,27.77,0.162,25.06,0.163,22.67,0.164,20.76,0.163,19.25,0.16,17.97,0.153,16.76,0.144,15.61,0.129,14.39,0.11,13.2,0.085,12.22,0.051,10.99,0.017,9.74
apcsp_11x6,apcsp,2,11.0,6.0,apcsp_11x6_static_rd0488.txt,2657.0,0.0989,0.0499,1.4478334144580638,147.63792064140802,9.03835833307137,0.1601876536760485,16.33459475723601,0.17,30.93,0.168,34.15,0.168,35.7,0.165,33.81,0.162,30.71,0.161,27.77,0.162,25.06,0.163,22.67,0.164,20.76,0.163,19.25,0.16,17.97,0.153,16.76,0.144,15.61,0.129,14.39,0.11,13.2,0.085,12.22,0.051,10.99,0.017,9.74
apcsp_11x6,apcsp,2,11.0,6.0,apcsp_11x6_static_rd0488.txt,2982.0,0.1016,0.0503,1.8734762038447732,191.04140596888575,12.879685216072364,0.1454597820066977,14.83276980484648,0.17,30.93,0.168,34.15,0.168,35.7,0.165,33.81,0.162,30.71,0.161,27.77,0.162,25.06,0.163,22.67,0.164,20.76,0.163,19.25,0.16,17.97,0.153,16.76,0.144,15.61,0.129,14.39,0.11,13.2,0.085,12.22,0.051,10.99,0.017,9.74
apcsp_11x6,apcsp,2,11.0,6.0,apcsp_11x6_static_rd0488.txt,3265.0,0.1026,0.0499,2.268051579953898,231.2768967949196,16.77121200508468,0.13523480469188942,13.790112290322325,0.17,30.93,0.168,34.15,0.168,35.7,0.165,33.81,0.162,30.71,0.161,27.77,0.162,25.06,0.163,22.67,0.164,20.76,0.163,19.25,0.16,17.97,0.153,16.76,0.144,15.61,0.129,14.39,0.11,13.2,0.085,12.22,0.051,10.99,0.017,9.74
apcsp_11x6,apcsp,2,11.0,6.0,apcsp_11x6_static_rd0488.txt,3565.0,0.1034,0.0493,2.7250771501725866,277.88053516466755,21.56948958962092,0.1263394360283738,12.883037125662058,0.17,30.93,0.168,34.15,0.168,35.7,0.165,33.81,0.162,30.71,0.161,27.77,0.162,25.06,0.163,22.67,0.164,20.76,0.163,19.25,0.16,17.97,0.153,16.76,0.144,15.61,0.129,14.39,0.11,13.2,0.085,12.22,0.051,10.99,0.017,9.74
apcsp_11x6,apcsp,2,11.0,6.0,apcsp_11x6_static_rd0488.txt,3857.0,0.1056,0.0491,3.25763476427585,332.18629850926163,27.20475099483944,0.11974506823803686,12.210598750647456,0.17,30.93,0.168,34.15,0.168,35.7,0.165,33.81,0.162,30.71,0.161,27.77,0.162,25.06,0.163,22.67,0.164,20.76,0.163,19.25,0.16,17.97,0.153,16.76,0.144,15.61,0.129,14.39,0.11,13.2,0.085,12.22,0.051,10.99,0.017,9.74
apcsp_11x6,apcsp,2,11.0,6.0,apcsp_11x6_static_rd0488.txt,4161.0,0.1068,0.0485,3.8344747238355996,391.0076044149225,33.74032273565329,0.1136466522231491,11.588733382260926,0.17,30.93,0.168,34.15,0.168,35.7,0.165,33.81,0.162,30.71,0.161,27.77,0.162,25.06,0.163,22.67,0.164,20.76,0.163,19.25,0.16,17.97,0.153,16.76,0.144,15.61,0.129,14.39,0.11,13.2,0.085,12.22,0.051,10.99,0.017,9.74
apcsp_11x6,apcsp,2,11.0,6.0,apcsp_11x6_static_rd0488.txt,4444.0,0.1078,0.0481,4.414749402313926,450.1791541774129,40.76444873159136,0.10829900905522642,11.043425538305787,0.17,30.93,0.168,34.15,0.168,35.7,0.165,33.81,0.162,30.71,0.161,27.77,0.162,25.06,0.163,22.67,0.164,20.76,0.163,19.25,0.16,17.97,0.153,16.76,0.144,15.61,0.129,14.39,0.11,13.2,0.085,12.22,0.051,10.99,0.017,9.74
apcsp_11x6,apcsp,2,11.0,6.0,apcsp_11x6_static_rd0488.txt,4736.0,0.1091,0.0478,5.0744307842576575,517.4479342341838,49.0317421196875,0.10349276947718616,10.553325496187401,0.17,30.93,0.168,34.15,0.168,35.7,0.165,33.81,0.162,30.71,0.161,27.77,0.162,25.06,0.163,22.67,0.164,20.76,0.163,19.25,0.16,17.97,0.153,16.76,0.144,15.61,0.129,14.39,0.11,13.2,0.085,12.22,0.051,10.99,0.017,9.74
apcsp_11x6,apcsp,2,11.0,6.0,apcsp_11x6_static_rd0488.txt,5042.0,0.1111,0.0477,5.85678034885406,597.2253877577012,59.03930677986092,0.09920137393706466,10.115724935331095,0.17,30.93,0.168,34.15,0.168,35.7,0.165,33.81,0.162,30.71,0.161,27.77,0.162,25.06,0.163,22.67,0.164,20.76,0.163,19.25,0.16,17.97,0.153,16.76,0.144,15.61,0.129,14.39,0.11,13.2,0.085,12.22,0.051,10.99,0.017,9.74
apcsp_11x6,apcsp,2,11.0,6.0,apcsp_11x6_static_rd0488.txt,5369.0,0.1114,0.0473,6.6590334092396235,679.0324330163332,70.68962846385168,0.09420099601520514,9.60582829153739,0.17,30.93,0.168,34.15,0.168,35.7,0.165,33.81,0.162,30.71,0.161,27.77,0.162,25.06,0.163,22.67,0.164,20.76,0.163,19.25,0.16,17.97,0.153,16.76,0.144,15.61,0.129,14.39,0.11,13.2,0.085,12.22,0.051,10.99,0.017,9.74
apcsp_11x6,apcsp,2,11.0,6.0,apcsp_11x6_static_rd0488.txt,5654.0,0.1121,0.0471,7.431156642249548,757.7670909280488,82.20583897798997,0.09039694423943763,9.21792296446163,0.17,30.93,0.168,34.15,0.168,35.7,0.165,33.81,0.162,30.71,0.161,27.77,0.162,25.06,0.163,22.67,0.164,20.76,0.163,19.25,0.16,17.97,0.153,16.76,0.144,15.61,0.129,14.39,0.11,13.2,0.085,12.22,0.051,10.99,0.017,9.74
apcsp_11x6,apcsp,2,11.0,6.0,apcsp_11x6_static_rd0488.txt,5954.0,0.113,0.0471,8.306829549918145,847.060877049568,95.99790259893535,0.08653136500932543,8.823743583112014,0.17,30.93,0.168,34.15,0.168,35.7,0.165,33.81,0.162,30.71,0.161,27.77,0.162,25.06,0.163,22.67,0.164,20.76,0.163,19.25,0.16,17.97,0.153,16.76,0.144,15.61,0.129,14.39,0.11,13.2,0.085,12.22,0.051,10.99,0.017,9.74
apcsp_11x6,apcsp,2,11.0,6.0,apcsp_11x6_static_rd0488.txt,6259.0,0.1129,0.0468,9.171556378906256,935.238473781185,110.80900474244152,0.08276905293233279,8.440094520792808,0.17,30.93,0.168,34.15,0.168,35.7,0.165,33.81,0.162,30.71,0.161,27.77,0.162,25.06,0.163,22.67,0.164,20.76,0.163,19.25,0.16,17.97,0.153,16.76,0.144,15.61,0.129,14.39,0.11,13.2,0.085,12.22,0.051,10.99,0.017,9.74
apcsp_11x7,apcsp,2,11.0,7.0,apcsp_11x7_static_kt0473.txt,1583.0,0.0973,0.0608,0.5056079162597392,51.55765896200428,2.3289527107518806,0.21709668638849625,22.137701089413437,0.167,31.46,0.166,36.57,0.167,39.02,0.164,37.25,0.162,34.15,0.161,31.09,0.162,28.14,0.163,25.58,0.163,23.49,0.162,21.58,0.159,19.88,0.153,18.28,0.143,16.85,0.129,15.4,0.11,14.01,0.084,12.65,0.051,11.03,0.017,9.39
apcsp_11x7,apcsp,2,11.0,7.0,apcsp_11x7_static_kt0473.txt,1896.0,0.0996,0.0599,0.742463655855343,75.71022274225582,3.9423589842768494,0.18832979411983555,19.204294445079164,0.167,31.46,0.166,36.57,0.167,39.02,0.164,37.25,0.162,34.15,0.161,31.09,0.162,28.14,0.163,25.58,0.163,23.49,0.162,21.58,0.159,19.88,0.153,18.28,0.143,16.85,0.129,15.4,0.11,14.01,0.084,12.65,0.051,11.03,0.017,9.39
apcsp_11x7,apcsp,2,11.0,7.0,apcsp_11x7_static_kt0473.txt,2163.0,0.1017,0.0589,0.9866728700825089,100.61263225285995,5.755713916891852,0.17142493256776092,17.48047830479939,0.167,31.46,0.166,36.57,0.167,39.02,0.164,37.25,0.162,34.15,0.161,31.09,0.162,28.14,0.163,25.58,0.163,23.49,0.162,21.58,0.159,19.88,0.153,18.28,0.143,16.85,0.129,15.4,0.11,14.01,0.084,12.65,0.051,11.03,0.017,9.39
apcsp_11x7,apcsp,2,11.0,7.0,apcsp_11x7_static_kt0473.txt,2499.0,0.1045,0.0583,1.353281041628181,137.9962618863915,8.785807218469374,0.15403035918923155,15.706725455607325,0.167,31.46,0.166,36.57,0.167,39.02,0.164,37.25,0.162,34.15,0.161,31.09,0.162,28.14,0.163,25.58,0.163,23.49,0.162,21.58,0.159,19.88,0.153,18.28,0.143,16.85,0.129,15.4,0.11,14.01,0.084,12.65,0.051,11.03,0.017,9.39
apcsp_11x7,apcsp,2,11.0,7.0,apcsp_11x7_static_kt0473.txt,2782.0,0.1053,0.0573,1.6899809827144052,172.33010076982512,11.913526779554768,0.14185396264141045,14.46507855806116,0.167,31.46,0.166,36.57,0.167,39.02,0.164,37.25,0.162,34.15,0.161,31.09,0.162,28.14,0.163,25.58,0.163,23.49,0.162,21.58,0.159,19.88,0.153,18.28,0.143,16.85,0.129,15.4,0.11,14.01,0.084,12.65,0.051,11.03,0.017,9.39
apcsp_11x7,apcsp,2,11.0,7.0,apcsp_11x7_static_kt0473.txt,3098.0,0.1076,0.0574,2.141481333784987,218.37032358501497,16.48050362539607,0.1299402847425739,13.250221507097114,0.167,31.46,0.166,36.57,0.167,39.02,0.164,37.25,0.162,34.15,0.161,31.09,0.162,28.14,0.163,25.58,0.163,23.49,0.162,21.58,0.159,19.88,0.153,18.28,0.143,16.85,0.129,15.4,0.11,14.01,0.084,12.65,0.051,11.03,0.017,9.39
apcsp_11x7,apcsp,2,11.0,7.0,apcsp_11x7_static_kt0473.txt,3419.0,0.1094,0.0571,2.6518851944245103,270.4170327710799,22.03676077344694,0.12033915608957751,12.271178852062379,0.167,31.46,0.166,36.57,0.167,39.02,0.164,37.25,0.162,34.15,0.161,31.09,0.162,28.14,0.163,25.58,0.163,23.49,0.162,21.58,0.159,19.88,0.153,18.28,0.143,16.85,0.129,15.4,0.11,14.01,0.084,12.65,0.051,11.03,0.017,9.39
apcsp_11x7,apcsp,2,11.0,7.0,apcsp_11x7_static_kt0473.txt,3701.0,0.1106,0.0568,3.141466929392871,320.34047604358994,27.804810364927814,0.1129828575761634,11.521045165898999,0.167,31.46,0.166,36.57,0.167,39.02,0.164,37.25,0.162,34.15,0.161,31.09,0.162,28.14,0.163,25.58,0.163,23.49,0.162,21.58,0.159,19.88,0.153,18.28,0.143,16.85,0.129,15.4,0.11,14.01,0.084,12.65,0.051,11.03,0.017,9.39
apcsp_11x7,apcsp,2,11.0,7.0,apcsp_11x7_static_kt0473.txt,4006.0,0.1137,0.0564,3.7837422954887034,385.83433644401543,35.01275503712394,0.10806753971450721,11.019822234351917,0.167,31.46,0.166,36.57,0.167,39.02,0.164,37.25,0.162,34.15,0.161,31.09,0.162,28.14,0.163,25.58,0.163,23.49,0.162,21.58,0.159,19.88,0.153,18.28,0.143,16.85,0.129,15.4,0.11,14.01,0.084,12.65,0.051,11.03,0.017,9.39
apcsp_11x7,apcsp,2,11.0,7.0,apcsp_11x7_static_kt0473.txt,4314.0,0.1151,0.0558,4.44196160390464,452.95402649270045,43.260244301223636,0.10267999350570003,10.470445412623071,0.167,31.46,0.166,36.57,0.167,39.02,0.164,37.25,0.162,34.15,0.161,31.09,0.162,28.14,0.163,25.58,0.163,23.49,0.162,21.58,0.159,19.88,0.153,18.28,0.143,16.85,0.129,15.4,0.11,14.01,0.084,12.65,0.051,11.03,0.017,9.39
apcsp_11x7,apcsp,2,11.0,7.0,apcsp_11x7_static_kt0473.txt,4611.0,0.1163,0.0556,5.1275411478751325,522.863684119973,52.63498514246999,0.09741697720624669,9.933767107651104,0.167,31.46,0.166,36.57,0.167,39.02,0.164,37.25,0.162,34.15,0.161,31.09,0.162,28.14,0.163,25.58,0.163,23.49,0.162,21.58,0.159,19.88,0.153,18.28,0.143,16.85,0.129,15.4,0.11,14.01,0.084,12.65,0.051,11.03,0.017,9.39
apcsp_11x7,apcsp,2,11.0,7.0,apcsp_11x7_static_kt0473.txt,4915.0,0.1169,0.0551,5.855995718766607,597.1453777555646,63.17372881682879,0.09269669257209706,9.452432030519807,0.167,31.46,0.166,36.57,0.167,39.02,0.164,37.25,0.162,34.15,0.161,31.09,0.162,28.14,0.163,25.58,0.163,23.49,0.162,21.58,0.159,19.88,0.153,18.28,0.143,16.85,0.129,15.4,0.11,14.01,0.084,12.65,0.051,11.03,0.017,9.39
apcsp_11x7,apcsp,2,11.0,7.0,apcsp_11x7_static_kt0473.txt,5219.0,0.1189,0.0547,6.715767359784778,684.8176859360514,75.08679431100045,0.08944005961912396,9.120347888333322,0.167,31.46,0.166,36.57,0.167,39.02,0.164,37.25,0.162,34.15,0.161,31.09,0.162,28.14,0.163,25.58,0.163,23.49,0.162,21.58,0.159,19.88,0.153,18.28,0.143,16.85,0.129,15.4,0.11,14.01,0.084,12.65,0.051,11.03,0.017,9.39
apcsp_11x7,apcsp,2,11.0,7.0,apcsp_11x7_static_kt0473.txt,5509.0,0.1197,0.0544,7.533189461845188,768.1715429678013,87.82771082018395,0.0857723535259667,8.746345951570282,0.167,31.46,0.166,36.57,0.167,39.02,0.164,37.25,0.162,34.15,0.161,31.09,0.162,28.14,0.163,25.58,0.163,23.49,0.162,21.58,0.159,19.88,0.153,18.28,0.143,16.85,0.129,15.4,0.11,14.01,0.084,12.65,0.051,11.03,0.017,9.39
apcsp_11x7,apcsp,2,11.0,7.0,apcsp_11x7_static_kt0473.txt,5837.0,0.1204,0.0541,8.506385657037708,867.4099368324258,103.89166141522905,0.08187746293747104,8.349177643483866,0.167,31.46,0.166,36.57,0.167,39.02,0.164,37.25,0.162,34.15,0.161,31.09,0.162,28.14,0.163,25.58,0.163,23.49,0.162,21.58,0.159,19.88,0.153,18.28,0.143,16.85,0.129,15.4,0.11,14.01,0.084,12.65,0.051,11.03,0.017,9.39
apcsp_11x7,apcsp,2,11.0,7.0,apcsp_11x7_static_kt0473.txt,6170.0,0.1204,0.0538,9.504647396384922,969.204304873216,122.02592661801282,0.07789039313045377,7.942609671034837,0.167,31.46,0.166,36.57,0.167,39.02,0.164,37.25,0.162,34.15,0.161,31.09,0.162,28.14,0.163,25.58,0.163,23.49,0.162,21.58,0.159,19.88,0.153,18.28,0.143,16.85,0.129,15.4,0.11,14.01,0.084,12.65,0.051,11.03,0.017,9.39
apcsp_11x8,apcsp,2,11.0,8.0,apcsp_11x8_static_pg0616.txt,1674.0,0.0994,0.0656,0.5776123718035814,58.900070034474716,2.9715602947999833,0.19438016210351225,19.821260277822933,0.167,33.69,0.166,39.3,0.166,42.13,0.164,40.42,0.161,37.05,0.161,33.81,0.162,30.8,0.162,27.97,0.162,25.52,0.162,23.28,0.159,21.4,0.152,19.68,0.143,18.01,0.129,16.52,0.109,15.07,0.084,13.26,0.051,11.87,0.017,10.54
apcsp_11x8,apcsp,2,11.0,8.0,apcsp_11x8_static_pg0616.txt,1984.0,0.1035,0.0658,0.8448174591200255,86.14740600715082,4.9620969293890385,0.1702541226303784,17.36108891725293,0.167,33.69,0.166,39.3,0.166,42.13,0.164,40.42,0.161,37.05,0.161,33.81,0.162,30.8,0.162,27.97,0.162,25.52,0.162,23.28,0.159,21.4,0.152,19.68,0.143,18.01,0.129,16.52,0.109,15.07,0.084,13.26,0.051,11.87,0.017,10.54
apcsp_11x8,apcsp,2,11.0,8.0,apcsp_11x8_static_pg0616.txt,2309.0,0.1054,0.0656,1.1652729678617615,118.82477378735466,7.79812126767988,0.1494299624053496,15.237615536941728,0.167,33.69,0.166,39.3,0.166,42.13,0.164,40.42,0.161,37.05,0.161,33.81,0.162,30.8,0.162,27.97,0.162,25.52,0.162,23.28,0.159,21.4,0.152,19.68,0.143,18.01,0.129,16.52,0.109,15.07,0.084,13.26,0.051,11.87,0.017,10.54
apcsp_11x8,apcsp,2,11.0,8.0,apcsp_11x8_static_pg0616.txt,2566.0,0.1067,0.0651,1.4568569782533751,148.55806807149997,10.620997121218053,0.13716762763666934,13.98720537968311,0.167,33.69,0.166,39.3,0.166,42.13,0.164,40.42,0.161,37.05,0.161,33.81,0.162,30.8,0.162,27.97,0.162,25.52,0.162,23.28,0.159,21.4,0.152,19.68,0.143,18.01,0.129,16.52,0.109,15.07,0.084,13.26,0.051,11.87,0.017,10.54
apcsp_11x8,apcsp,2,11.0,8.0,apcsp_11x8_static_pg0616.txt,2866.0,0.107,0.0636,1.8225327656929098,185.8466209860564,14.457727013621705,0.12605942579879711,12.854484028572156,0.167,33.69,0.166,39.3,0.166,42.13,0.164,40.42,0.161,37.05,0.161,33.81,0.162,30.8,0.162,27.97,0.162,25.52,0.162,23.28,0.159,21.4,0.152,19.68,0.143,18.01,0.129,16.52,0.109,15.07,0.084,13.26,0.051,11.87,0.017,10.54
apcsp_11x8,apcsp,2,11.0,8.0,apcsp_11x8_static_pg0616.txt,3141.0,0.1085,0.0637,2.219753789251351,226.3518927718794,19.061522583520375,0.1164520714190186,11.87480652608369,0.167,33.69,0.166,39.3,0.166,42.13,0.164,40.42,0.161,37.05,0.161,33.81,0.162,30.8,0.162,27.97,0.162,25.52,0.162,23.28,0.159,21.4,0.152,19.68,0.143,18.01,0.129,16.52,0.109,15.07,0.084,13.26,0.051,11.87,0.017,10.54
apcsp_11x8,apcsp,2,11.0,8.0,apcsp_11x8_static_pg0616.txt,3422.0,0.1117,0.0629,2.7123915239941545,276.5869612960751,24.339127598360886,0.11144160829235392,11.363881477604883,0.167,33.69,0.166,39.3,0.166,42.13,0.164,40.42,0.161,37.05,0.161,33.81,0.162,30.8,0.162,27.97,0.162,25.52,0.162,23.28,0.159,21.4,0.152,19.68,0.143,18.01,0.129,16.52,0.109,15.07,0.084,13.26,0.051,11.87,0.017,10.54
apcsp_11x8,apcsp,2,11.0,8.0,apcsp_11x8_static_pg0616.txt,3725.0,0.1142,0.0618,3.2859265625567087,335.0712590493909,30.844778280610445,0.10653104822680143,10.863143706240301,0.167,33.69,0.166,39.3,0.166,42.13,0.164,40.42,0.161,37.05,0.161,33.81,0.162,30.8,0.162,27.97,0.162,25.52,0.162,23.28,0.159,21.4,0.152,19.68,0.143,18.01,0.129,16.52,0.109,15.07,0.084,13.26,0.051,11.87,0.017,10.54
apcsp_11x8,apcsp,2,11.0,8.0,apcsp_11x8_static_pg0616.txt,3990.0,0.1162,0.0614,3.8361105516517173,391.1744124294961,37.66182878115048,0.101856725384819,10.386495427574046,0.167,33.69,0.166,39.3,0.166,42.13,0.164,40.42,0.161,37.05,0.161,33.81,0.162,30.8,0.162,27.97,0.162,25.52,0.162,23.28,0.159,21.4,0.152,19.68,0.143,18.01,0.129,16.52,0.109,15.07,0.084,13.26,0.051,11.87,0.017,10.54
apcsp_11x8,apcsp,2,11.0,8.0,apcsp_11x8_static_pg0616.txt,4262.0,0.1181,0.061,4.448524465709626,453.62325215130824,45.602065871827136,0.0975509416220969,9.947427676331563,0.167,33.69,0.166,39.3,0.166,42.13,0.164,40.42,0.161,37.05,0.161,33.81,0.162,30.8,0.162,27.97,0.162,25.52,0.162,23.28,0.159,21.4,0.152,19.68,0.143,18.01,0.129,16.52,0.109,15.07,0.084,13.26,0.051,11.87,0.017,10.54
apcsp_11x8,apcsp,2,11.0,8.0,apcsp_11x8_static_pg0616.txt,4585.0,0.1205,0.0591,5.252970017397027,535.6538693026699,55.007239070532755,0.09549597664157318,9.737879565557371,0.167,33.69,0.166,39.3,0.166,42.13,0.164,40.42,0.161,37.05,0.161,33.81,0.162,30.8,0.162,27.97,0.162,25.52,0.162,23.28,0.159,21.4,0.152,19.68,0.143,18.01,0.129,16.52,0.109,15.07,0.084,13.26,0.051,11.87,0.017,10.54
apcsp_11x8,apcsp,2,11.0,8.0,apcsp_11x8_static_pg0616.txt,4855.0,0.1229,0.059,6.007164798827547,612.5603339394745,65.1979680541855,0.09213730087163209,9.395389951882866,0.167,33.69,0.166,39.3,0.166,42.13,0.164,40.42,0.161,37.05,0.161,33.81,0.162,30.8,0.162,27.97,0.162,25.52,0.162,23.28,0.159,21.4,0.152,19.68,0.143,18.01,0.129,16.52,0.109,15.07,0.084,13.26,0.051,11.87,0.017,10.54
apcsp_11x8,apcsp,2,11.0,8.0,apcsp_11x8_static_pg0616.txt,5147.0,0.1232,0.0589,6.767967107831769,690.1405788757394,77.55184707262109,0.08727022454402808,8.899086287776976,0.167,33.69,0.166,39.3,0.166,42.13,0.164,40.42,0.161,37.05,0.161,33.81,0.162,30.8,0.162,27.97,0.162,25.52,0.162,23.28,0.159,21.4,0.152,19.68,0.143,18.01,0.129,16.52,0.109,15.07,0.084,13.26,0.051,11.87,0.017,10.54
apcsp_11x8,apcsp,2,11.0,8.0,apcsp_11x8_static_pg0616.txt,5430.0,0.1232,0.0586,7.532680758564304,768.1196696694901,90.59650651956333,0.08314537776285781,8.478468973896062,0.167,33.69,0.166,39.3,0.166,42.13,0.164,40.42,0.161,37.05,0.161,33.81,0.162,30.8,0.162,27.97,0.162,25.52,0.162,23.28,0.159,21.4,0.152,19.68,0.143,18.01,0.129,16.52,0.109,15.07,0.084,13.26,0.051,11.87,0.017,10.54
apcsp_11x8,apcsp,2,11.0,8.0,apcsp_11x8_static_pg0616.txt,5715.0,0.1237,0.0584,8.37801944757798,854.3202263339654,105.2630374418737,0.07959127582846283,8.116051437388185,0.167,33.69,0.166,39.3,0.166,42.13,0.164,40.42,0.161,37.05,0.161,33.81,0.162,30.8,0.162,27.97,0.162,25.52,0.162,23.28,0.159,21.4,0.152,19.68,0.143,18.01,0.129,16.52,0.109,15.07,0.084,13.26,0.051,11.87,0.017,10.54
apcsp_11x8,apcsp,2,11.0,8.0,apcsp_11x8_static_pg0616.txt,5994.0,0.1239,0.0583,9.230898563992694,941.2896926058028,121.236423757483,0.07613964745824121,7.764083296359228,0.167,33.69,0.166,39.3,0.166,42.13,0.164,40.42,0.161,37.05,0.161,33.81,0.162,30.8,0.162,27.97,0.162,25.52,0.162,23.28,0.159,21.4,0.152,19.68,0.143,18.01,0.129,16.52,0.109,15.07,0.084,13.26,0.051,11.87,0.017,10.54
apcsp_11x9,apcsp,2,11.0,9.0,apcsp_11x9_static_pg0624.txt,1791.0,0.1079,0.0795,0.7177146504626476,73.18652653685486,4.41030101894878,0.16273597819717958,16.594451540248667,0.167,36.2,0.165,42.16,0.167,45.18,0.164,43.27,0.161,39.74,0.161,36.31,0.161,33.07,0.162,30.2,0.163,27.7,0.162,25.55,0.159,23.63,0.153,21.85,0.144,20.18,0.13,18.93,0.111,17.71,0.085,16.88,0.052,15.31,0.019,13.67
apcsp_11x9,apcsp,2,11.0,9.0,apcsp_11x9_static_pg0624.txt,2075.0,0.1083,0.0786,0.9669496349219282,98.60142198629791,6.7809602043245905,0.14259774512542506,14.54092326384903,0.167,36.2,0.165,42.16,0.167,45.18,0.164,43.27,0.161,39.74,0.161,36.31,0.161,33.07,0.162,30.2,0.163,27.7,0.162,25.55,0.159,23.63,0.153,21.85,0.144,20.18,0.13,18.93,0.111,17.71,0.085,16.88,0.052,15.31,0.019,13.67
apcsp_11x9,apcsp,2,11.0,9.0,apcsp_11x9_static_pg0624.txt,2366.0,0.1096,0.0782,1.2722698333069438,129.73541763058168,10.001504170355968,0.12720784910312763,12.971590614850907,0.167,36.2,0.165,42.16,0.167,45.18,0.164,43.27,0.161,39.74,0.161,36.31,0.161,33.07,0.162,30.2,0.163,27.7,0.162,25.55,0.159,23.63,0.153,21.85,0.144,20.18,0.13,18.93,0.111,17.71,0.085,16.88,0.052,15.31,0.019,13.67
apcsp_11x9,apcsp,2,11.0,9.0,apcsp_11x9_static_pg0624.txt,2599.0,0.1098,0.0774,1.537992062722705,156.83154417897092,13.121217835973813,0.11721412462996127,11.952514327518703,0.167,36.2,0.165,42.16,0.167,45.18,0.164,43.27,0.161,39.74,0.161,36.31,0.161,33.07,0.162,30.2,0.163,27.7,0.162,25.55,0.159,23.63,0.153,21.85,0.144,20.18,0.13,18.93,0.111,17.71,0.085,16.88,0.052,15.31,0.019,13.67
apcsp_11x9,apcsp,2,11.0,9.0,apcsp_11x9_static_pg0624.txt,2886.0,0.111,0.0764,1.9171444089268295,195.49432364026754,17.73359089495826,0.10810807694181566,11.023955881143477,0.167,36.2,0.165,42.16,0.167,45.18,0.164,43.27,0.161,39.74,0.161,36.31,0.161,33.07,0.162,30.2,0.163,27.7,0.162,25.55,0.159,23.63,0.153,21.85,0.144,20.18,0.13,18.93,0.111,17.71,0.085,16.88,0.052,15.31,0.019,13.67
apcsp_11x9,apcsp,2,11.0,9.0,apcsp_11x9_static_pg0624.txt,3137.0,0.1124,0.0771,2.2936890626464486,233.89119247107308,22.983294425386667,0.09979809770495336,10.176573825409633,0.167,36.2,0.165,42.16,0.167,45.18,0.164,43.27,0.161,39.74,0.161,36.31,0.161,33.07,0.162,30.2,0.163,27.7,0.162,25.55,0.159,23.63,0.153,21.85,0.144,20.18,0.13,18.93,0.111,17.71,0.085,16.88,0.052,15.31,0.019,13.67
apcsp_11x9,apcsp,2,11.0,9.0,apcsp_11x9_static_pg0624.txt,3416.0,0.1129,0.0763,2.7319255572851096,278.57887834123886,29.369223918492995,0.09302001186231179,9.485401422739855,0.167,36.2,0.165,42.16,0.167,45.18,0.164,43.27,0.161,39.74,0.161,36.31,0.161,33.07,0.162,30.2,0.163,27.7,0.162,25.55,0.159,23.63,0.153,21.85,0.144,20.18,0.13,18.93,0.111,17.71,0.085,16.88,0.052,15.31,0.019,13.67
apcsp_11x9,apcsp,2,11.0,9.0,apcsp_11x9_static_pg0624.txt,3685.0,0.1136,0.076,3.1988399468368813,326.1908956511022,36.72319132538317,0.08710680720784292,8.88242235705801,0.167,36.2,0.165,42.16,0.167,45.18,0.164,43.27,0.161,39.74,0.161,36.31,0.161,33.07,0.162,30.2,0.163,27.7,0.162,25.55,0.159,23.63,0.153,21.85,0.144,20.18,0.13,18.93,0.111,17.71,0.085,16.88,0.052,15.31,0.019,13.67
apcsp_11x9,apcsp,2,11.0,9.0,apcsp_11x9_static_pg0624.txt,3950.0,0.1141,0.0751,3.691637345087582,376.4422453220603,44.693623927730286,0.08259874721855112,8.422728171042214,0.167,36.2,0.165,42.16,0.167,45.18,0.164,43.27,0.161,39.74,0.161,36.31,0.161,33.07,0.162,30.2,0.163,27.7,0.162,25.55,0.159,23.63,0.153,21.85,0.144,20.18,0.13,18.93,0.111,17.71,0.085,16.88,0.052,15.31,0.019,13.67
apcsp_11x9,apcsp,2,11.0,9.0,apcsp_11x9_static_pg0624.txt,4222.0,0.1151,0.0743,4.254523987662496,433.84070887229547,53.995534813170224,0.07879399662182364,8.034751584060169,0.167,36.2,0.165,42.16,0.167,45.18,0.164,43.27,0.161,39.74,0.161,36.31,0.161,33.07,0.162,30.2,0.163,27.7,0.162,25.55,0.159,23.63,0.153,21.85,0.144,20.18,0.13,18.93,0.111,17.71,0.085,16.88,0.052,15.31,0.019,13.67
apcsp_11x9,apcsp,2,11.0,9.0,apcsp_11x9_static_pg0624.txt,4494.0,0.1167,0.0741,4.887380899942237,498.37415426697567,64.94291206678265,0.07525657141639111,7.6740346006425355,0.167,36.2,0.165,42.16,0.167,45.18,0.164,43.27,0.161,39.74,0.161,36.31,0.161,33.07,0.162,30.2,0.163,27.7,0.162,25.55,0.159,23.63,0.153,21.85,0.144,20.18,0.13,18.93,0.111,17.71,0.085,16.88,0.052,15.31,0.019,13.67
apcsp_11x9,apcsp,2,11.0,9.0,apcsp_11x9_static_pg0624.txt,4738.0,0.1168,0.0731,5.43716046781691,554.436068159556,75.07872565886628,0.07241945597906961,7.384729339689866,0.167,36.2,0.165,42.16,0.167,45.18,0.164,43.27,0.161,39.74,0.161,36.31,0.161,33.07,0.162,30.2,0.163,27.7,0.162,25.55,0.159,23.63,0.153,21.85,0.144,20.18,0.13,18.93,0.111,17.71,0.085,16.88,0.052,15.31,0.019,13.67
apcsp_11x9,apcsp,2,11.0,9.0,apcsp_11x9_static_pg0624.txt,5022.0,0.1175,0.0726,6.145121561190012,626.6280086665694,88.79348307723976,0.06920689839190662,7.05713963401433,0.167,36.2,0.165,42.16,0.167,45.18,0.164,43.27,0.161,39.74,0.161,36.31,0.161,33.07,0.162,30.2,0.163,27.7,0.162,25.55,0.159,23.63,0.153,21.85,0.144,20.18,0.13,18.93,0.111,17.71,0.085,16.88,0.052,15.31,0.019,13.67
apcsp_11x9,apcsp,2,11.0,9.0,apcsp_11x9_static_pg0624.txt,5280.0,0.1182,0.0722,6.83320604885447,696.7930994635753,102.62503343307354,0.06658420290124159,6.7896991226608066,0.167,36.2,0.165,42.16,0.167,45.18,0.164,43.27,0.161,39.74,0.161,36.31,0.161,33.07,0.162,30.2,0.163,27.7,0.162,25.55,0.159,23.63,0.153,21.85,0.144,20.18,0.13,18.93,0.111,17.71,0.085,16.88,0.052,15.31,0.019,13.67
apcsp_11x9,apcsp,2,11.0,9.0,apcsp_11x9_static_pg0624.txt,5562.0,0.1197,0.0714,7.678834624814066,783.0232163699192,118.63299966937932,0.06472764446835505,6.6003828492252765,0.167,36.2,0.165,42.16,0.167,45.18,0.164,43.27,0.161,39.74,0.161,36.31,0.161,33.07,0.162,30.2,0.163,27.7,0.162,25.55,0.159,23.63,0.153,21.85,0.144,20.18,0.13,18.93,0.111,17.71,0.085,16.88,0.052,15.31,0.019,13.67
apcsp_11x9,apcsp,2,11.0,9.0,apcsp_11x9_static_pg0624.txt,5793.0,0.1211,0.0709,8.427337658918523,859.3492843038676,133.09788891481514,0.0633168394151778,6.456520770617673,0.167,36.2,0.165,42.16,0.167,45.18,0.164,43.27,0.161,39.74,0.161,36.31,0.161,33.07,0.162,30.2,0.163,27.7,0.162,25.55,0.159,23.63,0.153,21.85,0.144,20.18,0.13,18.93,0.111,17.71,0.085,16.88,0.052,15.31,0.019,13.67
apcsp_14x13,apcsp,2,14.0,13.0,apcsp_14x13_static_jb1048.txt,1502.0,0.1068,0.0875,1.310966865671797,133.68141676023893,9.561123986597643,0.13711430450117076,13.981767933103637,0.143,37.64,0.14,44.46,0.14,47.79,0.14,46.71,0.141,43.63,0.143,39.82,0.147,36.06,0.15,32.77,0.153,29.99,0.155,27.62,0.155,25.54,0.152,23.8,0.144,22.25,0.131,20.78,0.113,19.56,0.088,18.04,0.055,16.0,0.021,13.93
apcsp_14x13,apcsp,2,14.0,13.0,apcsp_14x13_static_jb1048.txt,1641.0,0.1067,0.0868,1.563371457086337,159.41952216978655,12.36905633078091,0.12639375351503754,12.88857596784198,0.143,37.64,0.14,44.46,0.14,47.79,0.14,46.71,0.141,43.63,0.143,39.82,0.147,36.06,0.15,32.77,0.153,29.99,0.155,27.62,0.155,25.54,0.152,23.8,0.144,22.25,0.131,20.78,0.113,19.56,0.088,18.04,0.055,16.0,0.021,13.93
apcsp_14x13,apcsp,2,14.0,13.0,apcsp_14x13_static_jb1048.txt,1777.0,0.1098,0.0879,1.8865042713489129,192.36989913465996,15.905314374820474,0.11860842400797916,12.09469329566969,0.143,37.64,0.14,44.46,0.14,47.79,0.14,46.71,0.141,43.63,0.143,39.82,0.147,36.06,0.15,32.77,0.153,29.99,0.155,27.62,0.155,25.54,0.152,23.8,0.144,22.25,0.131,20.78,0.113,19.56,0.088,18.04,0.055,16.0,0.021,13.93
apcsp_14x13,apcsp,2,14.0,13.0,apcsp_14x13_static_jb1048.txt,1908.0,0.1106,0.0875,2.1907482065469197,223.39414647682133,19.599015806557823,0.11177848052012368,11.398232884840766,0.143,37.64,0.14,44.46,0.14,47.79,0.14,46.71,0.141,43.63,0.143,39.82,0.147,36.06,0.15,32.77,0.153,29.99,0.155,27.62,0.155,25.54,0.152,23.8,0.144,22.25,0.131,20.78,0.113,19.56,0.088,18.04,0.055,16.0,0.021,13.93
apcsp_14x13,apcsp,2,14.0,13.0,apcsp_14x13_static_jb1048.txt,2038.0,0.1096,0.0863,2.4768488847540704,252.5682964880026,23.556699058025558,0.10514414089397767,10.721718516922463,0.143,37.64,0.14,44.46,0.14,47.79,0.14,46.71,0.141,43.63,0.143,39.82,0.147,36.06,0.15,32.77,0.153,29.99,0.155,27.62,0.155,25.54,0.152,23.8,0.144,22.25,0.131,20.78,0.113,19.56,0.088,18.04,0.055,16.0,0.021,13.93
apcsp_14x13,apcsp,2,14.0,13.0,apcsp_14x13_static_jb1048.txt,2177.0,0.1116,0.0875,2.8778069017494716,293.45463555337165,29.112160651919655,0.09885239835538312,10.080139329473687,0.143,37.64,0.14,44.46,0.14,47.79,0.14,46.71,0.141,43.63,0.143,39.82,0.147,36.06,0.15,32.77,0.153,29.99,0.155,27.62,0.155,25.54,0.152,23.8,0.144,22.25,0.131,20.78,0.113,19.56,0.088,18.04,0.055,16.0,0.021,13.93
apcsp_14x13,apcsp,2,14.0,13.0,apcsp_14x13_static_jb1048.txt,2303.0,0.1127,0.0872,3.252313404494875,331.6436708248867,34.34704648538208,0.09468975464539701,9.655667801481345,0.143,37.64,0.14,44.46,0.14,47.79,0.14,46.71,0.141,43.63,0.143,39.82,0.147,36.06,0.15,32.77,0.153,29.99,0.155,27.62,0.155,25.54,0.152,23.8,0.144,22.25,0.131,20.78,0.113,19.56,0.088,18.04,0.055,16.0,0.021,13.93
apcsp_14x13,apcsp,2,14.0,13.0,apcsp_14x13_static_jb1048.txt,2451.0,0.1117,0.0859,3.651071960673005,372.3057273047377,40.78628941606445,0.08951713953255482,9.12820785207536,0.143,37.64,0.14,44.46,0.14,47.79,0.14,46.71,0.141,43.63,0.143,39.82,0.147,36.06,0.15,32.77,0.153,29.99,0.155,27.62,0.155,25.54,0.152,23.8,0.144,22.25,0.131,20.78,0.113,19.56,0.088,18.04,0.055,16.0,0.021,13.93
apcsp_14x13,apcsp,2,14.0,13.0,apcsp_14x13_static_jb1048.txt,2572.0,0.1129,0.086,4.0636516114456755,414.37714320850404,47.18483525334365,0.08612198367605223,8.781998304829095,0.143,37.64,0.14,44.46,0.14,47.79,0.14,46.71,0.141,43.63,0.143,39.82,0.147,36.06,0.15,32.77,0.153,29.99,0.155,27.62,0.155,25.54,0.152,23.8,0.144,22.25,0.131,20.78,0.113,19.56,0.088,18.04,0.055,16.0,0.021,13.93
apcsp_14x13,apcsp,2,14.0,13.0,apcsp_14x13_static_jb1048.txt,2703.0,0.1133,0.0852,4.50404372932429,459.28464147535504,54.258630878499346,0.08301064100585467,8.464729648336046,0.143,37.64,0.14,44.46,0.14,47.79,0.14,46.71,0.141,43.63,0.143,39.82,0.147,36.06,0.15,32.77,0.153,29.99,0.155,27.62,0.155,25.54,0.152,23.8,0.144,22.25,0.131,20.78,0.113,19.56,0.088,18.04,0.055,16.0,0.021,13.93
apcsp_14x13,apcsp,2,14.0,13.0,apcsp_14x13_static_jb1048.txt,2843.0,0.1144,0.0851,5.031069780148625,513.0263423440855,63.05960386158611,0.07978276855642272,8.13557826132499,0.143,37.64,0.14,44.46,0.14,47.79,0.14,46.71,0.141,43.63,0.143,39.82,0.147,36.06,0.15,32.77,0.153,29.99,0.155,27.62,0.155,25.54,0.152,23.8,0.144,22.25,0.131,20.78,0.113,19.56,0.088,18.04,0.055,16.0,0.021,13.93
apcsp_14x13,apcsp,2,14.0,13.0,apcsp_14x13_static_jb1048.txt,2969.0,0.1146,0.0844,5.496492123368226,560.486213270406,71.23019584994944,0.07716519739671791,7.8686602863075485,0.143,37.64,0.14,44.46,0.14,47.79,0.14,46.71,0.141,43.63,0.143,39.82,0.147,36.06,0.15,32.77,0.153,29.99,0.155,27.62,0.155,25.54,0.152,23.8,0.144,22.25,0.131,20.78,0.113,19.56,0.088,18.04,0.055,16.0,0.021,13.93
apcsp_14x13,apcsp,2,14.0,13.0,apcsp_14x13_static_jb1048.txt,3106.0,0.1152,0.0836,6.046944450026513,616.6167294668937,80.77960601408846,0.07485731545870487,7.633321823324467,0.143,37.64,0.14,44.46,0.14,47.79,0.14,46.71,0.141,43.63,0.143,39.82,0.147,36.06,0.15,32.77,0.153,29.99,0.155,27.62,0.155,25.54,0.152,23.8,0.144,22.25,0.131,20.78,0.113,19.56,0.088,18.04,0.055,16.0,0.021,13.93
apcsp_14x13,apcsp,2,14.0,13.0,apcsp_14x13_static_jb1048.txt,3243.0,0.1165,0.0825,6.666538934125761,679.7977835576636,90.7373086609415,0.07347075896902173,7.4919324100505005,0.143,37.64,0.14,44.46,0.14,47.79,0.14,46.71,0.141,43.63,0.143,39.82,0.147,36.06,0.15,32.77,0.153,29.99,0.155,27.62,0.155,25.54,0.152,23.8,0.144,22.25,0.131,20.78,0.113,19.56,0.088,18.04,0.055,16.0,0.021,13.93
apcsp_14x13,apcsp,2,14.0,13.0,apcsp_14x13_static_jb1048.txt,3374.0,0.1171,0.0825,7.253166528144542,739.6171504177821,102.18338429770272,0.07098185852812479,7.238135196843448,0.143,37.64,0.14,44.46,0.14,47.79,0.14,46.71,0.141,43.63,0.143,39.82,0.147,36.06,0.15,32.77,0.153,29.99,0.155,27.62,0.155,25.54,0.152,23.8,0.144,22.25,0.131,20.78,0.113,19.56,0.088,18.04,0.055,16.0,0.021,13.93
apcsp_14x13,apcsp,2,14.0,13.0,apcsp_14x13_static_jb1048.txt,3501.0,0.1168,0.082,7.789465559066057,794.3044321012842,113.47005979435593,0.06864776112027315,7.000123499897841,0.143,37.64,0.14,44.46,0.14,47.79,0.14,46.71,0.141,43.63,0.143,39.82,0.147,36.06,0.15,32.77,0.153,29.99,0.155,27.62,0.155,25.54,0.152,23.8,0.144,22.25,0.131,20.78,0.113,19.56,0.088,18.04,0.055,16.0,0.021,13.93
apcsp_9x6,apcsp,2,9.0,6.0,apcsp_9x6_static_2532rd.txt,2564.0,0.096,0.0598,0.5864699535079455,59.80329200164639,3.5687712730152934,0.16433385853065072,16.757389988492577,0.1685,36.414,0.1637,39.25,0.1619,40.053,0.1614,38.239,0.1617,35.366,0.1634,32.531,0.166,30.047,0.1684,27.912,0.17,25.975,0.1702,24.217,0.1681,22.591,0.163,21.273,0.1544,20.146,0.1416,19.223,0.1237,18.367,0.1004,17.943,0.0699,18.192,0.0086,14.53
apcsp_9x6,apcsp,2,9.0,6.0,apcsp_9x6_static_2532rd.txt,2790.0,0.0968,0.0583,0.7002002411906328,71.40055382731441,4.482751168444459,0.15619877501110696,15.927842332611746,0.1685,36.414,0.1637,39.25,0.1619,40.053,0.1614,38.239,0.1617,35.366,0.1634,32.531,0.166,30.047,0.1684,27.912,0.17,25.975,0.1702,24.217,0.1681,22.591,0.163,21.273,0.1544,20.146,0.1416,19.223,0.1237,18.367,0.1004,17.943,0.0699,18.192,0.0086,14.53
apcsp_9x6,apcsp,2,9.0,6.0,apcsp_9x6_static_2532rd.txt,3062.0,0.098,0.0579,0.8538369411808029,87.06713721615465,5.885150733027138,0.14508327482406144,14.794376757002794,0.1685,36.414,0.1637,39.25,0.1619,40.053,0.1614,38.239,0.1617,35.366,0.1634,32.531,0.166,30.047,0.1684,27.912,0.17,25.975,0.1702,24.217,0.1681,22.591,0.163,21.273,0.1544,20.146,0.1416,19.223,0.1237,18.367,0.1004,17.943,0.0699,18.192,0.0086,14.53
apcsp_9x6,apcsp,2,9.0,6.0,apcsp_9x6_static_2532rd.txt,3306.0,0.1017,0.0592,1.0329163301444801,105.32815284979888,7.573449297776286,0.13638651155263753,13.907553706172603,0.1685,36.414,0.1637,39.25,0.1619,40.053,0.1614,38.239,0.1617,35.366,0.1634,32.531,0.166,30.047,0.1684,27.912,0.17,25.975,0.1702,24.217,0.1681,22.591,0.163,21.273,0.1544,20.146,0.1416,19.223,0.1237,18.367,0.1004,17.943,0.0699,18.192,0.0086,14.53
apcsp_9x6,apcsp,2,9.0,6.0,apcsp_9x6_static_2532rd.txt,3569.0,0.1031,0.0591,1.220366432416897,124.44274369095432,9.512410696458936,0.1282920251615279,13.082145805298234,0.1685,36.414,0.1637,39.25,0.1619,40.053,0.1614,38.239,0.1617,35.366,0.1634,32.531,0.166,30.047,0.1684,27.912,0.17,25.975,0.1702,24.217,0.1681,22.591,0.163,21.273,0.1544,20.146,0.1416,19.223,0.1237,18.367,0.1004,17.943,0.0699,18.192,0.0086,14.53
apcsp_9x6,apcsp,2,9.0,6.0,apcsp_9x6_static_2532rd.txt,3835.0,0.1046,0.0589,1.4295551462246694,145.77405599513284,11.76182917306903,0.12154190689131167,12.39382530133243,0.1685,36.414,0.1637,39.25,0.1619,40.053,0.1614,38.239,0.1617,35.366,0.1634,32.531,0.166,30.047,0.1684,27.912,0.17,25.975,0.1702,24.217,0.1681,22.591,0.163,21.273,0.1544,20.146,0.1416,19.223,0.1237,18.367,0.1004,17.943,0.0699,18.192,0.0086,14.53
apcsp_9x6,apcsp,2,9.0,6.0,apcsp_9x6_static_2532rd.txt,4125.0,0.1049,0.0583,1.6586772427831564,169.13800765635122,14.487848011865898,0.11448748229720933,11.67447418814879,0.1685,36.414,0.1637,39.25,0.1619,40.053,0.1614,38.239,0.1617,35.366,0.1634,32.531,0.166,30.047,0.1684,27.912,0.17,25.975,0.1702,24.217,0.1681,22.591,0.163,21.273,0.1544,20.146,0.1416,19.223,0.1237,18.367,0.1004,17.943,0.0699,18.192,0.0086,14.53
apcsp_9x6,apcsp,2,9.0,6.0,apcsp_9x6_static_2532rd.txt,4367.0,0.1055,0.0578,1.8696371787293047,190.64993435365847,17.04279743037313,0.10970248202312707,11.186539952290241,0.1685,36.414,0.1637,39.25,0.1619,40.053,0.1614,38.239,0.1617,35.366,0.1634,32.531,0.166,30.047,0.1684,27.912,0.17,25.975,0.1702,24.217,0.1681,22.591,0.163,21.273,0.1544,20.146,0.1416,19.223,0.1237,18.367,0.1004,17.943,0.0699,18.192,0.0086,14.53
apcsp_9x6,apcsp,2,9.0,6.0,apcsp_9x6_static_2532rd.txt,4674.0,0.1048,0.0572,2.127537339450003,216.94843187530944,20.678813710999982,0.10288488349398259,10.49133837691593,0.1685,36.414,0.1637,39.25,0.1619,40.053,0.1614,38.239,0.1617,35.366,0.1634,32.531,0.166,30.047,0.1684,27.912,0.17,25.975,0.1702,24.217,0.1681,22.591,0.163,21.273,0.1544,20.146,0.1416,19.223,0.1237,18.367,0.1004,17.943,0.0699,18.192,0.0086,14.53
apcsp_9x6,apcsp,2,9.0,6.0,apcsp_9x6_static_2532rd.txt,4909.0,0.1087,0.0581,2.4341879066070065,248.21808738019678,24.334290961135913,0.10003118276569582,10.200341886953836,0.1685,36.414,0.1637,39.25,0.1619,40.053,0.1614,38.239,0.1617,35.366,0.1634,32.531,0.166,30.047,0.1684,27.912,0.17,25.975,0.1702,24.217,0.1681,22.591,0.163,21.273,0.1544,20.146,0.1416,19.223,0.1237,18.367,0.1004,17.943,0.0699,18.192,0.0086,14.53
apcsp_9x6,apcsp,2,9.0,6.0,apcsp_9x6_static_2532rd.txt,5153.0,0.111,0.0578,2.7389351899256194,279.2936619462935,28.00088343434614,0.0978160277102549,9.974458934524522,0.1685,36.414,0.1637,39.25,0.1619,40.053,0.1614,38.239,0.1617,35.366,0.1634,32.531,0.166,30.047,0.1684,27.912,0.17,25.975,0.1702,24.217,0.1681,22.591,0.163,21.273,0.1544,20.146,0.1416,19.223,0.1237,18.367,0.1004,17.943,0.0699,18.192,0.0086,14.53
apcsp_9x6,apcsp,2,9.0,6.0,apcsp_9x6_static_2532rd.txt,5431.0,0.1127,0.0575,3.0890292012693497,314.99331588966163,32.61149593157017,0.09472209455681416,9.658965554681178,0.1685,36.414,0.1637,39.25,0.1619,40.053,0.1614,38.239,0.1617,35.366,0.1634,32.531,0.166,30.047,0.1684,27.912,0.17,25.975,0.1702,24.217,0.1681,22.591,0.163,21.273,0.1544,20.146,0.1416,19.223,0.1237,18.367,0.1004,17.943,0.0699,18.192,0.0086,14.53
apcsp_9x6,apcsp,2,9.0,6.0,apcsp_9x6_static_2532rd.txt,5718.0,0.1129,0.0563,3.43021021682795,349.7840972021996,37.26527373851129,0.0920484373977118,9.38632839937306,0.1685,36.414,0.1637,39.25,0.1619,40.053,0.1614,38.239,0.1617,35.366,0.1634,32.531,0.166,30.047,0.1684,27.912,0.17,25.975,0.1702,24.217,0.1681,22.591,0.163,21.273,0.1544,20.146,0.1416,19.223,0.1237,18.367,0.1004,17.943,0.0699,18.192,0.0086,14.53
apcsp_9x6,apcsp,2,9.0,6.0,apcsp_9x6_static_2532rd.txt,5992.0,0.1131,0.0557,3.7735030597740704,384.79022497734405,42.42619435036033,0.0889427656087193,9.069638011830678,0.1685,36.414,0.1637,39.25,0.1619,40.053,0.1614,38.239,0.1617,35.366,0.1634,32.531,0.166,30.047,0.1684,27.912,0.17,25.975,0.1702,24.217,0.1681,22.591,0.163,21.273,0.1544,20.146,0.1416,19.223,0.1237,18.367,0.1004,17.943,0.0699,18.192,0.0086,14.53
apcsp_9x6,apcsp,2,9.0,6.0,apcsp_9x6_static_2532rd.txt,6243.0,0.1142,0.0553,4.136102244109855,421.7650516853212,47.6396545858858,0.0868205758430343,8.853234880722196,0.1685,36.414,0.1637,39.25,0.1619,40.053,0.1614,38.239,0.1617,35.366,0.1634,32.531,0.166,30.047,0.1684,27.912,0.17,25.975,0.1702,24.217,0.1681,22.591,0.163,21.273,0.1544,20.146,0.1416,19.223,0.1237,18.367,0.1004,17.943,0.0699,18.192,0.0086,14.53
apcsp_9x6,apcsp,2,9.0,6.0,apcsp_9x6_static_2532rd.txt,6521.0,0.1155,0.055,4.564034060497218,465.40195280725004,53.99689136828285,0.08452401508391423,8.619050856705831,0.1685,36.414,0.1637,39.25,0.1619,40.053,0.1614,38.239,0.1617,35.366,0.1634,32.531,0.166,30.047,0.1684,27.912,0.17,25.975,0.1702,24.217,0.1681,22.591,0.163,21.273,0.1544,20.146,0.1416,19.223,0.1237,18.367,0.1004,17.943,0.0699,18.192,0.0086,14.53
apcsp_9x7,apcsp,2,9.0,7.0,apcsp_9x7_static_kt1009.txt,2489.0,0.0985,0.0652,0.5670541274124428,57.823428735851984,3.5594734131783015,0.15930843177898962,16.244939074912395,0.18,35.61,0.158,39.44,0.157,42.45,0.156,41.18,0.154,37.35,0.155,33.74,0.157,30.77,0.16,27.98,0.162,25.54,0.162,23.41,0.161,21.87,0.156,20.17,0.147,18.87,0.134,17.76,0.115,16.05,0.091,14.17,0.057,12.29,0.024,10.41
apcsp_9x7,apcsp,2,9.0,7.0,apcsp_9x7_static_kt1009.txt,2797.0,0.0996,0.0639,0.7240736835463273,73.83496745028398,4.9504163355245705,0.14626520972596155,14.914900575217997,0.18,35.61,0.158,39.44,0.157,42.45,0.156,41.18,0.154,37.35,0.155,33.74,0.157,30.77,0.16,27.98,0.162,25.54,0.162,23.41,0.161,21.87,0.156,20.17,0.147,18.87,0.134,17.76,0.115,16.05,0.091,14.17,0.057,12.29,0.024,10.41
apcsp_9x7,apcsp,2,9.0,7.0,apcsp_9x7_static_kt1009.txt,3083.0,0.1016,0.064,0.8973859167111837,91.50789685684549,6.639937874929389,0.1351497459184777,13.781438709291931,0.18,35.61,0.158,39.44,0.157,42.45,0.156,41.18,0.154,37.35,0.155,33.74,0.157,30.77,0.16,27.98,0.162,25.54,0.162,23.41,0.161,21.87,0.156,20.17,0.147,18.87,0.134,17.76,0.115,16.05,0.091,14.17,0.057,12.29,0.024,10.41
apcsp_9x7,apcsp,2,9.0,7.0,apcsp_9x7_static_kt1009.txt,3359.0,0.1032,0.0636,1.082027247193927,110.3360726847524,8.533959844708097,0.1267907591415363,12.929059275240405,0.18,35.61,0.158,39.44,0.157,42.45,0.156,41.18,0.154,37.35,0.155,33.74,0.157,30.77,0.16,27.98,0.162,25.54,0.162,23.41,0.161,21.87,0.156,20.17,0.147,18.87,0.134,17.76,0.115,16.05,0.091,14.17,0.057,12.29,0.024,10.41
apcsp_9x7,apcsp,2,9.0,7.0,apcsp_9x7_static_kt1009.txt,3631.0,0.1033,0.0621,1.2655849786924345,129.05375216740015,10.525283798401194,0.12024236143491719,12.261308544193707,0.18,35.61,0.158,39.44,0.157,42.45,0.156,41.18,0.154,37.35,0.155,33.74,0.157,30.77,0.16,27.98,0.162,25.54,0.162,23.41,0.161,21.87,0.156,20.17,0.147,18.87,0.134,17.76,0.115,16.05,0.091,14.17,0.057,12.29,0.024,10.41
apcsp_9x7,apcsp,2,9.0,7.0,apcsp_9x7_static_kt1009.txt,3921.0,0.1052,0.062,1.502961710363458,153.25944235426556,13.232615221346782,0.11358009624120927,11.581946560875455,0.18,35.61,0.158,39.44,0.157,42.45,0.156,41.18,0.154,37.35,0.155,33.74,0.157,30.77,0.16,27.98,0.162,25.54,0.162,23.41,0.161,21.87,0.156,20.17,0.147,18.87,0.134,17.76,0.115,16.05,0.091,14.17,0.057,12.29,0.024,10.41
apcsp_9x7,apcsp,2,9.0,7.0,apcsp_9x7_static_kt1009.txt,4182.0,0.1065,0.0617,1.7308369457788455,176.49624956318883,15.97720168010642,0.10833167036590333,11.046756065109221,0.18,35.61,0.158,39.44,0.157,42.45,0.156,41.18,0.154,37.35,0.155,33.74,0.157,30.77,0.16,27.98,0.162,25.54,0.162,23.41,0.161,21.87,0.156,20.17,0.147,18.87,0.134,17.76,0.115,16.05,0.091,14.17,0.057,12.29,0.024,10.41
apcsp_9x7,apcsp,2,9.0,7.0,apcsp_9x7_static_kt1009.txt,4495.0,0.1077,0.0615,2.02215102368414,206.20201839406323,19.77550905691642,0.10225532085490863,10.42714085390104,0.18,35.61,0.158,39.44,0.157,42.45,0.156,41.18,0.154,37.35,0.155,33.74,0.157,30.77,0.16,27.98,0.162,25.54,0.162,23.41,0.161,21.87,0.156,20.17,0.147,18.87,0.134,17.76,0.115,16.05,0.091,14.17,0.057,12.29,0.024,10.41
apcsp_9x7,apcsp,2,9.0,7.0,apcsp_9x7_static_kt1009.txt,4745.0,0.1081,0.0609,2.2617084450095915,230.63007704053797,23.0350633394536,0.0981854667243663,10.01213122976412,0.18,35.61,0.158,39.44,0.157,42.45,0.156,41.18,0.154,37.35,0.155,33.74,0.157,30.77,0.16,27.98,0.162,25.54,0.162,23.41,0.161,21.87,0.156,20.17,0.147,18.87,0.134,17.76,0.115,16.05,0.091,14.17,0.057,12.29,0.024,10.41
apcsp_9x7,apcsp,2,9.0,7.0,apcsp_9x7_static_kt1009.txt,5044.0,0.1094,0.0606,2.5864612125696476,263.74564326958216,27.533493927805253,0.09393872130255353,9.579083713862893,0.18,35.61,0.158,39.44,0.157,42.45,0.156,41.18,0.154,37.35,0.155,33.74,0.157,30.77,0.16,27.98,0.162,25.54,0.162,23.41,0.161,21.87,0.156,20.17,0.147,18.87,0.134,17.76,0.115,16.05,0.091,14.17,0.057,12.29,0.024,10.41
apcsp_9x7,apcsp,2,9.0,7.0,apcsp_9x7_static_kt1009.txt,5299.0,0.1107,0.06,2.88851050995802,294.5460998361337,31.607960705983377,0.0913855384985728,9.318731523871334,0.18,35.61,0.158,39.44,0.157,42.45,0.156,41.18,0.154,37.35,0.155,33.74,0.157,30.77,0.16,27.98,0.162,25.54,0.162,23.41,0.161,21.87,0.156,20.17,0.147,18.87,0.134,17.76,0.115,16.05,0.091,14.17,0.057,12.29,0.024,10.41
apcsp_9x7,apcsp,2,9.0,7.0,apcsp_9x7_static_kt1009.txt,5582.0,0.1114,0.0592,3.225546798410042,328.9142366057769,36.45479589491336,0.08848072576536115,9.022523059899267,0.18,35.61,0.158,39.44,0.157,42.45,0.156,41.18,0.154,37.35,0.155,33.74,0.157,30.77,0.16,27.98,0.162,25.54,0.162,23.41,0.161,21.87,0.156,20.17,0.147,18.87,0.134,17.76,0.115,16.05,0.091,14.17,0.057,12.29,0.024,10.41
apcsp_9x7,apcsp,2,9.0,7.0,apcsp_9x7_static_kt1009.txt,5903.0,0.112,0.0586,3.626620242371662,369.8123459460328,42.67558012215958,0.08498115859211285,8.665666521402605,0.18,35.61,0.158,39.44,0.157,42.45,0.156,41.18,0.154,37.35,0.155,33.74,0.157,30.77,0.16,27.98,0.162,25.54,0.162,23.41,0.161,21.87,0.156,20.17,0.147,18.87,0.134,17.76,0.115,16.05,0.091,14.17,0.057,12.29,0.024,10.41
apcsp_9x7,apcsp,2,9.0,7.0,apcsp_9x7_static_kt1009.txt,6147.0,0.1128,0.0586,3.9607188753194054,403.88092522109037,48.189311701982994,0.08219081649917863,8.381130814210627,0.18,35.61,0.158,39.44,0.157,42.45,0.156,41.18,0.154,37.35,0.155,33.74,0.157,30.77,0.16,27.98,0.162,25.54,0.162,23.41,0.161,21.87,0.156,20.17,0.147,18.87,0.134,17.76,0.115,16.05,0.091,14.17,0.057,12.29,0.024,10.41
apcsp_9x7,apcsp,2,9.0,7.0,apcsp_9x7_static_kt1009.txt,6442.0,0.1133,0.0583,4.369279659603259,445.5425307932127,55.18158669512103,0.07918002944974353,8.074115977397332,0.18,35.61,0.158,39.44,0.157,42.45,0.156,41.18,0.154,37.35,0.155,33.74,0.157,30.77,0.16,27.98,0.162,25.54,0.162,23.41,0.161,21.87,0.156,20.17,0.147,18.87,0.134,17.76,0.115,16.05,0.091,14.17,0.057,12.29,0.024,10.41
apcsp_9x7,apcsp,2,9.0,7.0,apcsp_9x7_static_kt1009.txt,6704.0,0.1137,0.058,4.7486150882444536,484.22397946744854,61.87190362876463,0.0767491350635734,7.826233735635861,0.18,35.61,0.158,39.44,0.157,42.45,0.156,41.18,0.154,37.35,0.155,33.74,0.157,30.77,0.16,27.98,0.162,25.54,0.162,23.41,0.161,21.87,0.156,20.17,0.147,18.87,0.134,17.76,0.115,16.05,0.091,14.17,0.057,12.29,0.024,10.41
grcp_10x6,grcp,2,10.0,6.0,grcp_10x6_static_rd0851.txt,1987.0,0.0828,0.045,0.4630144292062379,47.2143320304322,2.1166889165899443,0.21874467503338632,22.30574916341323,0.164,37.54,0.161,40.62,0.16,40.85,0.161,37.75,0.16,33.31,0.157,29.35,0.154,26.1,0.15,23.3,0.147,20.97,0.144,19.12,0.14,17.55,0.135,16.17,0.13,15.09,0.124,13.95,0.114,12.83,0.099,12.03,0.071,11.44,0.042,10.85
grcp_10x6,grcp,2,10.0,6.0,grcp_10x6_static_rd0851.txt,2314.0,0.0849,0.0448,0.6438769140094182,65.65717283775992,3.328273433898563,0.1934567356910982,19.727096989399868,0.164,37.54,0.161,40.62,0.16,40.85,0.161,37.75,0.16,33.31,0.157,29.35,0.154,26.1,0.15,23.3,0.147,20.97,0.144,19.12,0.14,17.55,0.135,16.17,0.13,15.09,0.124,13.95,0.114,12.83,0.099,12.03,0.071,11.44,0.042,10.85
grcp_10x6,grcp,2,10.0,6.0,grcp_10x6_static_rd0851.txt,2565.0,0.0869,0.0444,0.8097723989079714,82.57380439884889,4.492581859071047,0.18024655405509116,18.3800333503379,0.164,37.54,0.161,40.62,0.16,40.85,0.161,37.75,0.16,33.31,0.157,29.35,0.154,26.1,0.15,23.3,0.147,20.97,0.144,19.12,0.14,17.55,0.135,16.17,0.13,15.09,0.124,13.95,0.114,12.83,0.099,12.03,0.071,11.44,0.042,10.85
grcp_10x6,grcp,2,10.0,6.0,grcp_10x6_static_rd0851.txt,2942.0,0.0918,0.0445,1.1253729509400614,114.75610437203954,6.7942095400303115,0.16563706849333362,16.89028042127879,0.164,37.54,0.161,40.62,0.16,40.85,0.161,37.75,0.16,33.31,0.157,29.35,0.154,26.1,0.15,23.3,0.147,20.97,0.144,19.12,0.14,17.55,0.135,16.17,0.13,15.09,0.124,13.95,0.114,12.83,0.099,12.03,0.071,11.44,0.042,10.85
grcp_10x6,grcp,2,10.0,6.0,grcp_10x6_static_rd0851.txt,3270.0,0.0938,0.0435,1.4205836048493663,144.85921337555297,9.11976055036189,0.15576983595177776,15.884102721293997,0.164,37.54,0.161,40.62,0.16,40.85,0.161,37.75,0.16,33.31,0.157,29.35,0.154,26.1,0.15,23.3,0.147,20.97,0.144,19.12,0.14,17.55,0.135,16.17,0.13,15.09,0.124,13.95,0.114,12.83,0.099,12.03,0.071,11.44,0.042,10.85
grcp_10x6,grcp,2,10.0,6.0,grcp_10x6_static_rd0851.txt,3556.0,0.095,0.0431,1.7014357910684221,173.4981661493397,11.620195846496587,0.1464205778925313,14.93074371906118,0.164,37.54,0.161,40.62,0.16,40.85,0.161,37.75,0.16,33.31,0.157,29.35,0.154,26.1,0.15,23.3,0.147,20.97,0.144,19.12,0.14,17.55,0.135,16.17,0.13,15.09,0.124,13.95,0.114,12.83,0.099,12.03,0.071,11.44,0.042,10.85
grcp_10x6,grcp,2,10.0,6.0,grcp_10x6_static_rd0851.txt,3863.0,0.0973,0.0427,2.056509456944201,209.70560353884366,14.758863635794532,0.1393406367653244,14.208790643626969,0.164,37.54,0.161,40.62,0.16,40.85,0.161,37.75,0.16,33.31,0.157,29.35,0.154,26.1,0.15,23.3,0.147,20.97,0.144,19.12,0.14,17.55,0.135,16.17,0.13,15.09,0.124,13.95,0.114,12.83,0.099,12.03,0.071,11.44,0.042,10.85
grcp_10x6,grcp,2,10.0,6.0,grcp_10x6_static_rd0851.txt,4164.0,0.0985,0.042,2.418945739380524,246.66381887602026,18.181611496966227,0.13304352806043335,13.566664259500785,0.164,37.54,0.161,40.62,0.16,40.85,0.161,37.75,0.16,33.31,0.157,29.35,0.154,26.1,0.15,23.3,0.147,20.97,0.144,19.12,0.14,17.55,0.135,16.17,0.13,15.09,0.124,13.95,0.114,12.83,0.099,12.03,0.071,11.44,0.042,10.85
grcp_10x6,grcp,2,10.0,6.0,grcp_10x6_static_rd0851.txt,4475.0,0.1,0.0417,2.83631546994284,289.2236869820826,22.40609095342818,0.12658680516107063,12.908261757182181,0.164,37.54,0.161,40.62,0.16,40.85,0.161,37.75,0.16,33.31,0.157,29.35,0.154,26.1,0.15,23.3,0.147,20.97,0.144,19.12,0.14,17.55,0.135,16.17,0.13,15.09,0.124,13.95,0.114,12.83,0.099,12.03,0.071,11.44,0.042,10.85
grcp_10x6,grcp,2,10.0,6.0,grcp_10x6_static_rd0851.txt,4773.0,0.1004,0.0414,3.23955260043959,330.34243094630585,26.991409545002703,0.12002161632345627,12.238798807284475,0.164,37.54,0.161,40.62,0.16,40.85,0.161,37.75,0.16,33.31,0.157,29.35,0.154,26.1,0.15,23.3,0.147,20.97,0.144,19.12,0.14,17.55,0.135,16.17,0.13,15.09,0.124,13.95,0.114,12.83,0.099,12.03,0.071,11.44,0.042,10.85
grcp_10x6,grcp,2,10.0,6.0,grcp_10x6_static_rd0851.txt,5073.0,0.1007,0.0411,3.670520463113435,374.28892263040234,32.17268667654481,0.1140880927979631,11.633747793381339,0.164,37.54,0.161,40.62,0.16,40.85,0.161,37.75,0.16,33.31,0.157,29.35,0.154,26.1,0.15,23.3,0.147,20.97,0.144,19.12,0.14,17.55,0.135,16.17,0.13,15.09,0.124,13.95,0.114,12.83,0.099,12.03,0.071,11.44,0.042,10.85
grcp_10x6,grcp,2,10.0,6.0,grcp_10x6_static_rd0851.txt,5391.0,0.1015,0.041,4.178045452570343,426.0420686544685,38.51614143915881,0.10847518200051535,11.061390179165706,0.164,37.54,0.161,40.62,0.16,40.85,0.161,37.75,0.16,33.31,0.157,29.35,0.154,26.1,0.15,23.3,0.147,20.97,0.144,19.12,0.14,17.55,0.135,16.17,0.13,15.09,0.124,13.95,0.114,12.83,0.099,12.03,0.071,11.44,0.042,10.85
grcp_10x6,grcp,2,10.0,6.0,grcp_10x6_static_rd0851.txt,5728.0,0.1019,0.0408,4.735312632007482,482.86750643772166,45.974827841023604,0.10299794157754595,10.502867092997707,0.164,37.54,0.161,40.62,0.16,40.85,0.161,37.75,0.16,33.31,0.157,29.35,0.154,26.1,0.15,23.3,0.147,20.97,0.144,19.12,0.14,17.55,0.135,16.17,0.13,15.09,0.124,13.95,0.114,12.83,0.099,12.03,0.071,11.44,0.042,10.85
grcp_10x6,grcp,2,10.0,6.0,grcp_10x6_static_rd0851.txt,6006.0,0.102,0.0407,5.211218487009407,531.3963980573802,52.86902647988319,0.09856845934154453,10.05118560788287,0.164,37.54,0.161,40.62,0.16,40.85,0.161,37.75,0.16,33.31,0.157,29.35,0.154,26.1,0.15,23.3,0.147,20.97,0.144,19.12,0.14,17.55,0.135,16.17,0.13,15.09,0.124,13.95,0.114,12.83,0.099,12.03,0.071,11.44,0.042,10.85
grcp_10x6,grcp,2,10.0,6.0,grcp_10x6_static_rd0851.txt,6308.0,0.1021,0.0405,5.754102128209686,586.7551231266219,60.95102280835282,0.09440534158552522,9.626665740647951,0.164,37.54,0.161,40.62,0.16,40.85,0.161,37.75,0.16,33.31,0.157,29.35,0.154,26.1,0.15,23.3,0.147,20.97,0.144,19.12,0.14,17.55,0.135,16.17,0.13,15.09,0.124,13.95,0.114,12.83,0.099,12.03,0.071,11.44,0.042,10.85
grcp_10x6,grcp,2,10.0,6.0,grcp_10x6_static_rd0851.txt,6592.0,0.1026,0.0404,6.314663500479379,643.9164750938781,69.3879220333357,0.09100522562767706,9.279950403825676,0.164,37.54,0.161,40.62,0.16,40.85,0.161,37.75,0.16,33.31,0.157,29.35,0.154,26.1,0.15,23.3,0.147,20.97,0.144,19.12,0.14,17.55,0.135,16.17,0.13,15.09,0.124,13.95,0.114,12.83,0.099,12.03,0.071,11.44,0.042,10.85
grcp_10x8,grcp,2,10.0,8.0,grcp_10x8_static_rd0843.txt,1988.0,0.0933,0.0626,0.5222553027172325,53.255219949445795,2.9489974298081933,0.1770958826339841,18.058754277350992,0.166,44.49,0.163,48.96,0.164,49.16,0.168,45.16,0.172,40.13,0.172,35.75,0.17,31.96,0.167,28.7,0.162,26.11,0.157,23.81,0.151,21.83,0.144,20.16,0.135,18.6,0.125,17.27,0.112,15.98,0.093,15.02,0.062,14.2,0.031,13.37
grcp_10x8,grcp,2,10.0,8.0,grcp_10x8_static_rd0843.txt,2331.0,0.0966,0.0634,0.7434129598980326,75.80702481459343,4.814675248016483,0.15440562895790297,15.744992322342796,0.166,44.49,0.163,48.96,0.164,49.16,0.168,45.16,0.172,40.13,0.172,35.75,0.17,31.96,0.167,28.7,0.162,26.11,0.157,23.81,0.151,21.83,0.144,20.16,0.135,18.6,0.125,17.27,0.112,15.98,0.093,15.02,0.062,14.2,0.031,13.37
grcp_10x8,grcp,2,10.0,8.0,grcp_10x8_static_rd0843.txt,2607.0,0.0967,0.0623,0.9308441866797211,94.9196908913565,6.61853791056202,0.14064196643706728,14.341489340097516,0.166,44.49,0.163,48.96,0.164,49.16,0.168,45.16,0.172,40.13,0.172,35.75,0.17,31.96,0.167,28.7,0.162,26.11,0.157,23.81,0.151,21.83,0.144,20.16,0.135,18.6,0.125,17.27,0.112,15.98,0.093,15.02,0.062,14.2,0.031,13.37
grcp_10x8,grcp,2,10.0,8.0,grcp_10x8_static_rd0843.txt,2876.0,0.0994,0.0621,1.164481523861295,118.74406895946069,8.857459310820007,0.13146902322642334,13.406109448835572,0.166,44.49,0.163,48.96,0.164,49.16,0.168,45.16,0.172,40.13,0.172,35.75,0.17,31.96,0.167,28.7,0.162,26.11,0.157,23.81,0.151,21.83,0.144,20.16,0.135,18.6,0.125,17.27,0.112,15.98,0.093,15.02,0.062,14.2,0.031,13.37
grcp_10x8,grcp,2,10.0,8.0,grcp_10x8_static_rd0843.txt,3209.0,0.0999,0.0606,1.4570463819686839,148.57738187542984,12.006949833496096,0.12135025149384103,12.374281889721876,0.166,44.49,0.163,48.96,0.164,49.16,0.168,45.16,0.172,40.13,0.172,35.75,0.17,31.96,0.167,28.7,0.162,26.11,0.157,23.81,0.151,21.83,0.144,20.16,0.135,18.6,0.125,17.27,0.112,15.98,0.093,15.02,0.062,14.2,0.031,13.37
grcp_10x8,grcp,2,10.0,8.0,grcp_10x8_static_rd0843.txt,3487.0,0.101,0.0598,1.7393769996049018,177.3670926978022,15.202252680165765,0.11441574062732496,11.66715857375607,0.166,44.49,0.163,48.96,0.164,49.16,0.168,45.16,0.172,40.13,0.172,35.75,0.17,31.96,0.167,28.7,0.162,26.11,0.157,23.81,0.151,21.83,0.144,20.16,0.135,18.6,0.125,17.27,0.112,15.98,0.093,15.02,0.062,14.2,0.031,13.37
grcp_10x8,grcp,2,10.0,8.0,grcp_10x8_static_rd0843.txt,3771.0,0.1027,0.0594,2.0684830326767627,210.9265684690249,19.098838786267823,0.10830412549290767,11.043947269751412,0.166,44.49,0.163,48.96,0.164,49.16,0.168,45.16,0.172,40.13,0.172,35.75,0.17,31.96,0.167,28.7,0.162,26.11,0.157,23.81,0.151,21.83,0.144,20.16,0.135,18.6,0.125,17.27,0.112,15.98,0.093,15.02,0.062,14.2,0.031,13.37
grcp_10x8,grcp,2,10.0,8.0,grcp_10x8_static_rd0843.txt,4046.0,0.1034,0.0589,2.3974013748009275,244.46690509000808,23.390734031229524,0.10249363579612765,10.451442214836632,0.166,44.49,0.163,48.96,0.164,49.16,0.168,45.16,0.172,40.13,0.172,35.75,0.17,31.96,0.167,28.7,0.162,26.11,0.157,23.81,0.151,21.83,0.144,20.16,0.135,18.6,0.125,17.27,0.112,15.98,0.093,15.02,0.062,14.2,0.031,13.37
grcp_10x8,grcp,2,10.0,8.0,grcp_10x8_static_rd0843.txt,4362.0,0.1042,0.0587,2.8080671945445594,286.34316454085337,29.21097181093982,0.09613056397846059,9.80258946515483,0.166,44.49,0.163,48.96,0.164,49.16,0.168,45.16,0.172,40.13,0.172,35.75,0.17,31.96,0.167,28.7,0.162,26.11,0.157,23.81,0.151,21.83,0.144,20.16,0.135,18.6,0.125,17.27,0.112,15.98,0.093,15.02,0.062,14.2,0.031,13.37
grcp_10x8,grcp,2,10.0,8.0,grcp_10x8_static_rd0843.txt,4652.0,0.1039,0.0585,3.184662500483941,324.74519846063043,35.312291825553736,0.09018566442009748,9.19637841873601,0.166,44.49,0.163,48.96,0.164,49.16,0.168,45.16,0.172,40.13,0.172,35.75,0.17,31.96,0.167,28.7,0.162,26.11,0.157,23.81,0.151,21.83,0.144,20.16,0.135,18.6,0.125,17.27,0.112,15.98,0.093,15.02,0.062,14.2,0.031,13.37
grcp_10x8,grcp,2,10.0,8.0,grcp_10x8_static_rd0843.txt,4951.0,0.1046,0.0587,3.6314995242936234,370.3098942343842,42.713759781358675,0.08501943034006804,8.669569153591496,0.166,44.49,0.163,48.96,0.164,49.16,0.168,45.16,0.172,40.13,0.172,35.75,0.17,31.96,0.167,28.7,0.162,26.11,0.157,23.81,0.151,21.83,0.144,20.16,0.135,18.6,0.125,17.27,0.112,15.98,0.093,15.02,0.062,14.2,0.031,13.37
grcp_10x8,grcp,2,10.0,8.0,grcp_10x8_static_rd0843.txt,5273.0,0.1054,0.0586,4.150731185018283,423.25678850762324,51.51359398462347,0.08057545327272746,8.216409607024566,0.166,44.49,0.163,48.96,0.164,49.16,0.168,45.16,0.172,40.13,0.172,35.75,0.17,31.96,0.167,28.7,0.162,26.11,0.157,23.81,0.151,21.83,0.144,20.16,0.135,18.6,0.125,17.27,0.112,15.98,0.093,15.02,0.062,14.2,0.031,13.37
grcp_10x8,grcp,2,10.0,8.0,grcp_10x8_static_rd0843.txt,5544.0,0.1061,0.0584,4.61881195799539,470.9877438264229,59.666894223893756,0.0774099610525023,7.8936192331226565,0.166,44.49,0.163,48.96,0.164,49.16,0.168,45.16,0.172,40.13,0.172,35.75,0.17,31.96,0.167,28.7,0.162,26.11,0.157,23.81,0.151,21.83,0.144,20.16,0.135,18.6,0.125,17.27,0.112,15.98,0.093,15.02,0.062,14.2,0.031,13.37
grcp_10x8,grcp,2,10.0,8.0,grcp_10x8_static_rd0843.txt,5852.0,0.1072,0.0584,5.199623221886387,530.2140100734082,70.17407878629753,0.07409606669324295,7.555696052499371,0.166,44.49,0.163,48.96,0.164,49.16,0.168,45.16,0.172,40.13,0.172,35.75,0.17,31.96,0.167,28.7,0.162,26.11,0.157,23.81,0.151,21.83,0.144,20.16,0.135,18.6,0.125,17.27,0.112,15.98,0.093,15.02,0.062,14.2,0.031,13.37
grcp_10x8,grcp,2,10.0,8.0,grcp_10x8_static_rd0843.txt,6139.0,0.1082,0.0585,5.775518534976452,588.9389888470021,81.15208583255539,0.07116907071117469,7.257225526675746,0.166,44.49,0.163,48.96,0.164,49.16,0.168,45.16,0.172,40.13,0.172,35.75,0.17,31.96,0.167,28.7,0.162,26.11,0.157,23.81,0.151,21.83,0.144,20.16,0.135,18.6,0.125,17.27,0.112,15.98,0.093,15.02,0.062,14.2,0.031,13.37
grcp_10x8,grcp,2,10.0,8.0,grcp_10x8_static_rd0843.txt,6451.0,0.1088,0.0581,6.412855196322818,653.9292415170133,93.52079256862083,0.06857143764706003,6.99234067159122,0.166,44.49,0.163,48.96,0.164,49.16,0.168,45.16,0.172,40.13,0.172,35.75,0.17,31.96,0.167,28.7,0.162,26.11,0.157,23.81,0.151,21.83,0.144,20.16,0.135,18.6,0.125,17.27,0.112,15.98,0.093,15.02,0.062,14.2,0.031,13.37
grcp_11x4,grcp,2,11.0,4.0,grcp_11x4_static_rd0550.txt,2025.0,0.0504,0.0229,0.4285680456472323,43.701778451074766,1.8362208373278082,0.23339678808509398,23.79984888673441,0.156,30.27,0.152,31.3,0.152,30.03,0.154,27.27,0.154,23.93,0.152,20.7,0.149,17.91,0.145,15.74,0.141,14.02,0.136,12.63,0.132,11.47,0.128,10.64,0.122,9.76,0.116,8.64,0.107,8.05,0.093,7.53,0.066,7.33,0.039,7.15
grcp_11x4,grcp,2,11.0,4.0,grcp_11x4_static_rd0550.txt,2324.0,0.0517,0.0236,0.5790312267754539,59.04475297634299,2.8604523695599937,0.20242645287064256,20.641753592780674,0.156,30.27,0.152,31.3,0.152,30.03,0.154,27.27,0.154,23.93,0.152,20.7,0.149,17.91,0.145,15.74,0.141,14.02,0.136,12.63,0.132,11.47,0.128,10.64,0.122,9.76,0.116,8.64,0.107,8.05,0.093,7.53,0.066,7.33,0.039,7.15
grcp_11x4,grcp,2,11.0,4.0,grcp_11x4_static_rd0550.txt,2635.0,0.0534,0.023,0.7688501282985938,78.40089411762364,4.063348211590148,0.1892159097036167,19.294653087814567,0.156,30.27,0.152,31.3,0.152,30.03,0.154,27.27,0.154,23.93,0.152,20.7,0.149,17.91,0.145,15.74,0.141,14.02,0.136,12.63,0.132,11.47,0.128,10.64,0.122,9.76,0.116,8.64,0.107,8.05,0.093,7.53,0.066,7.33,0.039,7.15
grcp_11x4,grcp,2,11.0,4.0,grcp_11x4_static_rd0550.txt,2864.0,0.0549,0.0229,0.9338079495246963,95.22191059380077,5.194800452466463,0.17975819438479668,18.330234522981517,0.156,30.27,0.152,31.3,0.152,30.03,0.154,27.27,0.154,23.93,0.152,20.7,0.149,17.91,0.145,15.74,0.141,14.02,0.136,12.63,0.132,11.47,0.128,10.64,0.122,9.76,0.116,8.64,0.107,8.05,0.093,7.53,0.066,7.33,0.039,7.15
grcp_11x4,grcp,2,11.0,4.0,grcp_11x4_static_rd0550.txt,3208.0,0.0573,0.0241,1.2228200083414493,124.69293880595815,7.683064300234928,0.15915785167957772,16.22958417804018,0.156,30.27,0.152,31.3,0.152,30.03,0.154,27.27,0.154,23.93,0.152,20.7,0.149,17.91,0.145,15.74,0.141,14.02,0.136,12.63,0.132,11.47,0.128,10.64,0.122,9.76,0.116,8.64,0.107,8.05,0.093,7.53,0.066,7.33,0.039,7.15
grcp_11x4,grcp,2,11.0,4.0,grcp_11x4_static_rd0550.txt,3527.0,0.0587,0.0237,1.5142173415540479,154.40719731549999,10.041048653821681,0.15080270933432116,15.377596766920526,0.156,30.27,0.152,31.3,0.152,30.03,0.154,27.27,0.154,23.93,0.152,20.7,0.149,17.91,0.145,15.74,0.141,14.02,0.136,12.63,0.132,11.47,0.128,10.64,0.122,9.76,0.116,8.64,0.107,8.05,0.093,7.53,0.066,7.33,0.039,7.15
grcp_11x4,grcp,2,11.0,4.0,grcp_11x4_static_rd0550.txt,3811.0,0.0595,0.0232,1.7919837138042358,182.73148463585792,12.399928405517294,0.14451565002640665,14.736495136097105,0.156,30.27,0.152,31.3,0.152,30.03,0.154,27.27,0.154,23.93,0.152,20.7,0.149,17.91,0.145,15.74,0.141,14.02,0.136,12.63,0.132,11.47,0.128,10.64,0.122,9.76,0.116,8.64,0.107,8.05,0.093,7.53,0.066,7.33,0.039,7.15
grcp_11x4,grcp,2,11.0,4.0,grcp_11x4_static_rd0550.txt,4113.0,0.0607,0.0232,2.1293414349827526,217.13239842176003,15.587571545374697,0.1366050785258203,13.929841334790199,0.156,30.27,0.152,31.3,0.152,30.03,0.154,27.27,0.154,23.93,0.152,20.7,0.149,17.91,0.145,15.74,0.141,14.02,0.136,12.63,0.132,11.47,0.128,10.64,0.122,9.76,0.116,8.64,0.107,8.05,0.093,7.53,0.066,7.33,0.039,7.15
grcp_11x4,grcp,2,11.0,4.0,grcp_11x4_static_rd0550.txt,4381.0,0.0612,0.023,2.435774746751419,248.37990004246294,18.675057255841928,0.13042930543034667,13.300087739477465,0.156,30.27,0.152,31.3,0.152,30.03,0.154,27.27,0.154,23.93,0.152,20.7,0.149,17.91,0.145,15.74,0.141,14.02,0.136,12.63,0.132,11.47,0.128,10.64,0.122,9.76,0.116,8.64,0.107,8.05,0.093,7.53,0.066,7.33,0.039,7.15
grcp_11x4,grcp,2,11.0,4.0,grcp_11x4_static_rd0550.txt,4708.0,0.0623,0.0231,2.8635195338190687,291.9977294814304,23.277465350060496,0.12301681006740825,12.544223569456264,0.156,30.27,0.152,31.3,0.152,30.03,0.154,27.27,0.154,23.93,0.152,20.7,0.149,17.91,0.145,15.74,0.141,14.02,0.136,12.63,0.132,11.47,0.128,10.64,0.122,9.76,0.116,8.64,0.107,8.05,0.093,7.53,0.066,7.33,0.039,7.15
grcp_11x4,grcp,2,11.0,4.0,grcp_11x4_static_rd0550.txt,5012.0,0.0631,0.023,3.286931693004791,335.1737538307976,27.96245958618172,0.11754801765110472,11.986561940224718,0.156,30.27,0.152,31.3,0.152,30.03,0.154,27.27,0.154,23.93,0.152,20.7,0.149,17.91,0.145,15.74,0.141,14.02,0.136,12.63,0.132,11.47,0.128,10.64,0.122,9.76,0.116,8.64,0.107,8.05,0.093,7.53,0.066,7.33,0.039,7.15
grcp_11x4,grcp,2,11.0,4.0,grcp_11x4_static_rd0550.txt,5320.0,0.0645,0.0229,3.7854906189563713,386.0126158225665,33.29543748440955,0.11369397445908053,11.59355890738229,0.156,30.27,0.152,31.3,0.152,30.03,0.154,27.27,0.154,23.93,0.152,20.7,0.149,17.91,0.145,15.74,0.141,14.02,0.136,12.63,0.132,11.47,0.128,10.64,0.122,9.76,0.116,8.64,0.107,8.05,0.093,7.53,0.066,7.33,0.039,7.15
grcp_11x4,grcp,2,11.0,4.0,grcp_11x4_static_rd0550.txt,5603.0,0.0655,0.0228,4.264044613789469,434.8115425542331,38.726750793154764,0.1101059223006948,11.227679411490653,0.156,30.27,0.152,31.3,0.152,30.03,0.154,27.27,0.154,23.93,0.152,20.7,0.149,17.91,0.145,15.74,0.141,14.02,0.136,12.63,0.132,11.47,0.128,10.64,0.122,9.76,0.116,8.64,0.107,8.05,0.093,7.53,0.066,7.33,0.039,7.15
grcp_11x4,grcp,2,11.0,4.0,grcp_11x4_static_rd0550.txt,5907.0,0.0664,0.0228,4.804422764895761,489.91477873644527,45.37849686150884,0.10587443606954267,10.796187900000783,0.156,30.27,0.152,31.3,0.152,30.03,0.154,27.27,0.154,23.93,0.152,20.7,0.149,17.91,0.145,15.74,0.141,14.02,0.136,12.63,0.132,11.47,0.128,10.64,0.122,9.76,0.116,8.64,0.107,8.05,0.093,7.53,0.066,7.33,0.039,7.15
grcp_11x4,grcp,2,11.0,4.0,grcp_11x4_static_rd0550.txt,6208.0,0.0669,0.0227,5.3464896362419925,545.1902164594426,52.44394199650859,0.10194675367076583,10.395675757854706,0.156,30.27,0.152,31.3,0.152,30.03,0.154,27.27,0.154,23.93,0.152,20.7,0.149,17.91,0.145,15.74,0.141,14.02,0.136,12.63,0.132,11.47,0.128,10.64,0.122,9.76,0.116,8.64,0.107,8.05,0.093,7.53,0.066,7.33,0.039,7.15
grcp_11x4,grcp,2,11.0,4.0,grcp_11x4_static_rd0550.txt,6510.0,0.067,0.0224,5.8881108149860815,600.420206185199,59.67677295840243,0.09866670939278799,10.061204324900755,0.156,30.27,0.152,31.3,0.152,30.03,0.154,27.27,0.154,23.93,0.152,20.7,0.149,17.91,0.145,15.74,0.141,14.02,0.136,12.63,0.132,11.47,0.128,10.64,0.122,9.76,0.116,8.64,0.107,8.05,0.093,7.53,0.066,7.33,0.039,7.15
grcp_11x6,grcp,2,11.0,6.0,grcp_11x6_static_rd0556.txt,1995.0,0.0673,0.0343,0.5554437179994849,56.63949646408151,2.629887473928057,0.21120436653887023,21.536851681141904,0.157,36.45,0.154,39.48,0.152,38.7,0.15,34.38,0.147,29.77,0.144,25.97,0.14,22.79,0.136,20.05,0.133,17.84,0.129,16.14,0.126,14.59,0.123,13.14,0.119,12.01,0.113,10.99,0.105,9.94,0.091,8.43,0.062,7.28,0.032,6.17
grcp_11x6,grcp,2,11.0,6.0,grcp_11x6_static_rd0556.txt,2296.0,0.0709,0.0345,0.7750490667869446,79.03300992560607,4.0322652463386675,0.1922118262162183,19.60015155187738,0.157,36.45,0.154,39.48,0.152,38.7,0.15,34.38,0.147,29.77,0.144,25.97,0.14,22.79,0.136,20.05,0.133,17.84,0.129,16.14,0.126,14.59,0.123,13.14,0.119,12.01,0.113,10.99,0.105,9.94,0.091,8.43,0.062,7.28,0.032,6.17
grcp_11x6,grcp,2,11.0,6.0,grcp_11x6_static_rd0556.txt,2595.0,0.0723,0.034,1.009606683062388,102.95123034495859,5.737270812000577,0.17597333578024701,17.944286354692686,0.157,36.45,0.154,39.48,0.152,38.7,0.15,34.38,0.147,29.77,0.144,25.97,0.14,22.79,0.136,20.05,0.133,17.84,0.129,16.14,0.126,14.59,0.123,13.14,0.119,12.01,0.113,10.99,0.105,9.94,0.091,8.43,0.062,7.28,0.032,6.17
grcp_11x6,grcp,2,11.0,6.0,grcp_11x6_static_rd0556.txt,2885.0,0.0746,0.0335,1.2875664669353104,131.29524016206457,7.767774437803538,0.16575744793374694,16.902555707988657,0.157,36.45,0.154,39.48,0.152,38.7,0.15,34.38,0.147,29.77,0.144,25.97,0.14,22.79,0.136,20.05,0.133,17.84,0.129,16.14,0.126,14.59,0.123,13.14,0.119,12.01,0.113,10.99,0.105,9.94,0.091,8.43,0.062,7.28,0.032,6.17
grcp_11x6,grcp,2,11.0,6.0,grcp_11x6_static_rd0556.txt,3168.0,0.0769,0.0336,1.6004270410870316,163.19814014847393,10.315947959056432,0.15514105416574994,15.819984823130218,0.157,36.45,0.154,39.48,0.152,38.7,0.15,34.38,0.147,29.77,0.144,25.97,0.14,22.79,0.136,20.05,0.133,17.84,0.129,16.14,0.126,14.59,0.123,13.14,0.119,12.01,0.113,10.99,0.105,9.94,0.091,8.43,0.062,7.28,0.032,6.17
grcp_11x6,grcp,2,11.0,6.0,grcp_11x6_static_rd0556.txt,3484.0,0.0786,0.0335,1.9784179047753718,201.74248135452697,13.680236092922813,0.1446186960032704,14.747002901426116,0.157,36.45,0.154,39.48,0.152,38.7,0.15,34.38,0.147,29.77,0.144,25.97,0.14,22.79,0.136,20.05,0.133,17.84,0.129,16.14,0.126,14.59,0.123,13.14,0.119,12.01,0.113,10.99,0.105,9.94,0.091,8.43,0.062,7.28,0.032,6.17
grcp_11x6,grcp,2,11.0,6.0,grcp_11x6_static_rd0556.txt,3769.0,0.0806,0.0333,2.374250355755695,242.10615814326965,17.216187833787654,0.13790801881797007,14.062704268834933,0.157,36.45,0.154,39.48,0.152,38.7,0.15,34.38,0.147,29.77,0.144,25.97,0.14,22.79,0.136,20.05,0.133,17.84,0.129,16.14,0.126,14.59,0.123,13.14,0.119,12.01,0.113,10.99,0.105,9.94,0.091,8.43,0.062,7.28,0.032,6.17
grcp_11x6,grcp,2,11.0,6.0,grcp_11x6_static_rd0556.txt,4076.0,0.0822,0.0328,2.831909453484304,288.7743983403409,21.448193355367096,0.13203487149539614,13.463809914231277,0.157,36.45,0.154,39.48,0.152,38.7,0.15,34.38,0.147,29.77,0.144,25.97,0.14,22.79,0.136,20.05,0.133,17.84,0.129,16.14,0.126,14.59,0.123,13.14,0.119,12.01,0.113,10.99,0.105,9.94,0.091,8.43,0.062,7.28,0.032,6.17
grcp_11x6,grcp,2,11.0,6.0,grcp_11x6_static_rd0556.txt,4344.0,0.0843,0.0326,3.298727210114135,336.37656183448325,25.804853406473306,0.12783359619034412,13.035399059856744,0.157,36.45,0.154,39.48,0.152,38.7,0.15,34.38,0.147,29.77,0.144,25.97,0.14,22.79,0.136,20.05,0.133,17.84,0.129,16.14,0.126,14.59,0.123,13.14,0.119,12.01,0.113,10.99,0.105,9.94,0.091,8.43,0.062,7.28,0.032,6.17
grcp_11x6,grcp,2,11.0,6.0,grcp_11x6_static_rd0556.txt,4632.0,0.0859,0.0323,3.8218132372246436,389.71649209716304,30.997203958770648,0.12329541859027136,12.572633732239998,0.157,36.45,0.154,39.48,0.152,38.7,0.15,34.38,0.147,29.77,0.144,25.97,0.14,22.79,0.136,20.05,0.133,17.84,0.129,16.14,0.126,14.59,0.123,13.14,0.119,12.01,0.113,10.99,0.105,9.94,0.091,8.43,0.062,7.28,0.032,6.17
grcp_11x6,grcp,2,11.0,6.0,grcp_11x6_static_rd0556.txt,4934.0,0.0859,0.0319,4.336413114581617,442.19107591089903,37.00006312080892,0.11720015450846107,11.9510897715796,0.157,36.45,0.154,39.48,0.152,38.7,0.15,34.38,0.147,29.77,0.144,25.97,0.14,22.79,0.136,20.05,0.133,17.84,0.129,16.14,0.126,14.59,0.123,13.14,0.119,12.01,0.113,10.99,0.105,9.94,0.091,8.43,0.062,7.28,0.032,6.17
grcp_11x6,grcp,2,11.0,6.0,grcp_11x6_static_rd0556.txt,5221.0,0.0862,0.0318,4.87252243316064,496.85901231925686,43.70212411057798,0.11149394983254966,11.369218829319868,0.157,36.45,0.154,39.48,0.152,38.7,0.15,34.38,0.147,29.77,0.144,25.97,0.14,22.79,0.136,20.05,0.133,17.84,0.129,16.14,0.126,14.59,0.123,13.14,0.119,12.01,0.113,10.99,0.105,9.94,0.091,8.43,0.062,7.28,0.032,6.17
grcp_11x6,grcp,2,11.0,6.0,grcp_11x6_static_rd0556.txt,5527.0,0.0871,0.0318,5.517422977945146,562.6205664467628,51.84535590820602,0.1064207754251689,10.851899009872781,0.157,36.45,0.154,39.48,0.152,38.7,0.15,34.38,0.147,29.77,0.144,25.97,0.14,22.79,0.136,20.05,0.133,17.84,0.129,16.14,0.126,14.59,0.123,13.14,0.119,12.01,0.113,10.99,0.105,9.94,0.091,8.43,0.062,7.28,0.032,6.17
grcp_11x6,grcp,2,11.0,6.0,grcp_11x6_static_rd0556.txt,5833.0,0.0873,0.0317,6.159385575207139,628.0825333021103,60.75045541258528,0.10138830290860895,10.33872962822258,0.157,36.45,0.154,39.48,0.152,38.7,0.15,34.38,0.147,29.77,0.144,25.97,0.14,22.79,0.136,20.05,0.133,17.84,0.129,16.14,0.126,14.59,0.123,13.14,0.119,12.01,0.113,10.99,0.105,9.94,0.091,8.43,0.062,7.28,0.032,6.17
grcp_11x6,grcp,2,11.0,6.0,grcp_11x6_static_rd0556.txt,6124.0,0.0876,0.0317,6.81261215811766,694.6931070363132,70.30385746339863,0.0969023948887075,9.881294314440458,0.157,36.45,0.154,39.48,0.152,38.7,0.15,34.38,0.147,29.77,0.144,25.97,0.14,22.79,0.136,20.05,0.133,17.84,0.129,16.14,0.126,14.59,0.123,13.14,0.119,12.01,0.113,10.99,0.105,9.94,0.091,8.43,0.062,7.28,0.032,6.17
grcp_11x6,grcp,2,11.0,6.0,grcp_11x6_static_rd0556.txt,6397.0,0.0881,0.0317,7.475974388631057,762.3372291894844,80.13138714207909,0.09329645542483349,9.513590821007531,0.157,36.45,0.154,39.48,0.152,38.7,0.15,34.38,0.147,29.77,0.144,25.97,0.14,22.79,0.136,20.05,0.133,17.84,0.129,16.14,0.126,14.59,0.123,13.14,0.119,12.01,0.113,10.99,0.105,9.94,0.091,8.43,0.062,7.28,0.032,6.17
grcp_11x8,grcp,2,11.0,8.0,grcp_11x8_static_kt0641.txt,1993.0,0.0942,0.06,0.7758981122557443,79.11958846861512,4.586564369432699,0.16916760558878047,17.250295012953504,0.157,41.39,0.152,46.1,0.151,46.7,0.152,42.95,0.154,38.14,0.154,33.78,0.153,29.97,0.15,26.8,0.147,24.3,0.143,22.27,0.139,20.47,0.134,18.77,0.128,17.4,0.121,16.14,0.11,15.03,0.095,14.01,0.067,13.03,0.038,12.06
grcp_11x8,grcp,2,11.0,8.0,grcp_11x8_static_kt0641.txt,2303.0,0.0953,0.0585,1.0481416324496795,106.8807016106091,6.900046641732467,0.15190355759486746,15.489852048851287,0.157,41.39,0.152,46.1,0.151,46.7,0.152,42.95,0.154,38.14,0.154,33.78,0.153,29.97,0.15,26.8,0.147,24.3,0.143,22.27,0.139,20.47,0.134,18.77,0.128,17.4,0.121,16.14,0.11,15.03,0.095,14.01,0.067,13.03,0.038,12.06
grcp_11x8,grcp,2,11.0,8.0,grcp_11x8_static_kt0641.txt,2568.0,0.097,0.0579,1.326480799662548,135.26339776198276,9.468429903434794,0.14009511747891276,14.28572626522949,0.157,41.39,0.152,46.1,0.151,46.7,0.152,42.95,0.154,38.14,0.154,33.78,0.153,29.97,0.15,26.8,0.147,24.3,0.143,22.27,0.139,20.47,0.134,18.77,0.128,17.4,0.121,16.14,0.11,15.03,0.095,14.01,0.067,13.03,0.038,12.06
grcp_11x8,grcp,2,11.0,8.0,grcp_11x8_static_kt0641.txt,2820.0,0.0986,0.0573,1.6259767325626315,165.80348361189925,12.408414523397157,0.13103823453807972,13.362181227848422,0.157,41.39,0.152,46.1,0.151,46.7,0.152,42.95,0.154,38.14,0.154,33.78,0.153,29.97,0.15,26.8,0.147,24.3,0.143,22.27,0.139,20.47,0.134,18.77,0.128,17.4,0.121,16.14,0.11,15.03,0.095,14.01,0.067,13.03,0.038,12.06
grcp_11x8,grcp,2,11.0,8.0,grcp_11x8_static_kt0641.txt,3096.0,0.101,0.0572,2.0075319824498523,204.71129105758362,16.391293669675296,0.12247550577193829,12.489025892831732,0.157,41.39,0.152,46.1,0.151,46.7,0.152,42.95,0.154,38.14,0.154,33.78,0.153,29.97,0.15,26.8,0.147,24.3,0.143,22.27,0.139,20.47,0.134,18.77,0.128,17.4,0.121,16.14,0.11,15.03,0.095,14.01,0.067,13.03,0.038,12.06
grcp_11x8,grcp,2,11.0,8.0,grcp_11x8_static_kt0641.txt,3396.0,0.102,0.0567,2.4393534387700835,248.74482506973163,21.443735910488844,0.11375599144442525,11.599882879925893,0.157,41.39,0.152,46.1,0.151,46.7,0.152,42.95,0.154,38.14,0.154,33.78,0.153,29.97,0.15,26.8,0.147,24.3,0.143,22.27,0.139,20.47,0.134,18.77,0.128,17.4,0.121,16.14,0.11,15.03,0.095,14.01,0.067,13.03,0.038,12.06
grcp_11x8,grcp,2,11.0,8.0,grcp_11x8_static_kt0641.txt,3650.0,0.1034,0.0566,2.85657389283566,291.2894712093998,26.57720895963004,0.10748208727164345,10.960122699560346,0.157,41.39,0.152,46.1,0.151,46.7,0.152,42.95,0.154,38.14,0.154,33.78,0.153,29.97,0.15,26.8,0.147,24.3,0.143,22.27,0.139,20.47,0.134,18.77,0.128,17.4,0.121,16.14,0.11,15.03,0.095,14.01,0.067,13.03,0.038,12.06
grcp_11x8,grcp,2,11.0,8.0,grcp_11x8_static_kt0641.txt,3921.0,0.1055,0.0564,3.3634528136230317,342.9767365637636,32.830989886021385,0.10244749930781423,10.446737602322326,0.157,41.39,0.152,46.1,0.151,46.7,0.152,42.95,0.154,38.14,0.154,33.78,0.153,29.97,0.15,26.8,0.147,24.3,0.143,22.27,0.139,20.47,0.134,18.77,0.128,17.4,0.121,16.14,0.11,15.03,0.095,14.01,0.067,13.03,0.038,12.06
grcp_11x8,grcp,2,11.0,8.0,grcp_11x8_static_kt0641.txt,4201.0,0.1062,0.056,3.8865930959718766,396.3221993210604,40.09224891726885,0.09694125924419802,9.88525737578052,0.157,41.39,0.152,46.1,0.151,46.7,0.152,42.95,0.154,38.14,0.154,33.78,0.153,29.97,0.15,26.8,0.147,24.3,0.143,22.27,0.139,20.47,0.134,18.77,0.128,17.4,0.121,16.14,0.11,15.03,0.095,14.01,0.067,13.03,0.038,12.06
grcp_11x8,grcp,2,11.0,8.0,grcp_11x8_static_kt0641.txt,4462.0,0.1084,0.0555,4.475356220583517,456.35932969806385,47.60976385856911,0.09400080693275722,9.58541468623406,0.157,41.39,0.152,46.1,0.151,46.7,0.152,42.95,0.154,38.14,0.154,33.78,0.153,29.97,0.15,26.8,0.147,24.3,0.143,22.27,0.139,20.47,0.134,18.77,0.128,17.4,0.121,16.14,0.11,15.03,0.095,14.01,0.067,13.03,0.038,12.06
grcp_11x8,grcp,2,11.0,8.0,grcp_11x8_static_kt0641.txt,4743.0,0.1092,0.055,5.094107232079941,519.4543735200034,56.6678074934633,0.089894200206485,9.16665734032366,0.157,41.39,0.152,46.1,0.151,46.7,0.152,42.95,0.154,38.14,0.154,33.78,0.153,29.97,0.15,26.8,0.147,24.3,0.143,22.27,0.139,20.47,0.134,18.77,0.128,17.4,0.121,16.14,0.11,15.03,0.095,14.01,0.067,13.03,0.038,12.06
grcp_11x8,grcp,2,11.0,8.0,grcp_11x8_static_kt0641.txt,5024.0,0.111,0.0547,5.809803385245079,592.435070614846,66.98083618741454,0.08673829286020052,8.844844351557414,0.157,41.39,0.152,46.1,0.151,46.7,0.152,42.95,0.154,38.14,0.154,33.78,0.153,29.97,0.15,26.8,0.147,24.3,0.143,22.27,0.139,20.47,0.134,18.77,0.128,17.4,0.121,16.14,0.11,15.03,0.095,14.01,0.067,13.03,0.038,12.06
grcp_11x8,grcp,2,11.0,8.0,grcp_11x8_static_kt0641.txt,5301.0,0.1112,0.0544,6.479769998822245,660.7526524167015,78.2504166789888,0.08280812133441512,8.444078389094658,0.157,41.39,0.152,46.1,0.151,46.7,0.152,42.95,0.154,38.14,0.154,33.78,0.153,29.97,0.15,26.8,0.147,24.3,0.143,22.27,0.139,20.47,0.134,18.77,0.128,17.4,0.121,16.14,0.11,15.03,0.095,14.01,0.067,13.03,0.038,12.06
grcp_11x8,grcp,2,11.0,8.0,grcp_11x8_static_kt0641.txt,5567.0,0.112,0.0545,7.197798098489157,733.9711418771097,90.7976299842537,0.07927297331149957,8.083593613670272,0.157,41.39,0.152,46.1,0.151,46.7,0.152,42.95,0.154,38.14,0.154,33.78,0.153,29.97,0.15,26.8,0.147,24.3,0.143,22.27,0.139,20.47,0.134,18.77,0.128,17.4,0.121,16.14,0.11,15.03,0.095,14.01,0.067,13.03,0.038,12.06
grcp_11x8,grcp,2,11.0,8.0,grcp_11x8_static_kt0641.txt,5838.0,0.1127,0.0546,7.965101095966701,812.2142725565511,104.90574229322782,0.0759262641095757,7.7423242503378535,0.157,41.39,0.152,46.1,0.151,46.7,0.152,42.95,0.154,38.14,0.154,33.78,0.153,29.97,0.15,26.8,0.147,24.3,0.143,22.27,0.139,20.47,0.134,18.77,0.128,17.4,0.121,16.14,0.11,15.03,0.095,14.01,0.067,13.03,0.038,12.06
grcp_11x8,grcp,2,11.0,8.0,grcp_11x8_static_kt0641.txt,6116.0,0.1132,0.0545,8.78052685227171,895.3645589749517,120.39633838986207,0.07293018184522354,7.4368088843003015,0.157,41.39,0.152,46.1,0.151,46.7,0.152,42.95,0.154,38.14,0.154,33.78,0.153,29.97,0.15,26.8,0.147,24.3,0.143,22.27,0.139,20.47,0.134,18.77,0.128,17.4,0.121,16.14,0.11,15.03,0.095,14.01,0.067,13.03,0.038,12.06
grcp_9x4,grcp,2,9.0,4.0,grcp_9x4_static_rd0923.txt,2554.0,0.0556,0.0276,0.3370195307794769,34.366427962604654,1.6279281337889135,0.20702359261712763,21.11053138606228,0.163,36.4,0.157,37.31,0.156,35.28,0.156,31.16,0.155,26.88,0.152,23.3,0.148,20.25,0.144,17.7,0.14,15.78,0.136,14.18,0.131,12.96,0.127,11.77,0.121,10.67,0.114,9.63,0.105,8.65,0.09,7.33,0.062,6.84,0.034,6.39
grcp_9x4,grcp,2,9.0,4.0,grcp_9x4_static_rd0923.txt,2836.0,0.0571,0.0278,0.42676328892802895,43.517744482369515,2.245054784728924,0.19009036742929988,19.38382295985886,0.163,36.4,0.157,37.31,0.156,35.28,0.156,31.16,0.155,26.88,0.152,23.3,0.148,20.25,0.144,17.7,0.14,15.78,0.136,14.18,0.131,12.96,0.127,11.77,0.121,10.67,0.114,9.63,0.105,8.65,0.09,7.33,0.062,6.84,0.034,6.39
grcp_9x4,grcp,2,9.0,4.0,grcp_9x4_static_rd0923.txt,3105.0,0.0587,0.0277,0.5258959211568179,53.62645971425696,2.935810709806637,0.17913141313918543,18.266320623167488,0.163,36.4,0.157,37.31,0.156,35.28,0.156,31.16,0.155,26.88,0.152,23.3,0.148,20.25,0.144,17.7,0.14,15.78,0.136,14.18,0.131,12.96,0.127,11.77,0.121,10.67,0.114,9.63,0.105,8.65,0.09,7.33,0.062,6.84,0.034,6.39
grcp_9x4,grcp,2,9.0,4.0,grcp_9x4_static_rd0923.txt,3428.0,0.0598,0.0276,0.6530122113332041,66.58871391690376,3.9363616284532386,0.16589233230326958,16.91631008583661,0.163,36.4,0.157,37.31,0.156,35.28,0.156,31.16,0.155,26.88,0.152,23.3,0.148,20.25,0.144,17.7,0.14,15.78,0.136,14.18,0.131,12.96,0.127,11.77,0.121,10.67,0.114,9.63,0.105,8.65,0.09,7.33,0.062,6.84,0.034,6.39
grcp_9x4,grcp,2,9.0,4.0,grcp_9x4_static_rd0923.txt,3709.0,0.0612,0.0277,0.7823544929051377,79.77795607114946,5.003958933834294,0.15634710501224217,15.942967783314606,0.163,36.4,0.157,37.31,0.156,35.28,0.156,31.16,0.155,26.88,0.152,23.3,0.148,20.25,0.144,17.7,0.14,15.78,0.136,14.18,0.131,12.96,0.127,11.77,0.121,10.67,0.114,9.63,0.105,8.65,0.09,7.33,0.062,6.84,0.034,6.39
grcp_9x4,grcp,2,9.0,4.0,grcp_9x4_static_rd0923.txt,4014.0,0.0622,0.0276,0.9312871555960608,94.96486114994018,6.319819205551632,0.14735977807371034,15.026515484259187,0.163,36.4,0.157,37.31,0.156,35.28,0.156,31.16,0.155,26.88,0.152,23.3,0.148,20.25,0.144,17.7,0.14,15.78,0.136,14.18,0.131,12.96,0.127,11.77,0.121,10.67,0.114,9.63,0.105,8.65,0.09,7.33,0.062,6.84,0.034,6.39
grcp_9x4,grcp,2,9.0,4.0,grcp_9x4_static_rd0923.txt,4319.0,0.0635,0.0276,1.1007244807840686,112.2426599077227,7.872672077830584,0.13981586809435448,14.25725075273967,0.163,36.4,0.157,37.31,0.156,35.28,0.156,31.16,0.155,26.88,0.152,23.3,0.148,20.25,0.144,17.7,0.14,15.78,0.136,14.18,0.131,12.96,0.127,11.77,0.121,10.67,0.114,9.63,0.105,8.65,0.09,7.33,0.062,6.84,0.034,6.39
grcp_9x4,grcp,2,9.0,4.0,grcp_9x4_static_rd0923.txt,4607.0,0.0647,0.0275,1.2760838060179929,130.1243346115129,9.520303606381619,0.13403814193095823,13.668086648443479,0.163,36.4,0.157,37.31,0.156,35.28,0.156,31.16,0.155,26.88,0.152,23.3,0.148,20.25,0.144,17.7,0.14,15.78,0.136,14.18,0.131,12.96,0.127,11.77,0.121,10.67,0.114,9.63,0.105,8.65,0.09,7.33,0.062,6.84,0.034,6.39
grcp_9x4,grcp,2,9.0,4.0,grcp_9x4_static_rd0923.txt,4919.0,0.066,0.0275,1.4840074214380943,151.3266427819994,11.5884841033607,0.12805880460307376,13.058363926832687,0.163,36.4,0.157,37.31,0.156,35.28,0.156,31.16,0.155,26.88,0.152,23.3,0.148,20.25,0.144,17.7,0.14,15.78,0.136,14.18,0.131,12.96,0.127,11.77,0.121,10.67,0.114,9.63,0.105,8.65,0.09,7.33,0.062,6.84,0.034,6.39
grcp_9x4,grcp,2,9.0,4.0,grcp_9x4_static_rd0923.txt,5211.0,0.067,0.0274,1.6906567438810143,172.39900923159433,13.72705109326931,0.12316241357256857,12.559070994944102,0.163,36.4,0.157,37.31,0.156,35.28,0.156,31.16,0.155,26.88,0.152,23.3,0.148,20.25,0.144,17.7,0.14,15.78,0.136,14.18,0.131,12.96,0.127,11.77,0.121,10.67,0.114,9.63,0.105,8.65,0.09,7.33,0.062,6.84,0.034,6.39
grcp_9x4,grcp,2,9.0,4.0,grcp_9x4_static_rd0923.txt,5506.0,0.0682,0.0274,1.921300434374562,195.91812029332772,16.192826098662984,0.1186513350213278,12.099069001272383,0.163,36.4,0.157,37.31,0.156,35.28,0.156,31.16,0.155,26.88,0.152,23.3,0.148,20.25,0.144,17.7,0.14,15.78,0.136,14.18,0.131,12.96,0.127,11.77,0.121,10.67,0.114,9.63,0.105,8.65,0.09,7.33,0.062,6.84,0.034,6.39
grcp_9x4,grcp,2,9.0,4.0,grcp_9x4_static_rd0923.txt,5804.0,0.0691,0.0273,2.1630738501806612,220.57214748978106,18.897672842240144,0.11446244562694254,11.671921158289788,0.163,36.4,0.157,37.31,0.156,35.28,0.156,31.16,0.155,26.88,0.152,23.3,0.148,20.25,0.144,17.7,0.14,15.78,0.136,14.18,0.131,12.96,0.127,11.77,0.121,10.67,0.114,9.63,0.105,8.65,0.09,7.33,0.062,6.84,0.034,6.39
grcp_9x4,grcp,2,9.0,4.0,grcp_9x4_static_rd0923.txt,6101.0,0.0705,0.0272,2.438538738412831,248.66174875343074,21.869328433129795,0.11150496668744041,11.370342235874679,0.163,36.4,0.157,37.31,0.156,35.28,0.156,31.16,0.155,26.88,0.152,23.3,0.148,20.25,0.144,17.7,0.14,15.78,0.136,14.18,0.131,12.96,0.127,11.77,0.121,10.67,0.114,9.63,0.105,8.65,0.09,7.33,0.062,6.84,0.034,6.39
grcp_9x4,grcp,2,9.0,4.0,grcp_9x4_static_rd0923.txt,6409.0,0.0708,0.0271,2.7024165569025613,275.5697977293532,25.25826837816987,0.10699136284568884,10.910082734235326,0.163,36.4,0.157,37.31,0.156,35.28,0.156,31.16,0.155,26.88,0.152,23.3,0.148,20.25,0.144,17.7,0.14,15.78,0.136,14.18,0.131,12.96,0.127,11.77,0.121,10.67,0.114,9.63,0.105,8.65,0.09,7.33,0.062,6.84,0.034,6.39
grcp_9x4,grcp,2,9.0,4.0,grcp_9x4_static_rd0923.txt,6704.0,0.0719,0.0271,3.002862135837962,306.20672052515005,28.909113592060713,0.10387250810286469,10.592048059517236,0.163,36.4,0.157,37.31,0.156,35.28,0.156,31.16,0.155,26.88,0.152,23.3,0.148,20.25,0.144,17.7,0.14,15.78,0.136,14.18,0.131,12.96,0.127,11.77,0.121,10.67,0.114,9.63,0.105,8.65,0.09,7.33,0.062,6.84,0.034,6.39
grcp_9x4,grcp,2,9.0,4.0,grcp_9x4_static_rd0923.txt,7031.0,0.0724,0.027,3.3259158303286207,339.1490295186043,33.22603558103286,0.10009968905911922,10.207327584763322,0.163,36.4,0.157,37.31,0.156,35.28,0.156,31.16,0.155,26.88,0.152,23.3,0.148,20.25,0.144,17.7,0.14,15.78,0.136,14.18,0.131,12.96,0.127,11.77,0.121,10.67,0.114,9.63,0.105,8.65,0.09,7.33,0.062,6.84,0.034,6.39
grcp_9x6,grcp,2,9.0,6.0,grcp_9x6_static_pg0915.txt,2501.0,0.0853,0.0497,0.49580957186765917,50.55850589830974,2.7527129866759785,0.18011669733369876,18.3667916499211,0.163,37.95,0.159,41.42,0.158,42.0,0.16,38.94,0.161,34.77,0.16,30.77,0.157,27.45,0.155,24.63,0.152,22.3,0.148,20.37,0.144,18.66,0.14,17.21,0.134,15.77,0.126,14.76,0.115,13.78,0.096,13.25,0.06,13.75,0.021,14.34
grcp_9x6,grcp,2,9.0,6.0,grcp_9x6_static_pg0915.txt,2745.0,0.0874,0.0502,0.6119763265250454,62.40421821162634,3.676158528257691,0.1664716909841999,16.975388229844025,0.163,37.95,0.159,41.42,0.158,42.0,0.16,38.94,0.161,34.77,0.16,30.77,0.157,27.45,0.155,24.63,0.152,22.3,0.148,20.37,0.144,18.66,0.14,17.21,0.134,15.77,0.126,14.76,0.115,13.78,0.096,13.25,0.06,13.75,0.021,14.34
grcp_9x6,grcp,2,9.0,6.0,grcp_9x6_static_pg0915.txt,3110.0,0.0892,0.0494,0.8017225969948927,81.75295304664618,5.26103975861186,0.15238862159947436,15.539314811834252,0.163,37.95,0.159,41.42,0.158,42.0,0.16,38.94,0.161,34.77,0.16,30.77,0.157,27.45,0.155,24.63,0.152,22.3,0.148,20.37,0.144,18.66,0.14,17.21,0.134,15.77,0.126,14.76,0.115,13.78,0.096,13.25,0.06,13.75,0.021,14.34
grcp_9x6,grcp,2,9.0,6.0,grcp_9x6_static_pg0915.txt,3377.0,0.0919,0.0491,0.9739039445293273,99.3105642119712,6.694808238230616,0.1454715220919789,14.833966960376776,0.163,37.95,0.159,41.42,0.158,42.0,0.16,38.94,0.161,34.77,0.16,30.77,0.157,27.45,0.155,24.63,0.152,22.3,0.148,20.37,0.144,18.66,0.14,17.21,0.134,15.77,0.126,14.76,0.115,13.78,0.096,13.25,0.06,13.75,0.021,14.34
grcp_9x6,grcp,2,9.0,6.0,grcp_9x6_static_pg0915.txt,3665.0,0.0919,0.0481,1.1471018006991542,116.97183041091039,8.383598690466867,0.13682689773826404,13.952460599518087,0.163,37.95,0.159,41.42,0.158,42.0,0.16,38.94,0.161,34.77,0.16,30.77,0.157,27.45,0.155,24.63,0.152,22.3,0.148,20.37,0.144,18.66,0.14,17.21,0.134,15.77,0.126,14.76,0.115,13.78,0.096,13.25,0.06,13.75,0.021,14.34
grcp_9x6,grcp,2,9.0,6.0,grcp_9x6_static_pg0915.txt,3931.0,0.0932,0.048,1.3383216147898118,136.47082487799727,10.323188003477066,0.12964227856152935,13.219833333659238,0.163,37.95,0.159,41.42,0.158,42.0,0.16,38.94,0.161,34.77,0.16,30.77,0.157,27.45,0.155,24.63,0.152,22.3,0.148,20.37,0.144,18.66,0.14,17.21,0.134,15.77,0.126,14.76,0.115,13.78,0.096,13.25,0.06,13.75,0.021,14.34
grcp_9x6,grcp,2,9.0,6.0,grcp_9x6_static_pg0915.txt,4260.0,0.094,0.0477,1.5852054032384488,161.64596505824608,13.056015114990998,0.12141571446392599,12.380957254916408,0.163,37.95,0.159,41.42,0.158,42.0,0.16,38.94,0.161,34.77,0.16,30.77,0.157,27.45,0.155,24.63,0.152,22.3,0.148,20.37,0.144,18.66,0.14,17.21,0.134,15.77,0.126,14.76,0.115,13.78,0.096,13.25,0.06,13.75,0.021,14.34
grcp_9x6,grcp,2,9.0,6.0,grcp_9x6_static_pg0915.txt,4513.0,0.0945,0.0474,1.7885495144519288,182.38129376004335,15.425448852924447,0.11594797217928897,11.823402709313473,0.163,37.95,0.159,41.42,0.158,42.0,0.16,38.94,0.161,34.77,0.16,30.77,0.157,27.45,0.155,24.63,0.152,22.3,0.148,20.37,0.144,18.66,0.14,17.21,0.134,15.77,0.126,14.76,0.115,13.78,0.096,13.25,0.06,13.75,0.021,14.34
grcp_9x6,grcp,2,9.0,6.0,grcp_9x6_static_pg0915.txt,4801.0,0.0959,0.0475,2.0540949329994667,209.45939061753677,18.610249491433535,0.1103743898729023,11.255055485094534,0.163,37.95,0.159,41.42,0.158,42.0,0.16,38.94,0.161,34.77,0.16,30.77,0.157,27.45,0.155,24.63,0.152,22.3,0.148,20.37,0.144,18.66,0.14,17.21,0.134,15.77,0.126,14.76,0.115,13.78,0.096,13.25,0.06,13.75,0.021,14.34
grcp_9x6,grcp,2,9.0,6.0,grcp_9x6_static_pg0915.txt,5083.0,0.0966,0.0474,2.319294178992263,236.5021876983744,22.039520348658392,0.10523342351837729,10.730822810886215,0.163,37.95,0.159,41.42,0.158,42.0,0.16,38.94,0.161,34.77,0.16,30.77,0.157,27.45,0.155,24.63,0.152,22.3,0.148,20.37,0.144,18.66,0.14,17.21,0.134,15.77,0.126,14.76,0.115,13.78,0.096,13.25,0.06,13.75,0.021,14.34
grcp_9x6,grcp,2,9.0,6.0,grcp_9x6_static_pg0915.txt,5384.0,0.0973,0.0473,2.6209662878256865,267.2641817364428,26.13603856144684,0.10028169654187238,10.225887182867993,0.163,37.95,0.159,41.42,0.158,42.0,0.16,38.94,0.161,34.77,0.16,30.77,0.157,27.45,0.155,24.63,0.152,22.3,0.148,20.37,0.144,18.66,0.14,17.21,0.134,15.77,0.126,14.76,0.115,13.78,0.096,13.25,0.06,13.75,0.021,14.34
grcp_9x6,grcp,2,9.0,6.0,grcp_9x6_static_pg0915.txt,5666.0,0.0984,0.0471,2.9355314053261035,299.340896771691,30.332910628724708,0.09677710923481933,9.868518733188127,0.163,37.95,0.159,41.42,0.158,42.0,0.16,38.94,0.161,34.77,0.16,30.77,0.157,27.45,0.155,24.63,0.152,22.3,0.148,20.37,0.144,18.66,0.14,17.21,0.134,15.77,0.126,14.76,0.115,13.78,0.096,13.25,0.06,13.75,0.021,14.34
grcp_9x6,grcp,2,9.0,6.0,grcp_9x6_static_pg0915.txt,5945.0,0.1006,0.0468,3.304001157527912,336.9143548029054,34.81487961498126,0.0949019842684207,9.677309200228489,0.163,37.95,0.159,41.42,0.158,42.0,0.16,38.94,0.161,34.77,0.16,30.77,0.157,27.45,0.155,24.63,0.152,22.3,0.148,20.37,0.144,18.66,0.14,17.21,0.134,15.77,0.126,14.76,0.115,13.78,0.096,13.25,0.06,13.75,0.021,14.34
grcp_9x6,grcp,2,9.0,6.0,grcp_9x6_static_pg0915.txt,6225.0,0.1021,0.0464,3.6765709029675997,374.90589579189634,39.627759235319736,0.09277766328232652,9.460688745119539,0.163,37.95,0.159,41.42,0.158,42.0,0.16,38.94,0.161,34.77,0.16,30.77,0.157,27.45,0.155,24.63,0.152,22.3,0.148,20.37,0.144,18.66,0.14,17.21,0.134,15.77,0.126,14.76,0.115,13.78,0.096,13.25,0.06,13.75,0.021,14.34
grcp_9x6,grcp,2,9.0,6.0,grcp_9x6_static_pg0915.txt,6530.0,0.102,0.0462,4.041708860894412,412.13960535905863,45.54544893670279,0.0887401256382699,9.048974485504214,0.163,37.95,0.159,41.42,0.158,42.0,0.16,38.94,0.161,34.77,0.16,30.77,0.157,27.45,0.155,24.63,0.152,22.3,0.148,20.37,0.144,18.66,0.14,17.21,0.134,15.77,0.126,14.76,0.115,13.78,0.096,13.25,0.06,13.75,0.021,14.34
grcp_9x6,grcp,2,9.0,6.0,grcp_9x6_static_pg0915.txt,6816.0,0.1017,0.0458,4.390546778126986,447.7111733494094,51.347309356896076,0.08550685192888931,8.719272323259148,0.163,37.95,0.159,41.42,0.158,42.0,0.16,38.94,0.161,34.77,0.16,30.77,0.157,27.45,0.155,24.63,0.152,22.3,0.148,20.37,0.144,18.66,0.14,17.21,0.134,15.77,0.126,14.76,0.115,13.78,0.096,13.25,0.06,13.75,0.021,14.34
grcsp_10x6,grcsp,2,10.0,6.0,grcsp_10x6_static_jb0867.txt,2203.0,0.1181,0.0568,0.8117968210796536,82.78023800988652,3.6411850238312273,0.2229485224635707,22.73442230155769,0.135,40.89,0.173,44.57,0.197,42.71,0.203,38.09,0.204,33.75,0.201,30.07,0.197,26.97,0.191,24.32,0.185,22.06,0.178,20.15,0.17,18.5,0.161,17.06,0.151,15.67,0.139,14.71,0.123,13.65,0.102,12.85,0.067,11.79,0.032,10.72
grcsp_10x6,grcsp,2,10.0,6.0,grcsp_10x6_static_jb0867.txt,2511.0,0.1184,0.0557,1.0573373706378297,107.81840594268479,5.287449761395005,0.19997114267783964,20.391381631631564,0.135,40.89,0.173,44.57,0.197,42.71,0.203,38.09,0.204,33.75,0.201,30.07,0.197,26.97,0.191,24.32,0.185,22.06,0.178,20.15,0.17,18.5,0.161,17.06,0.151,15.67,0.139,14.71,0.123,13.65,0.102,12.85,0.067,11.79,0.032,10.72
grcsp_10x6,grcsp,2,10.0,6.0,grcsp_10x6_static_jb0867.txt,2758.0,0.1203,0.0559,1.2960525337417077,132.16057815275428,7.031460057135419,0.18432196488501607,18.795609600119928,0.135,40.89,0.173,44.57,0.197,42.71,0.203,38.09,0.204,33.75,0.201,30.07,0.197,26.97,0.191,24.32,0.185,22.06,0.178,20.15,0.17,18.5,0.161,17.06,0.151,15.67,0.139,14.71,0.123,13.65,0.102,12.85,0.067,11.79,0.032,10.72
grcsp_10x6,grcsp,2,10.0,6.0,grcsp_10x6_static_jb0867.txt,3047.0,0.1196,0.0552,1.5726951320124856,160.37027241845948,9.362834808303683,0.16797211146112484,17.12838853850447,0.135,40.89,0.173,44.57,0.197,42.71,0.203,38.09,0.204,33.75,0.201,30.07,0.197,26.97,0.191,24.32,0.185,22.06,0.178,20.15,0.17,18.5,0.161,17.06,0.151,15.67,0.139,14.71,0.123,13.65,0.102,12.85,0.067,11.79,0.032,10.72
grcsp_10x6,grcsp,2,10.0,6.0,grcsp_10x6_static_jb0867.txt,3339.0,0.12,0.0553,1.8948836067071422,193.22435354653652,12.343130171540727,0.1535172667202467,15.654404584669253,0.135,40.89,0.173,44.57,0.197,42.71,0.203,38.09,0.204,33.75,0.201,30.07,0.197,26.97,0.191,24.32,0.185,22.06,0.178,20.15,0.17,18.5,0.161,17.06,0.151,15.67,0.139,14.71,0.123,13.65,0.102,12.85,0.067,11.79,0.032,10.72
grcsp_10x6,grcsp,2,10.0,6.0,grcsp_10x6_static_jb0867.txt,3623.0,0.1204,0.0551,2.2383686233398996,228.25007758407813,15.711133597625073,0.14247021766005835,14.527919081445587,0.135,40.89,0.173,44.57,0.197,42.71,0.203,38.09,0.204,33.75,0.201,30.07,0.197,26.97,0.191,24.32,0.185,22.06,0.178,20.15,0.17,18.5,0.161,17.06,0.151,15.67,0.139,14.71,0.123,13.65,0.102,12.85,0.067,11.79,0.032,10.72
grcsp_10x6,grcsp,2,10.0,6.0,grcsp_10x6_static_jb0867.txt,3898.0,0.1215,0.0554,2.6147393448614,266.6292102666456,19.673706572258062,0.1329052730992974,13.552566176961287,0.135,40.89,0.173,44.57,0.197,42.71,0.203,38.09,0.204,33.75,0.201,30.07,0.197,26.97,0.191,24.32,0.185,22.06,0.178,20.15,0.17,18.5,0.161,17.06,0.151,15.67,0.139,14.71,0.123,13.65,0.102,12.85,0.067,11.79,0.032,10.72
grcsp_10x6,grcsp,2,10.0,6.0,grcsp_10x6_static_jb0867.txt,4166.0,0.1219,0.0555,2.996475224827394,305.55543685431763,24.06033670278044,0.12454003706777378,12.69954949628811,0.135,40.89,0.173,44.57,0.197,42.71,0.203,38.09,0.204,33.75,0.201,30.07,0.197,26.97,0.191,24.32,0.185,22.06,0.178,20.15,0.17,18.5,0.161,17.06,0.151,15.67,0.139,14.71,0.123,13.65,0.102,12.85,0.067,11.79,0.032,10.72
grcsp_10x6,grcsp,2,10.0,6.0,grcsp_10x6_static_jb0867.txt,4447.0,0.1224,0.0556,3.4283419363309684,349.59358561088334,29.31751125691927,0.1169383685500194,11.924395032964307,0.135,40.89,0.173,44.57,0.197,42.71,0.203,38.09,0.204,33.75,0.201,30.07,0.197,26.97,0.191,24.32,0.185,22.06,0.178,20.15,0.17,18.5,0.161,17.06,0.151,15.67,0.139,14.71,0.123,13.65,0.102,12.85,0.067,11.79,0.032,10.72
grcsp_10x6,grcsp,2,10.0,6.0,grcsp_10x6_static_jb0867.txt,4727.0,0.1227,0.0557,3.8831504896285858,395.971151170745,35.274667009251544,0.11008326424768647,11.225368933089943,0.135,40.89,0.173,44.57,0.197,42.71,0.203,38.09,0.204,33.75,0.201,30.07,0.197,26.97,0.191,24.32,0.185,22.06,0.178,20.15,0.17,18.5,0.161,17.06,0.151,15.67,0.139,14.71,0.123,13.65,0.102,12.85,0.067,11.79,0.032,10.72
grcsp_10x6,grcsp,2,10.0,6.0,grcsp_10x6_static_jb0867.txt,5000.0,0.123,0.0558,4.355254864741666,444.11239972280714,41.82106927436083,0.10414020828041656,10.619345880643907,0.135,40.89,0.173,44.57,0.197,42.71,0.203,38.09,0.204,33.75,0.201,30.07,0.197,26.97,0.191,24.32,0.185,22.06,0.178,20.15,0.17,18.5,0.161,17.06,0.151,15.67,0.139,14.71,0.123,13.65,0.102,12.85,0.067,11.79,0.032,10.72
grcsp_10x6,grcsp,2,10.0,6.0,grcsp_10x6_static_jb0867.txt,5284.0,0.1237,0.056,4.891744573696037,498.8191251544654,49.53673453638883,0.09874983927538959,10.069681213807938,0.135,40.89,0.173,44.57,0.197,42.71,0.203,38.09,0.204,33.75,0.201,30.07,0.197,26.97,0.191,24.32,0.185,22.06,0.178,20.15,0.17,18.5,0.161,17.06,0.151,15.67,0.139,14.71,0.123,13.65,0.102,12.85,0.067,11.79,0.032,10.72
grcsp_10x6,grcsp,2,10.0,6.0,grcsp_10x6_static_jb0867.txt,5601.0,0.124,0.0562,5.509615413085135,561.8244163995998,59.208485754148086,0.09305448945211603,9.488917158470633,0.135,40.89,0.173,44.57,0.197,42.71,0.203,38.09,0.204,33.75,0.201,30.07,0.197,26.97,0.191,24.32,0.185,22.06,0.178,20.15,0.17,18.5,0.161,17.06,0.151,15.67,0.139,14.71,0.123,13.65,0.102,12.85,0.067,11.79,0.032,10.72
grcsp_10x6,grcsp,2,10.0,6.0,grcsp_10x6_static_jb0867.txt,5853.0,0.1244,0.0564,6.035953466831702,615.4959610908621,67.8056052550847,0.08901850288223878,9.077361064404133,0.135,40.89,0.173,44.57,0.197,42.71,0.203,38.09,0.204,33.75,0.201,30.07,0.197,26.97,0.191,24.32,0.185,22.06,0.178,20.15,0.17,18.5,0.161,17.06,0.151,15.67,0.139,14.71,0.123,13.65,0.102,12.85,0.067,11.79,0.032,10.72
grcsp_10x6,grcsp,2,10.0,6.0,grcsp_10x6_static_jb0867.txt,6143.0,0.1244,0.0565,6.64890098335432,677.9992131211291,78.53096143199893,0.08466598220768884,8.633527474488112,0.135,40.89,0.173,44.57,0.197,42.71,0.203,38.09,0.204,33.75,0.201,30.07,0.197,26.97,0.191,24.32,0.185,22.06,0.178,20.15,0.17,18.5,0.161,17.06,0.151,15.67,0.139,14.71,0.123,13.65,0.102,12.85,0.067,11.79,0.032,10.72
grcsp_10x6,grcsp,2,10.0,6.0,grcsp_10x6_static_jb0867.txt,6405.0,0.1248,0.0566,7.251390744610151,739.4360708917063,89.17122935826785,0.08131984718384742,8.292316661025675,0.135,40.89,0.173,44.57,0.197,42.71,0.203,38.09,0.204,33.75,0.201,30.07,0.197,26.97,0.191,24.32,0.185,22.06,0.178,20.15,0.17,18.5,0.161,17.06,0.151,15.67,0.139,14.71,0.123,13.65,0.102,12.85,0.067,11.79,0.032,10.72
grcsp_10x8,grcsp,2,10.0,8.0,grcsp_10x8_static_jb0859.txt,2169.0,0.1304,0.0807,0.8688907019501786,88.602193608437,4.937454555753087,0.17597948338334646,17.944913235747833,0.129,41.89,0.16,48.64,0.185,48.91,0.196,44.58,0.201,40.1,0.202,36.16,0.2,32.76,0.196,29.79,0.19,27.18,0.183,24.92,0.174,22.97,0.164,21.25,0.152,19.73,0.139,18.32,0.122,17.01,0.101,15.83,0.067,14.68,0.033,13.53
grcsp_10x8,grcsp,2,10.0,8.0,grcsp_10x8_static_jb0859.txt,2466.0,0.1325,0.0808,1.1412228986743154,116.37234923998669,7.265098355746327,0.1570829247991757,16.018000519971217,0.129,41.89,0.16,48.64,0.185,48.91,0.196,44.58,0.201,40.1,0.202,36.16,0.2,32.76,0.196,29.79,0.19,27.18,0.183,24.92,0.174,22.97,0.164,21.25,0.152,19.73,0.139,18.32,0.122,17.01,0.101,15.83,0.067,14.68,0.033,13.53
grcsp_10x8,grcsp,2,10.0,8.0,grcsp_10x8_static_jb0859.txt,2749.0,0.1327,0.0802,1.4203286810887432,144.8332183863749,9.98963242708997,0.14218027454514579,14.49835311193382,0.129,41.89,0.16,48.64,0.185,48.91,0.196,44.58,0.201,40.1,0.202,36.16,0.2,32.76,0.196,29.79,0.19,27.18,0.183,24.92,0.174,22.97,0.164,21.25,0.152,19.73,0.139,18.32,0.122,17.01,0.101,15.83,0.067,14.68,0.033,13.53
grcsp_10x8,grcsp,2,10.0,8.0,grcsp_10x8_static_jb0859.txt,2994.0,0.1324,0.0795,1.6809702663172852,171.41126340975617,12.793030559882725,0.13139734626981886,13.39880043336092,0.129,41.89,0.16,48.64,0.185,48.91,0.196,44.58,0.201,40.1,0.202,36.16,0.2,32.76,0.196,29.79,0.19,27.18,0.183,24.92,0.174,22.97,0.164,21.25,0.152,19.73,0.139,18.32,0.122,17.01,0.101,15.83,0.067,14.68,0.033,13.53
grcsp_10x8,grcsp,2,10.0,8.0,grcsp_10x8_static_jb0859.txt,3299.0,0.1326,0.0794,2.043979847451851,208.42793894468053,17.093003033921487,0.11957991485729702,12.193757792650603,0.129,41.89,0.16,48.64,0.185,48.91,0.196,44.58,0.201,40.1,0.202,36.16,0.2,32.76,0.196,29.79,0.19,27.18,0.183,24.92,0.174,22.97,0.164,21.25,0.152,19.73,0.139,18.32,0.122,17.01,0.101,15.83,0.067,14.68,0.033,13.53
grcsp_10x8,grcsp,2,10.0,8.0,grcsp_10x8_static_jb0859.txt,3540.0,0.1335,0.0795,2.369497441856929,241.62149580712364,21.145980889600008,0.11205426951947603,11.42635553624082,0.129,41.89,0.16,48.64,0.185,48.91,0.196,44.58,0.201,40.1,0.202,36.16,0.2,32.76,0.196,29.79,0.19,27.18,0.183,24.92,0.174,22.97,0.164,21.25,0.152,19.73,0.139,18.32,0.122,17.01,0.101,15.83,0.067,14.68,0.033,13.53
grcsp_10x8,grcsp,2,10.0,8.0,grcsp_10x8_static_jb0859.txt,3817.0,0.1338,0.0794,2.761015773506965,281.5452548532848,26.475117907510555,0.10428719460862951,10.634334314840391,0.129,41.89,0.16,48.64,0.185,48.91,0.196,44.58,0.201,40.1,0.202,36.16,0.2,32.76,0.196,29.79,0.19,27.18,0.183,24.92,0.174,22.97,0.164,21.25,0.152,19.73,0.139,18.32,0.122,17.01,0.101,15.83,0.067,14.68,0.033,13.53
grcsp_10x8,grcsp,2,10.0,8.0,grcsp_10x8_static_jb0859.txt,4069.0,0.1348,0.0796,3.161067184494347,322.3391458341378,32.15341144715229,0.09831203104808686,10.025037199052365,0.129,41.89,0.16,48.64,0.185,48.91,0.196,44.58,0.201,40.1,0.202,36.16,0.2,32.76,0.196,29.79,0.19,27.18,0.183,24.92,0.174,22.97,0.164,21.25,0.152,19.73,0.139,18.32,0.122,17.01,0.101,15.83,0.067,14.68,0.033,13.53
grcsp_10x8,grcsp,2,10.0,8.0,grcsp_10x8_static_jb0859.txt,4346.0,0.1353,0.0798,3.6194759476857974,369.08383063388595,39.2756135310924,0.09215580922295338,9.397277278474647,0.129,41.89,0.16,48.64,0.185,48.91,0.196,44.58,0.201,40.1,0.202,36.16,0.2,32.76,0.196,29.79,0.19,27.18,0.183,24.92,0.174,22.97,0.164,21.25,0.152,19.73,0.139,18.32,0.122,17.01,0.101,15.83,0.067,14.68,0.033,13.53
grcsp_10x8,grcsp,2,10.0,8.0,grcsp_10x8_static_jb0859.txt,4611.0,0.1364,0.0801,4.107457412056546,418.84409171904235,47.083506970688894,0.0872377118087992,8.895770911452862,0.129,41.89,0.16,48.64,0.185,48.91,0.196,44.58,0.201,40.1,0.202,36.16,0.2,32.76,0.196,29.79,0.19,27.18,0.183,24.92,0.174,22.97,0.164,21.25,0.152,19.73,0.139,18.32,0.122,17.01,0.101,15.83,0.067,14.68,0.033,13.53
grcsp_10x8,grcsp,2,10.0,8.0,grcsp_10x8_static_jb0859.txt,4860.0,0.1362,0.0797,4.556360733919661,464.6194912553891,54.85523120008187,0.08306155373405592,8.469921301775422,0.129,41.89,0.16,48.64,0.185,48.91,0.196,44.58,0.201,40.1,0.202,36.16,0.2,32.76,0.196,29.79,0.19,27.18,0.183,24.92,0.174,22.97,0.164,21.25,0.152,19.73,0.139,18.32,0.122,17.01,0.101,15.83,0.067,14.68,0.033,13.53
grcsp_10x8,grcsp,2,10.0,8.0,grcsp_10x8_static_jb0859.txt,5164.0,0.1368,0.08,5.1668638644284295,526.8734852807462,66.05407396647891,0.07822172886793488,7.976396513379686,0.129,41.89,0.16,48.64,0.185,48.91,0.196,44.58,0.201,40.1,0.202,36.16,0.2,32.76,0.196,29.79,0.19,27.18,0.183,24.92,0.174,22.97,0.164,21.25,0.152,19.73,0.139,18.32,0.122,17.01,0.101,15.83,0.067,14.68,0.033,13.53
grcsp_10x8,grcsp,2,10.0,8.0,grcsp_10x8_static_jb0859.txt,5402.0,0.1368,0.08,5.654102945226926,576.5580443094152,75.61442382036478,0.07477545499333872,7.624974378950888,0.129,41.89,0.16,48.64,0.185,48.91,0.196,44.58,0.201,40.1,0.202,36.16,0.2,32.76,0.196,29.79,0.19,27.18,0.183,24.92,0.174,22.97,0.164,21.25,0.152,19.73,0.139,18.32,0.122,17.01,0.101,15.83,0.067,14.68,0.033,13.53
grcsp_10x8,grcsp,2,10.0,8.0,grcsp_10x8_static_jb0859.txt,5690.0,0.1376,0.0803,6.309739376529269,643.4143541912141,88.69584286400341,0.07113906551633924,7.254165848311018,0.129,41.89,0.16,48.64,0.185,48.91,0.196,44.58,0.201,40.1,0.202,36.16,0.2,32.76,0.196,29.79,0.19,27.18,0.183,24.92,0.174,22.97,0.164,21.25,0.152,19.73,0.139,18.32,0.122,17.01,0.101,15.83,0.067,14.68,0.033,13.53
grcsp_10x8,grcsp,2,10.0,8.0,grcsp_10x8_static_jb0859.txt,5959.0,0.1377,0.0804,6.925468615862409,706.2012630064711,102.00633069097812,0.06789253734498782,6.923112107089356,0.129,41.89,0.16,48.64,0.185,48.91,0.196,44.58,0.201,40.1,0.202,36.16,0.2,32.76,0.196,29.79,0.19,27.18,0.183,24.92,0.174,22.97,0.164,21.25,0.152,19.73,0.139,18.32,0.122,17.01,0.101,15.83,0.067,14.68,0.033,13.53
grcsp_10x8,grcsp,2,10.0,8.0,grcsp_10x8_static_jb0859.txt,6247.0,0.1383,0.0806,7.644228253215513,779.4943485507807,117.8149708934785,0.06488333524376103,6.616258890014534,0.129,41.89,0.16,48.64,0.185,48.91,0.196,44.58,0.201,40.1,0.202,36.16,0.2,32.76,0.196,29.79,0.19,27.18,0.183,24.92,0.174,22.97,0.164,21.25,0.152,19.73,0.139,18.32,0.122,17.01,0.101,15.83,0.067,14.68,0.033,13.53
grcsp_9x5,grcsp,2,9.0,5.0,grcsp_9x5_static_kt0958.txt,2892.0,0.0856,0.0366,0.6652866888266974,67.84036228749854,3.1342917468281444,0.21226061342246055,21.64455888835235,0.18,39.06,0.216,34.1,0.242,28.74,0.247,26.17,0.247,24.0,0.244,21.87,0.238,19.92,0.229,18.25,0.219,16.75,0.207,15.51,0.193,14.48,0.178,13.7,0.161,12.8,0.142,12.28,0.121,11.81,0.097,11.25,0.064,10.28,0.031,9.29
grcsp_9x5,grcsp,2,9.0,5.0,grcsp_9x5_static_kt0958.txt,3176.0,0.0856,0.0362,0.8023673432259308,81.81869886515078,4.105948706432292,0.19541582240639277,19.926868238021424,0.18,39.06,0.216,34.1,0.242,28.74,0.247,26.17,0.247,24.0,0.244,21.87,0.238,19.92,0.229,18.25,0.219,16.75,0.207,15.51,0.193,14.48,0.178,13.7,0.161,12.8,0.142,12.28,0.121,11.81,0.097,11.25,0.064,10.28,0.031,9.29
grcsp_9x5,grcsp,2,9.0,5.0,grcsp_9x5_static_kt0958.txt,3449.0,0.086,0.0362,0.9506558655650779,96.93991990792757,5.2583758109746475,0.18078887849380862,18.435335052623337,0.18,39.06,0.216,34.1,0.242,28.74,0.247,26.17,0.247,24.0,0.244,21.87,0.238,19.92,0.229,18.25,0.219,16.75,0.207,15.51,0.193,14.48,0.178,13.7,0.161,12.8,0.142,12.28,0.121,11.81,0.097,11.25,0.064,10.28,0.031,9.29
grcsp_9x5,grcsp,2,9.0,5.0,grcsp_9x5_static_kt0958.txt,3731.0,0.0863,0.0358,1.1163484814904483,113.83586459091009,6.582975543051734,0.1695811376162172,17.29246354424979,0.18,39.06,0.216,34.1,0.242,28.74,0.247,26.17,0.247,24.0,0.244,21.87,0.238,19.92,0.229,18.25,0.219,16.75,0.207,15.51,0.193,14.48,0.178,13.7,0.161,12.8,0.142,12.28,0.121,11.81,0.097,11.25,0.064,10.28,0.031,9.29
grcsp_9x5,grcsp,2,9.0,5.0,grcsp_9x5_static_kt0958.txt,3936.0,0.0866,0.0355,1.2467132171203499,127.1293680431493,7.664028131302866,0.1626707516936543,16.58780028793261,0.18,39.06,0.216,34.1,0.242,28.74,0.247,26.17,0.247,24.0,0.244,21.87,0.238,19.92,0.229,18.25,0.219,16.75,0.207,15.51,0.193,14.48,0.178,13.7,0.161,12.8,0.142,12.28,0.121,11.81,0.097,11.25,0.064,10.28,0.031,9.29
grcsp_9x5,grcsp,2,9.0,5.0,grcsp_9x5_static_kt0958.txt,4265.0,0.0872,0.0355,1.473984946238677,150.3046347364979,9.750994857780729,0.15116251908004263,15.414287150050491,0.18,39.06,0.216,34.1,0.242,28.74,0.247,26.17,0.247,24.0,0.244,21.87,0.238,19.92,0.229,18.25,0.219,16.75,0.207,15.51,0.193,14.48,0.178,13.7,0.161,12.8,0.142,12.28,0.121,11.81,0.097,11.25,0.064,10.28,0.031,9.29
grcsp_9x5,grcsp,2,9.0,5.0,grcsp_9x5_static_kt0958.txt,4511.0,0.0876,0.0355,1.6564878414770292,168.9147508554939,11.53746249301802,0.14357471085860213,14.640546043613481,0.18,39.06,0.216,34.1,0.242,28.74,0.247,26.17,0.247,24.0,0.244,21.87,0.238,19.92,0.229,18.25,0.219,16.75,0.207,15.51,0.193,14.48,0.178,13.7,0.161,12.8,0.142,12.28,0.121,11.81,0.097,11.25,0.064,10.28,0.031,9.29
grcsp_9x5,grcsp,2,9.0,5.0,grcsp_9x5_static_kt0958.txt,4798.0,0.0883,0.0355,1.888946610010279,192.61894836771773,13.882655662399085,0.13606522094518672,13.87479118202309,0.18,39.06,0.216,34.1,0.242,28.74,0.247,26.17,0.247,24.0,0.244,21.87,0.238,19.92,0.229,18.25,0.219,16.75,0.207,15.51,0.193,14.48,0.178,13.7,0.161,12.8,0.142,12.28,0.121,11.81,0.097,11.25,0.064,10.28,0.031,9.29
grcsp_9x5,grcsp,2,9.0,5.0,grcsp_9x5_static_kt0958.txt,5059.0,0.0888,0.0355,2.1119363090017624,215.35756950658612,16.27368326749025,0.1297761713981956,13.233486603294256,0.18,39.06,0.216,34.1,0.242,28.74,0.247,26.17,0.247,24.0,0.244,21.87,0.238,19.92,0.229,18.25,0.219,16.75,0.207,15.51,0.193,14.48,0.178,13.7,0.161,12.8,0.142,12.28,0.121,11.81,0.097,11.25,0.064,10.28,0.031,9.29
grcsp_9x5,grcsp,2,9.0,5.0,grcsp_9x5_static_kt0958.txt,5307.0,0.0891,0.0355,2.331923888793993,237.79005968337742,18.786206151816597,0.12412958049906737,12.65769457450479,0.18,39.06,0.216,34.1,0.242,28.74,0.247,26.17,0.247,24.0,0.244,21.87,0.238,19.92,0.229,18.25,0.219,16.75,0.207,15.51,0.193,14.48,0.178,13.7,0.161,12.8,0.142,12.28,0.121,11.81,0.097,11.25,0.064,10.28,0.031,9.29
grcsp_9x5,grcsp,2,9.0,5.0,grcsp_9x5_static_kt0958.txt,5571.0,0.0892,0.0354,2.5725845877275835,262.3306213362957,21.670363948431415,0.11871441540389067,12.105501410154405,0.18,39.06,0.216,34.1,0.242,28.74,0.247,26.17,0.247,24.0,0.244,21.87,0.238,19.92,0.229,18.25,0.219,16.75,0.207,15.51,0.193,14.48,0.178,13.7,0.161,12.8,0.142,12.28,0.121,11.81,0.097,11.25,0.064,10.28,0.031,9.29
grcsp_9x5,grcsp,2,9.0,5.0,grcsp_9x5_static_kt0958.txt,5841.0,0.09,0.0356,2.853352413665626,290.96097175545435,25.11742328789881,0.11360052267146079,11.58402947708553,0.18,39.06,0.216,34.1,0.242,28.74,0.247,26.17,0.247,24.0,0.244,21.87,0.238,19.92,0.229,18.25,0.219,16.75,0.207,15.51,0.193,14.48,0.178,13.7,0.161,12.8,0.142,12.28,0.121,11.81,0.097,11.25,0.064,10.28,0.031,9.29
grcsp_9x5,grcsp,2,9.0,5.0,grcsp_9x5_static_kt0958.txt,6096.0,0.09,0.0355,3.1079277791319213,316.9204345145306,28.47257174098345,0.10915514788776058,11.130727403115294,0.18,39.06,0.216,34.1,0.242,28.74,0.247,26.17,0.247,24.0,0.244,21.87,0.238,19.92,0.229,18.25,0.219,16.75,0.207,15.51,0.193,14.48,0.178,13.7,0.161,12.8,0.142,12.28,0.121,11.81,0.097,11.25,0.064,10.28,0.031,9.29
grcsp_9x5,grcsp,2,9.0,5.0,grcsp_9x5_static_kt0958.txt,6395.0,0.0908,0.0356,3.450685971914756,351.87204314569766,32.96363618614535,0.10468159375466844,10.674551835200447,0.18,39.06,0.216,34.1,0.242,28.74,0.247,26.17,0.247,24.0,0.244,21.87,0.238,19.92,0.229,18.25,0.219,16.75,0.207,15.51,0.193,14.48,0.178,13.7,0.161,12.8,0.142,12.28,0.121,11.81,0.097,11.25,0.064,10.28,0.031,9.29
grcsp_9x5,grcsp,2,9.0,5.0,grcsp_9x5_static_kt0958.txt,6649.0,0.0908,0.0356,3.730241991006701,380.3788236560601,37.04950966740459,0.10068262777276354,10.266770790510883,0.18,39.06,0.216,34.1,0.242,28.74,0.247,26.17,0.247,24.0,0.244,21.87,0.238,19.92,0.229,18.25,0.219,16.75,0.207,15.51,0.193,14.48,0.178,13.7,0.161,12.8,0.142,12.28,0.121,11.81,0.097,11.25,0.064,10.28,0.031,9.29
grcsp_9x5,grcsp,2,9.0,5.0,grcsp_9x5_static_kt0958.txt,6933.0,0.0915,0.0357,4.08697505167519,416.7554722229498,42.120671338693796,0.09703014984760523,9.894321694728092,0.18,39.06,0.216,34.1,0.242,28.74,0.247,26.17,0.247,24.0,0.244,21.87,0.238,19.92,0.229,18.25,0.219,16.75,0.207,15.51,0.193,14.48,0.178,13.7,0.161,12.8,0.142,12.28,0.121,11.81,0.097,11.25,0.064,10.28,0.031,9.29
grcsp_9x6,grcsp,2,9.0,6.0,grcsp_9x6_static_pg0945.txt,2184.0,0.1263,0.0777,0.5598183253929462,57.08558227253407,2.8657769731279807,0.1953460896093067,19.919757471644925,0.154,46.62,0.187,51.36,0.206,47.87,0.214,42.77,0.217,38.08,0.217,34.13,0.214,30.77,0.209,27.99,0.203,25.52,0.196,23.46,0.188,21.61,0.179,20.08,0.168,18.73,0.155,17.54,0.139,16.59,0.116,15.94,0.08,15.97,0.042,16.02
grcsp_9x6,grcsp,2,9.0,6.0,grcsp_9x6_static_pg0945.txt,2490.0,0.1283,0.0771,0.7392032076015562,75.37774954765963,4.214207223507795,0.1754074179072435,17.886578791661123,0.154,46.62,0.187,51.36,0.206,47.87,0.214,42.77,0.217,38.08,0.217,34.13,0.214,30.77,0.209,27.99,0.203,25.52,0.196,23.46,0.188,21.61,0.179,20.08,0.168,18.73,0.155,17.54,0.139,16.59,0.116,15.94,0.08,15.97,0.042,16.02
grcsp_9x6,grcsp,2,9.0,6.0,grcsp_9x6_static_pg0945.txt,2776.0,0.1278,0.076,0.9151836854589792,93.32276419154138,5.756194305016663,0.15899110366399105,16.21258061254262,0.154,46.62,0.187,51.36,0.206,47.87,0.214,42.77,0.217,38.08,0.217,34.13,0.214,30.77,0.209,27.99,0.203,25.52,0.196,23.46,0.188,21.61,0.179,20.08,0.168,18.73,0.155,17.54,0.139,16.59,0.116,15.94,0.08,15.97,0.042,16.02
grcsp_9x6,grcsp,2,9.0,6.0,grcsp_9x6_static_pg0945.txt,3052.0,0.1292,0.0763,1.11833022938816,114.03794663704325,7.679652937774905,0.14562249602287158,14.849362016883605,0.154,46.62,0.187,51.36,0.206,47.87,0.214,42.77,0.217,38.08,0.217,34.13,0.214,30.77,0.209,27.99,0.203,25.52,0.196,23.46,0.188,21.61,0.179,20.08,0.168,18.73,0.155,17.54,0.139,16.59,0.116,15.94,0.08,15.97,0.042,16.02
grcsp_9x6,grcsp,2,9.0,6.0,grcsp_9x6_static_pg0945.txt,3360.0,0.1293,0.0762,1.3564867995016647,138.3231582142388,10.233784591125591,0.13254986827433973,13.516324970743296,0.154,46.62,0.187,51.36,0.206,47.87,0.214,42.77,0.217,38.08,0.217,34.13,0.214,30.77,0.209,27.99,0.203,25.52,0.196,23.46,0.188,21.61,0.179,20.08,0.168,18.73,0.155,17.54,0.139,16.59,0.116,15.94,0.08,15.97,0.042,16.02
grcsp_9x6,grcsp,2,9.0,6.0,grcsp_9x6_static_pg0945.txt,3640.0,0.13,0.0759,1.6006066310610325,163.21645322929163,12.960131098980748,0.12350234876766891,12.593734737924667,0.154,46.62,0.187,51.36,0.206,47.87,0.214,42.77,0.217,38.08,0.217,34.13,0.214,30.77,0.209,27.99,0.203,25.52,0.196,23.46,0.188,21.61,0.179,20.08,0.168,18.73,0.155,17.54,0.139,16.59,0.116,15.94,0.08,15.97,0.042,16.02
grcsp_9x6,grcsp,2,9.0,6.0,grcsp_9x6_static_pg0945.txt,3952.0,0.1298,0.0755,1.883853196783212,192.0995647630141,16.49913694375429,0.11417889330849758,11.643006868655208,0.154,46.62,0.187,51.36,0.206,47.87,0.214,42.77,0.217,38.08,0.217,34.13,0.214,30.77,0.209,27.99,0.203,25.52,0.196,23.46,0.188,21.61,0.179,20.08,0.168,18.73,0.155,17.54,0.139,16.59,0.116,15.94,0.08,15.97,0.042,16.02
grcsp_9x6,grcsp,2,9.0,6.0,grcsp_9x6_static_pg0945.txt,4232.0,0.1302,0.0755,2.1669096041394518,220.96328553985836,20.260371131953928,0.10695310515422296,10.90618153540944,0.154,46.62,0.187,51.36,0.206,47.87,0.214,42.77,0.217,38.08,0.217,34.13,0.214,30.77,0.209,27.99,0.203,25.52,0.196,23.46,0.188,21.61,0.179,20.08,0.168,18.73,0.155,17.54,0.139,16.59,0.116,15.94,0.08,15.97,0.042,16.02
grcsp_9x6,grcsp,2,9.0,6.0,grcsp_9x6_static_pg0945.txt,4510.0,0.1303,0.0754,2.4628388267272623,251.13966815653282,24.488627172699204,0.10057071837301369,10.255359207579929,0.154,46.62,0.187,51.36,0.206,47.87,0.214,42.77,0.217,38.08,0.217,34.13,0.214,30.77,0.209,27.99,0.203,25.52,0.196,23.46,0.188,21.61,0.179,20.08,0.168,18.73,0.155,17.54,0.139,16.59,0.116,15.94,0.08,15.97,0.042,16.02
grcsp_9x6,grcsp,2,9.0,6.0,grcsp_9x6_static_pg0945.txt,4802.0,0.1309,0.0757,2.804932730141653,286.0235381237888,29.67739755589711,0.09451410706948234,9.637756733388297,0.154,46.62,0.187,51.36,0.206,47.87,0.214,42.77,0.217,38.08,0.217,34.13,0.214,30.77,0.209,27.99,0.203,25.52,0.196,23.46,0.188,21.61,0.179,20.08,0.168,18.73,0.155,17.54,0.139,16.59,0.116,15.94,0.08,15.97,0.042,16.02
grcsp_9x6,grcsp,2,9.0,6.0,grcsp_9x6_static_pg0945.txt,5081.0,0.1312,0.0757,3.147536079513729,320.95935712131353,35.15660520742843,0.08952901057832141,9.12941836185868,0.154,46.62,0.187,51.36,0.206,47.87,0.214,42.77,0.217,38.08,0.217,34.13,0.214,30.77,0.209,27.99,0.203,25.52,0.196,23.46,0.188,21.61,0.179,20.08,0.168,18.73,0.155,17.54,0.139,16.59,0.116,15.94,0.08,15.97,0.042,16.02
grcsp_9x6,grcsp,2,9.0,6.0,grcsp_9x6_static_pg0945.txt,5380.0,0.1315,0.0756,3.536948989013839,360.6684228573304,41.68042036363342,0.08485876481466254,8.653185829479236,0.154,46.62,0.187,51.36,0.206,47.87,0.214,42.77,0.217,38.08,0.217,34.13,0.214,30.77,0.209,27.99,0.203,25.52,0.196,23.46,0.188,21.61,0.179,20.08,0.168,18.73,0.155,17.54,0.139,16.59,0.116,15.94,0.08,15.97,0.042,16.02
grcsp_9x6,grcsp,2,9.0,6.0,grcsp_9x6_static_pg0945.txt,5642.0,0.1319,0.0757,3.9016602705020977,397.85862353628386,48.13473584260372,0.08105706206138075,8.26552003603481,0.154,46.62,0.187,51.36,0.206,47.87,0.214,42.77,0.217,38.08,0.217,34.13,0.214,30.77,0.209,27.99,0.203,25.52,0.196,23.46,0.188,21.61,0.179,20.08,0.168,18.73,0.155,17.54,0.139,16.59,0.116,15.94,0.08,15.97,0.042,16.02
grcsp_9x6,grcsp,2,9.0,6.0,grcsp_9x6_static_pg0945.txt,5923.0,0.1326,0.076,4.32280337154092,440.8032683475928,55.91164346057354,0.07731490444542509,7.883926156783927,0.154,46.62,0.187,51.36,0.206,47.87,0.214,42.77,0.217,38.08,0.217,34.13,0.214,30.77,0.209,27.99,0.203,25.52,0.196,23.46,0.188,21.61,0.179,20.08,0.168,18.73,0.155,17.54,0.139,16.59,0.116,15.94,0.08,15.97,0.042,16.02
grcsp_9x6,grcsp,2,9.0,6.0,grcsp_9x6_static_pg0945.txt,6220.0,0.133,0.076,4.781574233198239,487.58487691497504,64.75125856753057,0.07384527094884845,7.530122003828877,0.154,46.62,0.187,51.36,0.206,47.87,0.214,42.77,0.217,38.08,0.217,34.13,0.214,30.77,0.209,27.99,0.203,25.52,0.196,23.46,0.188,21.61,0.179,20.08,0.168,18.73,0.155,17.54,0.139,16.59,0.116,15.94,0.08,15.97,0.042,16.02
grcsp_9x6,grcsp,2,9.0,6.0,grcsp_9x6_static_pg0945.txt,6528.0,0.133,0.076,5.266843630848227,537.0685841595476,74.85442822656869,0.07036114970922754,7.174840512226657,0.154,46.62,0.187,51.36,0.206,47.87,0.214,42.77,0.217,38.08,0.217,34.13,0.214,30.77,0.209,27.99,0.203,25.52,0.196,23.46,0.188,21.61,0.179,20.08,0.168,18.73,0.155,17.54,0.139,16.59,0.116,15.94,0.08,15.97,0.042,16.02
grsn_10x6,grsn,2,10.0,6.0,grsn_10x6_static_rd0779.txt,2322.0,0.1094,0.0493,0.835430270547769,85.19017916900971,3.7007051639864867,0.2257489406823817,23.019985487641723,0.144,31.49,0.15,30.09,0.159,27.99,0.167,26.17,0.173,24.48,0.179,23.18,0.183,21.93,0.186,20.86,0.187,19.81,0.185,18.58,0.182,17.21,0.177,15.85,0.169,14.55,0.159,13.39,0.146,12.48,0.132,11.67,0.107,10.89,0.081,10.12
grsn_10x6,grsn,2,10.0,6.0,grsn_10x6_static_rd0779.txt,2561.0,0.1106,0.0488,1.0274075156148639,104.76641010078508,4.91472789538335,0.20904667307827138,21.316828180700995,0.144,31.49,0.15,30.09,0.159,27.99,0.167,26.17,0.173,24.48,0.179,23.18,0.183,21.93,0.186,20.86,0.187,19.81,0.185,18.58,0.182,17.21,0.177,15.85,0.169,14.55,0.159,13.39,0.146,12.48,0.132,11.67,0.107,10.89,0.081,10.12
grsn_10x6,grsn,2,10.0,6.0,grsn_10x6_static_rd0779.txt,2888.0,0.1114,0.0494,1.3159761639440455,134.19222302662433,7.1345968256232855,0.18444996908834865,18.808662396266683,0.144,31.49,0.15,30.09,0.159,27.99,0.167,26.17,0.173,24.48,0.179,23.18,0.183,21.93,0.186,20.86,0.187,19.81,0.185,18.58,0.182,17.21,0.177,15.85,0.169,14.55,0.159,13.39,0.146,12.48,0.132,11.67,0.107,10.89,0.081,10.12
grsn_10x6,grsn,2,10.0,6.0,grsn_10x6_static_rd0779.txt,3197.0,0.1124,0.0503,1.6271217042465769,165.92023823085123,9.854777301303526,0.16510994155406755,16.836528432652084,0.144,31.49,0.15,30.09,0.159,27.99,0.167,26.17,0.173,24.48,0.179,23.18,0.183,21.93,0.186,20.86,0.187,19.81,0.185,18.58,0.182,17.21,0.177,15.85,0.169,14.55,0.159,13.39,0.146,12.48,0.132,11.67,0.107,10.89,0.081,10.12
grsn_10x6,grsn,2,10.0,6.0,grsn_10x6_static_rd0779.txt,3444.0,0.1123,0.0487,1.8865768295285237,192.3772980098733,11.928046135198317,0.15816310635833714,16.128148384854885,0.144,31.49,0.15,30.09,0.159,27.99,0.167,26.17,0.173,24.48,0.179,23.18,0.183,21.93,0.186,20.86,0.187,19.81,0.185,18.58,0.182,17.21,0.177,15.85,0.169,14.55,0.159,13.39,0.146,12.48,0.132,11.67,0.107,10.89,0.081,10.12
grsn_10x6,grsn,2,10.0,6.0,grsn_10x6_static_rd0779.txt,3752.0,0.1118,0.0475,2.2291326724355076,227.30827269613047,15.042950256393839,0.1481845405616521,15.110617852340209,0.144,31.49,0.15,30.09,0.159,27.99,0.167,26.17,0.173,24.48,0.179,23.18,0.183,21.93,0.186,20.86,0.187,19.81,0.185,18.58,0.182,17.21,0.177,15.85,0.169,14.55,0.159,13.39,0.146,12.48,0.132,11.67,0.107,10.89,0.081,10.12
grsn_10x6,grsn,2,10.0,6.0,grsn_10x6_static_rd0779.txt,4024.0,0.1135,0.0478,2.603036513016375,265.435853529633,18.67466128241141,0.13938868682282476,14.213690385893733,0.144,31.49,0.15,30.09,0.159,27.99,0.167,26.17,0.173,24.48,0.179,23.18,0.183,21.93,0.186,20.86,0.187,19.81,0.185,18.58,0.182,17.21,0.177,15.85,0.169,14.55,0.159,13.39,0.146,12.48,0.132,11.67,0.107,10.89,0.081,10.12
grsn_10x6,grsn,2,10.0,6.0,grsn_10x6_static_rd0779.txt,4326.0,0.1133,0.0474,3.0031110673323878,306.2321044732287,23.00852654943501,0.13052165947610977,13.30950523125734,0.144,31.49,0.15,30.09,0.159,27.99,0.167,26.17,0.173,24.48,0.179,23.18,0.183,21.93,0.186,20.86,0.187,19.81,0.185,18.58,0.182,17.21,0.177,15.85,0.169,14.55,0.159,13.39,0.146,12.48,0.132,11.67,0.107,10.89,0.081,10.12
grsn_10x6,grsn,2,10.0,6.0,grsn_10x6_static_rd0779.txt,4598.0,0.114,0.0475,3.4135890726232123,348.08921217981805,27.685440063917145,0.12329907217448188,12.573006294145493,0.144,31.49,0.15,30.09,0.159,27.99,0.167,26.17,0.173,24.48,0.179,23.18,0.183,21.93,0.186,20.86,0.187,19.81,0.185,18.58,0.182,17.21,0.177,15.85,0.169,14.55,0.159,13.39,0.146,12.48,0.132,11.67,0.107,10.89,0.081,10.12
grsn_10x6,grsn,2,10.0,6.0,grsn_10x6_static_rd0779.txt,4894.0,0.1142,0.0475,3.874025618685121,395.0406732865068,33.38385038291007,0.11604490117977286,11.83328671664359,0.144,31.49,0.15,30.09,0.159,27.99,0.167,26.17,0.173,24.48,0.179,23.18,0.183,21.93,0.186,20.86,0.187,19.81,0.185,18.58,0.182,17.21,0.177,15.85,0.169,14.55,0.159,13.39,0.146,12.48,0.132,11.67,0.107,10.89,0.081,10.12
grsn_10x6,grsn,2,10.0,6.0,grsn_10x6_static_rd0779.txt,5187.0,0.1145,0.0474,4.36321322620504,444.9239267441012,39.66231015098657,0.11000905417750882,11.217801611917304,0.144,31.49,0.15,30.09,0.159,27.99,0.167,26.17,0.173,24.48,0.179,23.18,0.183,21.93,0.186,20.86,0.187,19.81,0.185,18.58,0.182,17.21,0.177,15.85,0.169,14.55,0.159,13.39,0.146,12.48,0.132,11.67,0.107,10.89,0.081,10.12
grsn_10x6,grsn,2,10.0,6.0,grsn_10x6_static_rd0779.txt,5477.0,0.1148,0.0474,4.877483673345892,497.3649180245948,46.693613600306385,0.10445719012233158,10.651669032985943,0.144,31.49,0.15,30.09,0.159,27.99,0.167,26.17,0.173,24.48,0.179,23.18,0.183,21.93,0.186,20.86,0.187,19.81,0.185,18.58,0.182,17.21,0.177,15.85,0.169,14.55,0.159,13.39,0.146,12.48,0.132,11.67,0.107,10.89,0.081,10.12
grsn_10x6,grsn,2,10.0,6.0,grsn_10x6_static_rd0779.txt,5751.0,0.1152,0.0475,5.396443925918123,550.2841363684972,54.17197047187914,0.09961690296496481,10.158097104002367,0.144,31.49,0.15,30.09,0.159,27.99,0.167,26.17,0.173,24.48,0.179,23.18,0.183,21.93,0.186,20.86,0.187,19.81,0.185,18.58,0.182,17.21,0.177,15.85,0.169,14.55,0.159,13.39,0.146,12.48,0.132,11.67,0.107,10.89,0.081,10.12
grsn_10x6,grsn,2,10.0,6.0,grsn_10x6_static_rd0779.txt,6033.0,0.1151,0.0474,5.933492922538794,605.0478932702599,62.406415497692564,0.09507825237548183,9.695283544888605,0.144,31.49,0.15,30.09,0.159,27.99,0.167,26.17,0.173,24.48,0.179,23.18,0.183,21.93,0.186,20.86,0.187,19.81,0.185,18.58,0.182,17.21,0.177,15.85,0.169,14.55,0.159,13.39,0.146,12.48,0.132,11.67,0.107,10.89,0.081,10.12
grsn_10x6,grsn,2,10.0,6.0,grsn_10x6_static_rd0779.txt,6325.0,0.1151,0.0472,6.521760374826707,665.0344791367804,71.61013769829056,0.0910731438934573,9.286876139503022,0.144,31.49,0.15,30.09,0.159,27.99,0.167,26.17,0.173,24.48,0.179,23.18,0.183,21.93,0.186,20.86,0.187,19.81,0.185,18.58,0.182,17.21,0.177,15.85,0.169,14.55,0.159,13.39,0.146,12.48,0.132,11.67,0.107,10.89,0.081,10.12
grsn_10x6,grsn,2,10.0,6.0,grsn_10x6_static_rd0779.txt,6648.0,0.1155,0.0472,7.229902826399751,737.2449130334775,83.15070803263774,0.08694938380514956,8.866369637455152,0.144,31.49,0.15,30.09,0.159,27.99,0.167,26.17,0.173,24.48,0.179,23.18,0.183,21.93,0.186,20.86,0.187,19.81,0.185,18.58,0.182,17.21,0.177,15.85,0.169,14.55,0.159,13.39,0.146,12.48,0.132,11.67,0.107,10.89,0.081,10.12
grsn_10x7,grsn,2,10.0,7.0,grsn_10x7_static_rd0787.txt,1954.0,0.1241,0.0624,0.6711032695735502,68.43348845666463,2.7913171793338662,0.2404252997624962,24.516557617789584,0.141,34.11,0.149,32.56,0.158,30.6,0.166,28.89,0.172,27.41,0.177,26.01,0.181,24.84,0.184,23.87,0.185,22.76,0.183,21.49,0.18,20.2,0.175,18.92,0.167,17.7,0.157,16.58,0.145,15.63,0.13,14.74,0.106,13.98,0.081,13.23
grsn_10x7,grsn,2,10.0,7.0,grsn_10x7_static_rd0787.txt,2333.0,0.1261,0.0616,0.9721046455650121,99.12708677938055,4.690032467462,0.20727034456779872,21.135693082530604,0.141,34.11,0.149,32.56,0.158,30.6,0.166,28.89,0.172,27.41,0.177,26.01,0.181,24.84,0.184,23.87,0.185,22.76,0.183,21.49,0.18,20.2,0.175,18.92,0.167,17.7,0.157,16.58,0.145,15.63,0.13,14.74,0.106,13.98,0.081,13.23
grsn_10x7,grsn,2,10.0,7.0,grsn_10x7_static_rd0787.txt,2550.0,0.1269,0.0613,1.1687198958660174,119.17626262444541,6.09441376840863,0.1917690429757599,19.555000226964346,0.141,34.11,0.149,32.56,0.158,30.6,0.166,28.89,0.172,27.41,0.177,26.01,0.181,24.84,0.184,23.87,0.185,22.76,0.183,21.49,0.18,20.2,0.175,18.92,0.167,17.7,0.157,16.58,0.145,15.63,0.13,14.74,0.106,13.98,0.081,13.23
grsn_10x7,grsn,2,10.0,7.0,grsn_10x7_static_rd0787.txt,2892.0,0.1275,0.0613,1.5103417109563433,154.01199297990073,8.890092116724272,0.1698904455798663,17.324004178783408,0.141,34.11,0.149,32.56,0.158,30.6,0.166,28.89,0.172,27.41,0.177,26.01,0.181,24.84,0.184,23.87,0.185,22.76,0.183,21.49,0.18,20.2,0.175,18.92,0.167,17.7,0.157,16.58,0.145,15.63,0.13,14.74,0.106,13.98,0.081,13.23
grsn_10x7,grsn,2,10.0,7.0,grsn_10x7_static_rd0787.txt,3148.0,0.1284,0.0561,1.8021997517065953,183.77323058400123,10.493441675352434,0.17174534413620463,17.513151191916165,0.141,34.11,0.149,32.56,0.158,30.6,0.166,28.89,0.172,27.41,0.177,26.01,0.181,24.84,0.184,23.87,0.185,22.76,0.183,21.49,0.18,20.2,0.175,18.92,0.167,17.7,0.157,16.58,0.145,15.63,0.13,14.74,0.106,13.98,0.081,13.23
grsn_10x7,grsn,2,10.0,7.0,grsn_10x7_static_rd0787.txt,3491.0,0.1287,0.0598,2.221501950776153,226.5301556368539,15.25462904308151,0.14562805457296119,14.849928831248306,0.141,34.11,0.149,32.56,0.158,30.6,0.166,28.89,0.172,27.41,0.177,26.01,0.181,24.84,0.184,23.87,0.185,22.76,0.183,21.49,0.18,20.2,0.175,18.92,0.167,17.7,0.157,16.58,0.145,15.63,0.13,14.74,0.106,13.98,0.081,13.23
grsn_10x7,grsn,2,10.0,7.0,grsn_10x7_static_rd0787.txt,3776.0,0.1299,0.0598,2.623261447540143,267.4982228936633,19.304033453094195,0.13589188259097568,13.8571155890111,0.141,34.11,0.149,32.56,0.158,30.6,0.166,28.89,0.172,27.41,0.177,26.01,0.181,24.84,0.184,23.87,0.185,22.76,0.183,21.49,0.18,20.2,0.175,18.92,0.167,17.7,0.157,16.58,0.145,15.63,0.13,14.74,0.106,13.98,0.081,13.23
grsn_10x7,grsn,2,10.0,7.0,grsn_10x7_static_rd0787.txt,4052.0,0.1294,0.0593,3.0091345289940477,306.84632662469323,23.654508254481264,0.12721188268303898,12.972001925534101,0.141,34.11,0.149,32.56,0.158,30.6,0.166,28.89,0.172,27.41,0.177,26.01,0.181,24.84,0.184,23.87,0.185,22.76,0.183,21.49,0.18,20.2,0.175,18.92,0.167,17.7,0.157,16.58,0.145,15.63,0.13,14.74,0.106,13.98,0.081,13.23
grsn_10x7,grsn,2,10.0,7.0,grsn_10x7_static_rd0787.txt,4354.0,0.13,0.0595,3.4905081479960507,355.9327750043135,29.446464632750303,0.11853742687038614,12.087453602441828,0.141,34.11,0.149,32.56,0.158,30.6,0.166,28.89,0.172,27.41,0.177,26.01,0.181,24.84,0.184,23.87,0.185,22.76,0.183,21.49,0.18,20.2,0.175,18.92,0.167,17.7,0.157,16.58,0.145,15.63,0.13,14.74,0.106,13.98,0.081,13.23
grsn_10x7,grsn,2,10.0,7.0,grsn_10x7_static_rd0787.txt,4642.0,0.1303,0.0594,3.9767028667215736,405.51083873917946,35.62482781813565,0.11162728665027091,11.382815400801592,0.141,34.11,0.149,32.56,0.158,30.6,0.166,28.89,0.172,27.41,0.177,26.01,0.181,24.84,0.184,23.87,0.185,22.76,0.183,21.49,0.18,20.2,0.175,18.92,0.167,17.7,0.157,16.58,0.145,15.63,0.13,14.74,0.106,13.98,0.081,13.23
grsn_10x7,grsn,2,10.0,7.0,grsn_10x7_static_rd0787.txt,4939.0,0.1301,0.0593,4.4949390095211585,458.3562184355676,42.83735944846863,0.10493034742088533,10.699917649848352,0.141,34.11,0.149,32.56,0.158,30.6,0.166,28.89,0.172,27.41,0.177,26.01,0.181,24.84,0.184,23.87,0.185,22.76,0.183,21.49,0.18,20.2,0.175,18.92,0.167,17.7,0.157,16.58,0.145,15.63,0.13,14.74,0.106,13.98,0.081,13.23
grsn_10x7,grsn,2,10.0,7.0,grsn_10x7_static_rd0787.txt,5250.0,0.1305,0.0593,5.094453152303157,519.4896475660045,51.44978025807895,0.09901797688442403,10.097023640532091,0.141,34.11,0.149,32.56,0.158,30.6,0.166,28.89,0.172,27.41,0.177,26.01,0.181,24.84,0.184,23.87,0.185,22.76,0.183,21.49,0.18,20.2,0.175,18.92,0.167,17.7,0.157,16.58,0.145,15.63,0.13,14.74,0.106,13.98,0.081,13.23
grsn_10x7,grsn,2,10.0,7.0,grsn_10x7_static_rd0787.txt,5532.0,0.13,0.059,5.6347694275560265,574.586574167124,59.88932890717612,0.09408636781169293,9.594139467778797,0.141,34.11,0.149,32.56,0.158,30.6,0.166,28.89,0.172,27.41,0.177,26.01,0.181,24.84,0.184,23.87,0.185,22.76,0.183,21.49,0.18,20.2,0.175,18.92,0.167,17.7,0.157,16.58,0.145,15.63,0.13,14.74,0.106,13.98,0.081,13.23
grsn_10x7,grsn,2,10.0,7.0,grsn_10x7_static_rd0787.txt,5865.0,0.1305,0.059,6.357919121447011,648.3273208941904,71.36856781229103,0.08908570420201226,9.084213691934785,0.141,34.11,0.149,32.56,0.158,30.6,0.166,28.89,0.172,27.41,0.177,26.01,0.181,24.84,0.184,23.87,0.185,22.76,0.183,21.49,0.18,20.2,0.175,18.92,0.167,17.7,0.157,16.58,0.145,15.63,0.13,14.74,0.106,13.98,0.081,13.23
grsn_10x7,grsn,2,10.0,7.0,grsn_10x7_static_rd0787.txt,6124.0,0.1302,0.0588,6.915917480333109,705.2273182313133,80.97179982679313,0.08541143330303828,8.709542331279112,0.141,34.11,0.149,32.56,0.158,30.6,0.166,28.89,0.172,27.41,0.177,26.01,0.181,24.84,0.184,23.87,0.185,22.76,0.183,21.49,0.18,20.2,0.175,18.92,0.167,17.7,0.157,16.58,0.145,15.63,0.13,14.74,0.106,13.98,0.081,13.23
grsn_10x7,grsn,2,10.0,7.0,grsn_10x7_static_rd0787.txt,6388.0,0.1303,0.0588,7.530827243833863,767.9306637673277,91.90157812750866,0.08194448231765109,8.356011718339198,0.141,34.11,0.149,32.56,0.158,30.6,0.166,28.89,0.172,27.41,0.177,26.01,0.181,24.84,0.184,23.87,0.185,22.76,0.183,21.49,0.18,20.2,0.175,18.92,0.167,17.7,0.157,16.58,0.145,15.63,0.13,14.74,0.106,13.98,0.081,13.23
grsn_11x6,grsn,2,11.0,6.0,grsn_11x6_static_rd0665.txt,1951.0,0.104,0.0447,0.820893984424779,83.70789050539982,3.2054844745046482,0.256090457138038,26.113959113258662,0.143,30.19,0.148,28.53,0.157,26.42,0.165,24.46,0.172,22.83,0.178,21.47,0.182,20.27,0.185,19.18,0.186,18.1,0.184,16.8,0.181,15.5,0.175,14.23,0.168,13.09,0.158,11.94,0.146,11.07,0.132,10.22,0.108,9.11,0.084,7.98
grsn_11x6,grsn,2,11.0,6.0,grsn_11x6_static_rd0665.txt,2313.0,0.1031,0.0434,1.143797454956285,116.63488091818157,5.185981632444821,0.22055563170536452,22.4904153513549,0.143,30.19,0.148,28.53,0.157,26.42,0.165,24.46,0.172,22.83,0.178,21.47,0.182,20.27,0.185,19.18,0.186,18.1,0.184,16.8,0.181,15.5,0.175,14.23,0.168,13.09,0.158,11.94,0.146,11.07,0.132,10.22,0.108,9.11,0.084,7.98
grsn_11x6,grsn,2,11.0,6.0,grsn_11x6_static_rd0665.txt,2599.0,0.1059,0.0438,1.4833639293473084,151.26102485020965,7.425185287023941,0.19977466851091194,20.371346842286812,0.143,30.19,0.148,28.53,0.157,26.42,0.165,24.46,0.172,22.83,0.178,21.47,0.182,20.27,0.185,19.18,0.186,18.1,0.184,16.8,0.181,15.5,0.175,14.23,0.168,13.09,0.158,11.94,0.146,11.07,0.132,10.22,0.108,9.11,0.084,7.98
grsn_11x6,grsn,2,11.0,6.0,grsn_11x6_static_rd0665.txt,2879.0,0.1073,0.0438,1.8442604237525504,188.062225505402,10.092841465589686,0.18272955441144417,18.633228922358217,0.143,30.19,0.148,28.53,0.157,26.42,0.165,24.46,0.172,22.83,0.178,21.47,0.182,20.27,0.185,19.18,0.186,18.1,0.184,16.8,0.181,15.5,0.175,14.23,0.168,13.09,0.158,11.94,0.146,11.07,0.132,10.22,0.108,9.11,0.084,7.98
grsn_11x6,grsn,2,11.0,6.0,grsn_11x6_static_rd0665.txt,3156.0,0.104,0.0423,2.1480605709302742,219.0412190636226,12.840019917931714,0.16729417747478748,17.059258510784773,0.143,30.19,0.148,28.53,0.157,26.42,0.165,24.46,0.172,22.83,0.178,21.47,0.182,20.27,0.185,19.18,0.186,18.1,0.184,16.8,0.181,15.5,0.175,14.23,0.168,13.09,0.158,11.94,0.146,11.07,0.132,10.22,0.108,9.11,0.084,7.98
grsn_11x6,grsn,2,11.0,6.0,grsn_11x6_static_rd0665.txt,3444.0,0.1051,0.0421,2.585045529879305,263.6012838104047,16.60679675910566,0.15566189960516622,15.873096277033058,0.143,30.19,0.148,28.53,0.157,26.42,0.165,24.46,0.172,22.83,0.178,21.47,0.182,20.27,0.185,19.18,0.186,18.1,0.184,16.8,0.181,15.5,0.175,14.23,0.168,13.09,0.158,11.94,0.146,11.07,0.132,10.22,0.108,9.11,0.084,7.98
grsn_11x6,grsn,2,11.0,6.0,grsn_11x6_static_rd0665.txt,3724.0,0.1048,0.0417,3.0138374304596525,307.3258891119447,20.795981304945776,0.14492403057425765,14.778138362667951,0.143,30.19,0.148,28.53,0.157,26.42,0.165,24.46,0.172,22.83,0.178,21.47,0.182,20.27,0.185,19.18,0.186,18.1,0.184,16.8,0.181,15.5,0.175,14.23,0.168,13.09,0.158,11.94,0.146,11.07,0.132,10.22,0.108,9.11,0.084,7.98
grsn_11x6,grsn,2,11.0,6.0,grsn_11x6_static_rd0665.txt,4011.0,0.1051,0.0416,3.506285171606444,357.5415836811189,25.92183029254124,0.135263796268867,13.79306860843071,0.143,30.19,0.148,28.53,0.157,26.42,0.165,24.46,0.172,22.83,0.178,21.47,0.182,20.27,0.185,19.18,0.186,18.1,0.184,16.8,0.181,15.5,0.175,14.23,0.168,13.09,0.158,11.94,0.146,11.07,0.132,10.22,0.108,9.11,0.084,7.98
grsn_11x6,grsn,2,11.0,6.0,grsn_11x6_static_rd0665.txt,4320.0,0.1062,0.042,4.1098995310830455,419.09311855557667,32.697524757527674,0.125694515458295,12.817273529522824,0.143,30.19,0.148,28.53,0.157,26.42,0.165,24.46,0.172,22.83,0.178,21.47,0.182,20.27,0.185,19.18,0.186,18.1,0.184,16.8,0.181,15.5,0.175,14.23,0.168,13.09,0.158,11.94,0.146,11.07,0.132,10.22,0.108,9.11,0.084,7.98
grsn_11x6,grsn,2,11.0,6.0,grsn_11x6_static_rd0665.txt,4599.0,0.1055,0.0414,4.627202158066265,471.8433061306629,38.88704263821407,0.11899084744282251,12.133689633342938,0.143,30.19,0.148,28.53,0.157,26.42,0.165,24.46,0.172,22.83,0.178,21.47,0.182,20.27,0.185,19.18,0.186,18.1,0.184,16.8,0.181,15.5,0.175,14.23,0.168,13.09,0.158,11.94,0.146,11.07,0.132,10.22,0.108,9.11,0.084,7.98
grsn_11x6,grsn,2,11.0,6.0,grsn_11x6_static_rd0665.txt,4898.0,0.1064,0.0415,5.293200984261433,539.7562862202111,47.08892603388511,0.11240861557242683,11.462488777760687,0.143,30.19,0.148,28.53,0.157,26.42,0.165,24.46,0.172,22.83,0.178,21.47,0.182,20.27,0.185,19.18,0.186,18.1,0.184,16.8,0.181,15.5,0.175,14.23,0.168,13.09,0.158,11.94,0.146,11.07,0.132,10.22,0.108,9.11,0.084,7.98
grsn_11x6,grsn,2,11.0,6.0,grsn_11x6_static_rd0665.txt,5180.0,0.1059,0.0412,5.892433292678601,600.8609762435287,55.296907220511294,0.10655990703387692,10.866086485586509,0.143,30.19,0.148,28.53,0.157,26.42,0.165,24.46,0.172,22.83,0.178,21.47,0.182,20.27,0.185,19.18,0.186,18.1,0.184,16.8,0.181,15.5,0.175,14.23,0.168,13.09,0.158,11.94,0.146,11.07,0.132,10.22,0.108,9.11,0.084,7.98
grsn_11x6,grsn,2,11.0,6.0,grsn_11x6_static_rd0665.txt,5474.0,0.1067,0.0415,6.629994995972489,676.0713389355682,65.73199633684483,0.10086404438406157,10.285270136495296,0.143,30.19,0.148,28.53,0.157,26.42,0.165,24.46,0.172,22.83,0.178,21.47,0.182,20.27,0.185,19.18,0.186,18.1,0.184,16.8,0.181,15.5,0.175,14.23,0.168,13.09,0.158,11.94,0.146,11.07,0.132,10.22,0.108,9.11,0.084,7.98
grsn_11x6,grsn,2,11.0,6.0,grsn_11x6_static_rd0665.txt,5741.0,0.1071,0.0415,7.3198765986428915,746.4196844633889,75.82721121941702,0.0965336385306558,9.843691630746056,0.143,30.19,0.148,28.53,0.157,26.42,0.165,24.46,0.172,22.83,0.178,21.47,0.182,20.27,0.185,19.18,0.186,18.1,0.184,16.8,0.181,15.5,0.175,14.23,0.168,13.09,0.158,11.94,0.146,11.07,0.132,10.22,0.108,9.11,0.084,7.98
grsn_11x6,grsn,2,11.0,6.0,grsn_11x6_static_rd0665.txt,6033.0,0.1076,0.0416,8.12116093741843,828.1279476088605,88.20793457562563,0.09206837204033728,9.388361167201571,0.143,30.19,0.148,28.53,0.157,26.42,0.165,24.46,0.172,22.83,0.178,21.47,0.182,20.27,0.185,19.18,0.186,18.1,0.184,16.8,0.181,15.5,0.175,14.23,0.168,13.09,0.158,11.94,0.146,11.07,0.132,10.22,0.108,9.11,0.084,7.98
grsn_11x6,grsn,2,11.0,6.0,grsn_11x6_static_rd0665.txt,6338.0,0.1076,0.0416,8.963052413872084,913.9769864196321,102.27379743268813,0.08763781769002124,8.936570356851856,0.143,30.19,0.148,28.53,0.157,26.42,0.165,24.46,0.172,22.83,0.178,21.47,0.182,20.27,0.185,19.18,0.186,18.1,0.184,16.8,0.181,15.5,0.175,14.23,0.168,13.09,0.158,11.94,0.146,11.07,0.132,10.22,0.108,9.11,0.084,7.98
grsn_11x8,grsn,2,11.0,8.0,grsn_11x8_static_rd0657.txt,2045.0,0.1229,0.0577,1.065804875596915,108.68185115170982,4.765078906148897,0.22366993214353523,22.807985616243595,0.143,33.64,0.148,32.16,0.157,30.17,0.166,28.27,0.173,26.63,0.179,25.3,0.183,24.18,0.186,23.18,0.187,22.06,0.185,20.9,0.182,19.69,0.177,18.45,0.17,17.31,0.16,16.36,0.148,15.47,0.135,14.7,0.111,13.33,0.087,11.92
grsn_11x8,grsn,2,11.0,8.0,grsn_11x8_static_rd0657.txt,2291.0,0.1238,0.0578,1.3474418071644862,137.4008256809906,6.711466896581977,0.20076710917708807,20.472547626058653,0.143,33.64,0.148,32.16,0.157,30.17,0.166,28.27,0.173,26.63,0.179,25.3,0.183,24.18,0.186,23.18,0.187,22.06,0.185,20.9,0.182,19.69,0.177,18.45,0.17,17.31,0.16,16.36,0.148,15.47,0.135,14.7,0.111,13.33,0.087,11.92
grsn_11x8,grsn,2,11.0,8.0,grsn_11x8_static_rd0657.txt,2526.0,0.1236,0.0567,1.6354013737888653,166.76452955788832,8.824649073770665,0.1853219725926255,18.897582007375153,0.143,33.64,0.148,32.16,0.157,30.17,0.166,28.27,0.173,26.63,0.179,25.3,0.183,24.18,0.186,23.18,0.187,22.06,0.185,20.9,0.182,19.69,0.177,18.45,0.17,17.31,0.16,16.36,0.148,15.47,0.135,14.7,0.111,13.33,0.087,11.92
grsn_11x8,grsn,2,11.0,8.0,grsn_11x8_static_rd0657.txt,2795.0,0.1232,0.0563,1.9957839573111429,203.5133258871422,11.870477193604547,0.1681300527990914,17.144494072806864,0.143,33.64,0.148,32.16,0.157,30.17,0.166,28.27,0.173,26.63,0.179,25.3,0.183,24.18,0.186,23.18,0.187,22.06,0.185,20.9,0.182,19.69,0.177,18.45,0.17,17.31,0.16,16.36,0.148,15.47,0.135,14.7,0.111,13.33,0.087,11.92
grsn_11x8,grsn,2,11.0,8.0,grsn_11x8_static_rd0657.txt,3045.0,0.1253,0.0565,2.4091556517000043,245.66550776259015,15.403686996728238,0.15640123382224735,15.948487385829756,0.143,33.64,0.148,32.16,0.157,30.17,0.166,28.27,0.173,26.63,0.179,25.3,0.183,24.18,0.186,23.18,0.187,22.06,0.185,20.9,0.182,19.69,0.177,18.45,0.17,17.31,0.16,16.36,0.148,15.47,0.135,14.7,0.111,13.33,0.087,11.92
grsn_11x8,grsn,2,11.0,8.0,grsn_11x8_static_rd0657.txt,3339.0,0.1249,0.056,2.887582968030274,294.4515168819397,20.13036412411954,0.14344414985372603,14.627232526267996,0.143,33.64,0.148,32.16,0.157,30.17,0.166,28.27,0.173,26.63,0.179,25.3,0.183,24.18,0.186,23.18,0.187,22.06,0.185,20.9,0.182,19.69,0.177,18.45,0.17,17.31,0.16,16.36,0.148,15.47,0.135,14.7,0.111,13.33,0.087,11.92
grsn_11x8,grsn,2,11.0,8.0,grsn_11x8_static_rd0657.txt,3576.0,0.1261,0.0562,3.3438693600577083,340.9797800530975,24.816652096057084,0.13474296803270205,13.7399589087713,0.143,33.64,0.148,32.16,0.157,30.17,0.166,28.27,0.173,26.63,0.179,25.3,0.183,24.18,0.186,23.18,0.187,22.06,0.185,20.9,0.182,19.69,0.177,18.45,0.17,17.31,0.16,16.36,0.148,15.47,0.135,14.7,0.111,13.33,0.087,11.92
grsn_11x8,grsn,2,11.0,8.0,grsn_11x8_static_rd0657.txt,3840.0,0.1264,0.0562,3.8649930537129347,394.11960799181526,30.728710444281276,0.12577791250697354,12.825777661788027,0.143,33.64,0.148,32.16,0.157,30.17,0.166,28.27,0.173,26.63,0.179,25.3,0.183,24.18,0.186,23.18,0.187,22.06,0.185,20.9,0.182,19.69,0.177,18.45,0.17,17.31,0.16,16.36,0.148,15.47,0.135,14.7,0.111,13.33,0.087,11.92
grsn_11x8,grsn,2,11.0,8.0,grsn_11x8_static_rd0657.txt,4080.0,0.1266,0.0561,4.3701186354522035,445.6280825207593,36.792364317568286,0.11877786917231302,12.111971893797886,0.143,33.64,0.148,32.16,0.157,30.17,0.166,28.27,0.173,26.63,0.179,25.3,0.183,24.18,0.186,23.18,0.187,22.06,0.185,20.9,0.182,19.69,0.177,18.45,0.17,17.31,0.16,16.36,0.148,15.47,0.135,14.7,0.111,13.33,0.087,11.92
grsn_11x8,grsn,2,11.0,8.0,grsn_11x8_static_rd0657.txt,4352.0,0.1268,0.056,4.98007888368218,507.82671795997413,44.572709356078654,0.11172932845292735,11.393220768858617,0.143,33.64,0.148,32.16,0.157,30.17,0.166,28.27,0.173,26.63,0.179,25.3,0.183,24.18,0.186,23.18,0.187,22.06,0.185,20.9,0.182,19.69,0.177,18.45,0.17,17.31,0.16,16.36,0.148,15.47,0.135,14.7,0.111,13.33,0.087,11.92
grsn_11x8,grsn,2,11.0,8.0,grsn_11x8_static_rd0657.txt,4633.0,0.1277,0.0562,5.684008159786791,579.607527523343,53.968153937580446,0.1053215228810849,10.739806445736813,0.143,33.64,0.148,32.16,0.157,30.17,0.166,28.27,0.173,26.63,0.179,25.3,0.183,24.18,0.186,23.18,0.187,22.06,0.185,20.9,0.182,19.69,0.177,18.45,0.17,17.31,0.16,16.36,0.148,15.47,0.135,14.7,0.111,13.33,0.087,11.92
grsn_11x8,grsn,2,11.0,8.0,grsn_11x8_static_rd0657.txt,4861.0,0.1272,0.056,6.232719017105447,635.5604632678283,62.11253245347604,0.10034559485678549,10.232402997637879,0.143,33.64,0.148,32.16,0.157,30.17,0.166,28.27,0.173,26.63,0.179,25.3,0.183,24.18,0.186,23.18,0.187,22.06,0.185,20.9,0.182,19.69,0.177,18.45,0.17,17.31,0.16,16.36,0.148,15.47,0.135,14.7,0.111,13.33,0.087,11.92
grsn_11x8,grsn,2,11.0,8.0,grsn_11x8_static_rd0657.txt,5118.0,0.1275,0.0558,6.925481012647108,706.2025271267057,72.23528490385304,0.0958739350424809,9.776420596481053,0.143,33.64,0.148,32.16,0.157,30.17,0.166,28.27,0.173,26.63,0.179,25.3,0.183,24.18,0.186,23.18,0.187,22.06,0.185,20.9,0.182,19.69,0.177,18.45,0.17,17.31,0.16,16.36,0.148,15.47,0.135,14.7,0.111,13.33,0.087,11.92
grsn_11x8,grsn,2,11.0,8.0,grsn_11x8_static_rd0657.txt,5390.0,0.1278,0.0558,7.699235064735818,785.1034823039283,84.37520498556295,0.09124997167181044,9.304907554752178,0.143,33.64,0.148,32.16,0.157,30.17,0.166,28.27,0.173,26.63,0.179,25.3,0.183,24.18,0.186,23.18,0.187,22.06,0.185,20.9,0.182,19.69,0.177,18.45,0.17,17.31,0.16,16.36,0.148,15.47,0.135,14.7,0.111,13.33,0.087,11.92
grsn_11x8,grsn,2,11.0,8.0,grsn_11x8_static_rd0657.txt,5655.0,0.1281,0.0558,8.494807529372482,866.2292963828099,97.44204125571383,0.08717805394778058,8.889687502641635,0.143,33.64,0.148,32.16,0.157,30.17,0.166,28.27,0.173,26.63,0.179,25.3,0.183,24.18,0.186,23.18,0.187,22.06,0.185,20.9,0.182,19.69,0.177,18.45,0.17,17.31,0.16,16.36,0.148,15.47,0.135,14.7,0.111,13.33,0.087,11.92
grsn_11x8,grsn,2,11.0,8.0,grsn_11x8_static_rd0657.txt,5908.0,0.1279,0.0558,9.257435882915496,943.9957460412575,111.11431296246933,0.08331452209979777,8.49571689616717,0.143,33.64,0.148,32.16,0.157,30.17,0.166,28.27,0.173,26.63,0.179,25.3,0.183,24.18,0.186,23.18,0.187,22.06,0.185,20.9,0.182,19.69,0.177,18.45,0.17,17.31,0.16,16.36,0.148,15.47,0.135,14.7,0.111,13.33,0.087,11.92
grsn_9x5,grsn,2,9.0,5.0,grsn_9x5_static_rd0929.txt,2480.0,0.0993,0.0494,0.5675329778612782,57.872257892478906,2.667752031219063,0.21273827972757153,21.693267295923842,0.162,30.52,0.158,29.64,0.166,27.42,0.174,25.57,0.182,24.0,0.188,22.55,0.193,21.25,0.194,20.03,0.195,18.75,0.192,17.57,0.188,16.35,0.183,15.1,0.176,13.81,0.166,12.49,0.153,11.39,0.138,10.14,0.112,8.5,0.086,6.84
grsn_9x5,grsn,2,9.0,5.0,grsn_9x5_static_rd0929.txt,2811.0,0.1034,0.0497,0.7592428699382284,77.42122640639042,3.9084304972674326,0.19425773861631945,19.808776556348956,0.162,30.52,0.158,29.64,0.166,27.42,0.174,25.57,0.182,24.0,0.188,22.55,0.193,21.25,0.194,20.03,0.195,18.75,0.192,17.57,0.188,16.35,0.183,15.1,0.176,13.81,0.166,12.49,0.153,11.39,0.138,10.14,0.112,8.5,0.086,6.84
grsn_9x5,grsn,2,9.0,5.0,grsn_9x5_static_rd0929.txt,3031.0,0.1043,0.0493,0.8904195224368313,90.79752233809012,4.860357293849724,0.18320042511351264,18.681244371269766,0.162,30.52,0.158,29.64,0.166,27.42,0.174,25.57,0.182,24.0,0.188,22.55,0.193,21.25,0.194,20.03,0.195,18.75,0.192,17.57,0.188,16.35,0.183,15.1,0.176,13.81,0.166,12.49,0.153,11.39,0.138,10.14,0.112,8.5,0.086,6.84
grsn_9x5,grsn,2,9.0,5.0,grsn_9x5_static_rd0929.txt,3409.0,0.1059,0.0487,1.1436376770964916,116.61858811077093,6.830829302230475,0.16742296235144669,17.07239091345635,0.162,30.52,0.158,29.64,0.166,27.42,0.174,25.57,0.182,24.0,0.188,22.55,0.193,21.25,0.194,20.03,0.195,18.75,0.192,17.57,0.188,16.35,0.183,15.1,0.176,13.81,0.166,12.49,0.153,11.39,0.138,10.14,0.112,8.5,0.086,6.84
grsn_9x5,grsn,2,9.0,5.0,grsn_9x5_static_rd0929.txt,3612.0,0.1056,0.048,1.280259165432221,130.55010278048275,8.008440073687229,0.1598637379629872,16.301564546811317,0.162,30.52,0.158,29.64,0.166,27.42,0.174,25.57,0.182,24.0,0.188,22.55,0.193,21.25,0.194,20.03,0.195,18.75,0.192,17.57,0.188,16.35,0.183,15.1,0.176,13.81,0.166,12.49,0.153,11.39,0.138,10.14,0.112,8.5,0.086,6.84
grsn_9x5,grsn,2,9.0,5.0,grsn_9x5_static_rd0929.txt,3967.0,0.1066,0.0476,1.5589066074249827,158.96423421096733,10.52100003361808,0.14817095356370685,15.109232364131163,0.162,30.52,0.158,29.64,0.166,27.42,0.174,25.57,0.182,24.0,0.188,22.55,0.193,21.25,0.194,20.03,0.195,18.75,0.192,17.57,0.188,16.35,0.183,15.1,0.176,13.81,0.166,12.49,0.153,11.39,0.138,10.14,0.112,8.5,0.086,6.84
grsn_9x5,grsn,2,9.0,5.0,grsn_9x5_static_rd0929.txt,4230.0,0.1068,0.0472,1.775785394238779,181.0797157274685,12.648137219483559,0.140398966537405,14.31671024635375,0.162,30.52,0.158,29.64,0.166,27.42,0.174,25.57,0.182,24.0,0.188,22.55,0.193,21.25,0.194,20.03,0.195,18.75,0.192,17.57,0.188,16.35,0.183,15.1,0.176,13.81,0.166,12.49,0.153,11.39,0.138,10.14,0.112,8.5,0.086,6.84
grsn_9x5,grsn,2,9.0,5.0,grsn_9x5_static_rd0929.txt,4517.0,0.1077,0.0472,2.0419936000016503,208.22539807188494,15.401241757864613,0.13258629609907335,13.520039575091735,0.162,30.52,0.158,29.64,0.166,27.42,0.174,25.57,0.182,24.0,0.188,22.55,0.193,21.25,0.194,20.03,0.195,18.75,0.192,17.57,0.188,16.35,0.183,15.1,0.176,13.81,0.166,12.49,0.153,11.39,0.138,10.14,0.112,8.5,0.086,6.84
grsn_9x5,grsn,2,9.0,5.0,grsn_9x5_static_rd0929.txt,4794.0,0.1082,0.0469,2.310797092000324,235.63572596149797,18.29491515174034,0.1263081611931119,12.879847980004579,0.162,30.52,0.158,29.64,0.166,27.42,0.174,25.57,0.182,24.0,0.188,22.55,0.193,21.25,0.194,20.03,0.195,18.75,0.192,17.57,0.188,16.35,0.183,15.1,0.176,13.81,0.166,12.49,0.153,11.39,0.138,10.14,0.112,8.5,0.086,6.84
grsn_9x5,grsn,2,9.0,5.0,grsn_9x5_static_rd0929.txt,5095.0,0.1086,0.0468,2.6197309689613113,267.13821426902274,21.915020737394613,0.1195404284738432,12.189731302110632,0.162,30.52,0.158,29.64,0.166,27.42,0.174,25.57,0.182,24.0,0.188,22.55,0.193,21.25,0.194,20.03,0.195,18.75,0.192,17.57,0.188,16.35,0.183,15.1,0.176,13.81,0.166,12.49,0.153,11.39,0.138,10.14,0.112,8.5,0.086,6.84
grsn_9x5,grsn,2,9.0,5.0,grsn_9x5_static_rd0929.txt,5393.0,0.109,0.0466,2.945953114629324,300.4036153660347,25.87859210811056,0.11383745693437622,11.608190048016013,0.162,30.52,0.158,29.64,0.166,27.42,0.174,25.57,0.182,24.0,0.188,22.55,0.193,21.25,0.194,20.03,0.195,18.75,0.192,17.57,0.188,16.35,0.183,15.1,0.176,13.81,0.166,12.49,0.153,11.39,0.138,10.14,0.112,8.5,0.086,6.84
grsn_9x5,grsn,2,9.0,5.0,grsn_9x5_static_rd0929.txt,5662.0,0.1095,0.0466,3.2620629783654977,332.6378506794367,29.94739008583614,0.10892645299024961,11.107407013633567,0.162,30.52,0.158,29.64,0.166,27.42,0.174,25.57,0.182,24.0,0.188,22.55,0.193,21.25,0.194,20.03,0.195,18.75,0.192,17.57,0.188,16.35,0.183,15.1,0.176,13.81,0.166,12.49,0.153,11.39,0.138,10.14,0.112,8.5,0.086,6.84
grsn_9x5,grsn,2,9.0,5.0,grsn_9x5_static_rd0929.txt,5961.0,0.1098,0.0464,3.62559321922206,369.7076187303575,34.79676049186433,0.1041934124893535,10.624771200089073,0.162,30.52,0.158,29.64,0.166,27.42,0.174,25.57,0.182,24.0,0.188,22.55,0.193,21.25,0.194,20.03,0.195,18.75,0.192,17.57,0.188,16.35,0.183,15.1,0.176,13.81,0.166,12.49,0.153,11.39,0.138,10.14,0.112,8.5,0.086,6.84
grsn_9x5,grsn,2,9.0,5.0,grsn_9x5_static_rd0929.txt,6240.0,0.11,0.0464,3.9801584043966645,405.86320551836405,39.91491579803859,0.09971606665877643,10.168208986634216,0.162,30.52,0.158,29.64,0.166,27.42,0.174,25.57,0.182,24.0,0.188,22.55,0.193,21.25,0.194,20.03,0.195,18.75,0.192,17.57,0.188,16.35,0.183,15.1,0.176,13.81,0.166,12.49,0.153,11.39,0.138,10.14,0.112,8.5,0.086,6.84
grsn_9x5,grsn,2,9.0,5.0,grsn_9x5_static_rd0929.txt,6532.0,0.1101,0.0462,4.365340887956343,445.1408878624549,45.5873105599454,0.09575780703746721,9.764578835531728,0.162,30.52,0.158,29.64,0.166,27.42,0.174,25.57,0.182,24.0,0.188,22.55,0.193,21.25,0.194,20.03,0.195,18.75,0.192,17.57,0.188,16.35,0.183,15.1,0.176,13.81,0.166,12.49,0.153,11.39,0.138,10.14,0.112,8.5,0.086,6.84
grsn_9x5,grsn,2,9.0,5.0,grsn_9x5_static_rd0929.txt,6764.0,0.1105,0.0463,4.697945432307786,479.05711250098517,50.72887785517846,0.09260889715951433,9.443479389956238,0.162,30.52,0.158,29.64,0.166,27.42,0.174,25.57,0.182,24.0,0.188,22.55,0.193,21.25,0.194,20.03,0.195,18.75,0.192,17.57,0.188,16.35,0.183,15.1,0.176,13.81,0.166,12.49,0.153,11.39,0.138,10.14,0.112,8.5,0.086,6.84
grsn_9x7,grsn,2,9.0,7.0,grsn_9x7_static_rd0936.txt,2303.0,0.1399,0.0781,0.6895155781503055,70.31102141407163,3.37750744974847,0.20414923976012403,20.81742896505168,0.155,36.67,0.158,35.54,0.167,33.52,0.175,31.56,0.182,30.21,0.189,29.0,0.193,27.65,0.195,26.4,0.194,25.31,0.192,24.15,0.187,23.0,0.182,21.74,0.174,20.46,0.164,19.28,0.152,18.09,0.137,16.81,0.111,15.51,0.084,14.22
grsn_9x7,grsn,2,9.0,7.0,grsn_9x7_static_rd0936.txt,2598.0,0.1442,0.0778,0.9044447580319874,92.22769835081169,4.830148744326449,0.18724987695137943,19.09417354054437,0.155,36.67,0.158,35.54,0.167,33.52,0.175,31.56,0.182,30.21,0.189,29.0,0.193,27.65,0.195,26.4,0.194,25.31,0.192,24.15,0.187,23.0,0.182,21.74,0.174,20.46,0.164,19.28,0.152,18.09,0.137,16.81,0.111,15.51,0.084,14.22
grsn_9x7,grsn,2,9.0,7.0,grsn_9x7_static_rd0936.txt,2880.0,0.1443,0.0769,1.1122176911866484,113.41464120639041,6.503801396219574,0.17101040198323716,17.438207949017983,0.155,36.67,0.158,35.54,0.167,33.52,0.175,31.56,0.182,30.21,0.189,29.0,0.193,27.65,0.195,26.4,0.194,25.31,0.192,24.15,0.187,23.0,0.182,21.74,0.174,20.46,0.164,19.28,0.152,18.09,0.137,16.81,0.111,15.51,0.084,14.22
grsn_9x7,grsn,2,9.0,7.0,grsn_9x7_static_rd0936.txt,3178.0,0.1446,0.0766,1.3571085007618449,138.38655409970224,8.70470216402074,0.15590521940787352,15.897907991808982,0.155,36.67,0.158,35.54,0.167,33.52,0.175,31.56,0.182,30.21,0.189,29.0,0.193,27.65,0.195,26.4,0.194,25.31,0.192,24.15,0.187,23.0,0.182,21.74,0.174,20.46,0.164,19.28,0.152,18.09,0.137,16.81,0.111,15.51,0.084,14.22
grsn_9x7,grsn,2,9.0,7.0,grsn_9x7_static_rd0936.txt,3459.0,0.1459,0.076,1.6221645566694953,165.41474985540378,11.135987792132065,0.14566867232160643,14.85407068893113,0.155,36.67,0.158,35.54,0.167,33.52,0.175,31.56,0.182,30.21,0.189,29.0,0.193,27.65,0.195,26.4,0.194,25.31,0.192,24.15,0.187,23.0,0.182,21.74,0.174,20.46,0.164,19.28,0.152,18.09,0.137,16.81,0.111,15.51,0.084,14.22
grsn_9x7,grsn,2,9.0,7.0,grsn_9x7_static_rd0936.txt,3765.0,0.1451,0.0743,1.911330832641442,194.9015038409082,14.039357180246997,0.13614090788505856,13.88250910199289,0.155,36.67,0.158,35.54,0.167,33.52,0.175,31.56,0.182,30.21,0.189,29.0,0.193,27.65,0.195,26.4,0.194,25.31,0.192,24.15,0.187,23.0,0.182,21.74,0.174,20.46,0.164,19.28,0.152,18.09,0.137,16.81,0.111,15.51,0.084,14.22
grsn_9x7,grsn,2,9.0,7.0,grsn_9x7_static_rd0936.txt,4029.0,0.1468,0.0752,2.2144153463025416,225.80752308918355,17.41298037684353,0.1271703808526287,12.967769916600338,0.155,36.67,0.158,35.54,0.167,33.52,0.175,31.56,0.182,30.21,0.189,29.0,0.193,27.65,0.195,26.4,0.194,25.31,0.192,24.15,0.187,23.0,0.182,21.74,0.174,20.46,0.164,19.28,0.152,18.09,0.137,16.81,0.111,15.51,0.084,14.22
grsn_9x7,grsn,2,9.0,7.0,grsn_9x7_static_rd0936.txt,4313.0,0.1472,0.075,2.5445161897593587,259.4684412882441,21.30409576615473,0.11943788732877206,12.179275015297994,0.155,36.67,0.158,35.54,0.167,33.52,0.175,31.56,0.182,30.21,0.189,29.0,0.193,27.65,0.195,26.4,0.194,25.31,0.192,24.15,0.187,23.0,0.182,21.74,0.174,20.46,0.164,19.28,0.152,18.09,0.137,16.81,0.111,15.51,0.084,14.22
grsn_9x7,grsn,2,9.0,7.0,grsn_9x7_static_rd0936.txt,4594.0,0.1479,0.075,2.900605378168352,295.77943315692437,25.74528499940852,0.11266549887620166,11.48868358473094,0.155,36.67,0.158,35.54,0.167,33.52,0.175,31.56,0.182,30.21,0.189,29.0,0.193,27.65,0.195,26.4,0.194,25.31,0.192,24.15,0.187,23.0,0.182,21.74,0.174,20.46,0.164,19.28,0.152,18.09,0.137,16.81,0.111,15.51,0.084,14.22
grsn_9x7,grsn,2,9.0,7.0,grsn_9x7_static_rd0936.txt,4883.0,0.148,0.0748,3.2792434226802993,334.3897684408335,30.833671316503764,0.10635267493835805,10.84495469282151,0.155,36.67,0.158,35.54,0.167,33.52,0.175,31.56,0.182,30.21,0.189,29.0,0.193,27.65,0.195,26.4,0.194,25.31,0.192,24.15,0.187,23.0,0.182,21.74,0.174,20.46,0.164,19.28,0.152,18.09,0.137,16.81,0.111,15.51,0.084,14.22
grsn_9x7,grsn,2,9.0,7.0,grsn_9x7_static_rd0936.txt,5173.0,0.1479,0.0746,3.6778297626573964,375.0342637554513,36.561982003328254,0.10059164085586503,10.257492707077855,0.155,36.67,0.158,35.54,0.167,33.52,0.175,31.56,0.182,30.21,0.189,29.0,0.193,27.65,0.195,26.4,0.194,25.31,0.192,24.15,0.187,23.0,0.182,21.74,0.174,20.46,0.164,19.28,0.152,18.09,0.137,16.81,0.111,15.51,0.084,14.22
grsn_9x7,grsn,2,9.0,7.0,grsn_9x7_static_rd0936.txt,5495.0,0.1483,0.0745,4.161165956069475,424.32083902958453,43.764586639574965,0.09508066397013928,9.695529459105739,0.155,36.67,0.158,35.54,0.167,33.52,0.175,31.56,0.182,30.21,0.189,29.0,0.193,27.65,0.195,26.4,0.194,25.31,0.192,24.15,0.187,23.0,0.182,21.74,0.174,20.46,0.164,19.28,0.152,18.09,0.137,16.81,0.111,15.51,0.084,14.22
grsn_9x7,grsn,2,9.0,7.0,grsn_9x7_static_rd0936.txt,5745.0,0.1483,0.0745,4.548411084581713,463.8088526236496,50.01379845597631,0.09094312419772246,9.273617820328296,0.155,36.67,0.158,35.54,0.167,33.52,0.175,31.56,0.182,30.21,0.189,29.0,0.193,27.65,0.195,26.4,0.194,25.31,0.192,24.15,0.187,23.0,0.182,21.74,0.174,20.46,0.164,19.28,0.152,18.09,0.137,16.81,0.111,15.51,0.084,14.22
grsn_9x7,grsn,2,9.0,7.0,grsn_9x7_static_rd0936.txt,6037.0,0.1483,0.0744,5.022523701808156,512.1548848799699,57.95620380326788,0.08666067430601725,8.836929461744557,0.155,36.67,0.158,35.54,0.167,33.52,0.175,31.56,0.182,30.21,0.189,29.0,0.193,27.65,0.195,26.4,0.194,25.31,0.192,24.15,0.187,23.0,0.182,21.74,0.174,20.46,0.164,19.28,0.152,18.09,0.137,16.81,0.111,15.51,0.084,14.22
grsn_9x7,grsn,2,9.0,7.0,grsn_9x7_static_rd0936.txt,6313.0,0.148,0.0742,5.481151247651088,558.9218793014014,66.09593356449297,0.08292720825711412,8.45622187567764,0.155,36.67,0.158,35.54,0.167,33.52,0.175,31.56,0.182,30.21,0.189,29.0,0.193,27.65,0.195,26.4,0.194,25.31,0.192,24.15,0.187,23.0,0.182,21.74,0.174,20.46,0.164,19.28,0.152,18.09,0.137,16.81,0.111,15.51,0.084,14.22
grsn_9x7,grsn,2,9.0,7.0,grsn_9x7_static_rd0936.txt,6618.0,0.1482,0.0742,6.0317067868058,615.062920243488,76.14609943174337,0.07921228837483087,8.077405472289811,0.155,36.67,0.158,35.54,0.167,33.52,0.175,31.56,0.182,30.21,0.189,29.0,0.193,27.65,0.195,26.4,0.194,25.31,0.192,24.15,0.187,23.0,0.182,21.74,0.174,20.46,0.164,19.28,0.152,18.09,0.137,16.81,0.111,15.51,0.084,14.22
gwsdd_10x6,gwsdd,2,10.0,6.0,gwsdd_10x6_static_jb0712.txt,2454.0,0.0932,0.0379,0.7949384131608456,81.06115882190612,3.358256049792797,0.23671167456391332,24.13787323539775,0.172,22.11,0.178,23.81,0.18,24.17,0.18,24.0,0.179,23.58,0.178,22.87,0.176,21.79,0.172,20.47,0.167,18.91,0.161,17.3,0.155,15.81,0.147,14.51,0.139,13.52,0.129,12.44,0.119,11.48,0.107,10.23,0.092,8.61,0.076,6.97
gwsdd_10x6,gwsdd,2,10.0,6.0,gwsdd_10x6_static_jb0712.txt,2788.0,0.0938,0.0369,1.032658755605332,105.30188755643691,4.794635483007971,0.21537794880654437,21.962438631596356,0.172,22.11,0.178,23.81,0.18,24.17,0.18,24.0,0.179,23.58,0.178,22.87,0.176,21.79,0.172,20.47,0.167,18.91,0.161,17.3,0.155,15.81,0.147,14.51,0.139,13.52,0.129,12.44,0.119,11.48,0.107,10.23,0.092,8.61,0.076,6.97
gwsdd_10x6,gwsdd,2,10.0,6.0,gwsdd_10x6_static_jb0712.txt,3070.0,0.0935,0.0364,1.2481213617023739,127.27295882919998,6.314913858393812,0.1976466171495539,20.154345994764157,0.172,22.11,0.178,23.81,0.18,24.17,0.18,24.0,0.179,23.58,0.178,22.87,0.176,21.79,0.172,20.47,0.167,18.91,0.161,17.3,0.155,15.81,0.147,14.51,0.139,13.52,0.129,12.44,0.119,11.48,0.107,10.23,0.092,8.61,0.076,6.97
gwsdd_10x6,gwsdd,2,10.0,6.0,gwsdd_10x6_static_jb0712.txt,3340.0,0.0944,0.0365,1.4915347715005483,152.09421887194387,8.154234289262444,0.1829153687017078,18.652176706796695,0.172,22.11,0.178,23.81,0.18,24.17,0.18,24.0,0.179,23.58,0.178,22.87,0.176,21.79,0.172,20.47,0.167,18.91,0.161,17.3,0.155,15.81,0.147,14.51,0.139,13.52,0.129,12.44,0.119,11.48,0.107,10.23,0.092,8.61,0.076,6.97
gwsdd_10x6,gwsdd,2,10.0,6.0,gwsdd_10x6_static_jb0712.txt,3633.0,0.0949,0.0362,1.7740483934053253,180.90259093628563,10.407722035334277,0.17045501286279752,17.381574019955597,0.172,22.11,0.178,23.81,0.18,24.17,0.18,24.0,0.179,23.58,0.178,22.87,0.176,21.79,0.172,20.47,0.167,18.91,0.161,17.3,0.155,15.81,0.147,14.51,0.139,13.52,0.129,12.44,0.119,11.48,0.107,10.23,0.092,8.61,0.076,6.97
gwsdd_10x6,gwsdd,2,10.0,6.0,gwsdd_10x6_static_jb0712.txt,3900.0,0.0942,0.0359,2.0293108213379822,206.93211456898968,12.76847969856066,0.15893127993669745,16.206480290078414,0.172,22.11,0.178,23.81,0.18,24.17,0.18,24.0,0.179,23.58,0.178,22.87,0.176,21.79,0.172,20.47,0.167,18.91,0.161,17.3,0.155,15.81,0.147,14.51,0.139,13.52,0.129,12.44,0.119,11.48,0.107,10.23,0.092,8.61,0.076,6.97
gwsdd_10x6,gwsdd,2,10.0,6.0,gwsdd_10x6_static_jb0712.txt,4203.0,0.0946,0.0359,2.366891613414509,241.35577525602616,15.981720798298223,0.1480999226107455,15.101989222695368,0.172,22.11,0.178,23.81,0.18,24.17,0.18,24.0,0.179,23.58,0.178,22.87,0.176,21.79,0.172,20.47,0.167,18.91,0.161,17.3,0.155,15.81,0.147,14.51,0.139,13.52,0.129,12.44,0.119,11.48,0.107,10.23,0.092,8.61,0.076,6.97
gwsdd_10x6,gwsdd,2,10.0,6.0,gwsdd_10x6_static_jb0712.txt,4454.0,0.0947,0.0359,2.6608406016860195,271.33023016891804,19.01936474944017,0.13990165479971356,14.265998562170932,0.172,22.11,0.178,23.81,0.18,24.17,0.18,24.0,0.179,23.58,0.178,22.87,0.176,21.79,0.172,20.47,0.167,18.91,0.161,17.3,0.155,15.81,0.147,14.51,0.139,13.52,0.129,12.44,0.119,11.48,0.107,10.23,0.092,8.61,0.076,6.97
gwsdd_10x6,gwsdd,2,10.0,6.0,gwsdd_10x6_static_jb0712.txt,4743.0,0.095,0.0359,3.0269016423571076,308.6580679801061,22.967025002416886,0.13179337080177245,13.439183696957928,0.172,22.11,0.178,23.81,0.18,24.17,0.18,24.0,0.179,23.58,0.178,22.87,0.176,21.79,0.172,20.47,0.167,18.91,0.161,17.3,0.155,15.81,0.147,14.51,0.139,13.52,0.129,12.44,0.119,11.48,0.107,10.23,0.092,8.61,0.076,6.97
gwsdd_10x6,gwsdd,2,10.0,6.0,gwsdd_10x6_static_jb0712.txt,5039.0,0.0948,0.0359,3.4093022764163026,347.65208062042626,27.5409200376969,0.12379042790690316,12.623110634814454,0.172,22.11,0.178,23.81,0.18,24.17,0.18,24.0,0.179,23.58,0.178,22.87,0.176,21.79,0.172,20.47,0.167,18.91,0.161,17.3,0.155,15.81,0.147,14.51,0.139,13.52,0.129,12.44,0.119,11.48,0.107,10.23,0.092,8.61,0.076,6.97
gwsdd_10x6,gwsdd,2,10.0,6.0,gwsdd_10x6_static_jb0712.txt,5299.0,0.0952,0.036,3.7861101238919184,386.0757877452462,32.11701540007457,0.11788486809029981,12.020911125644316,0.172,22.11,0.178,23.81,0.18,24.17,0.18,24.0,0.179,23.58,0.178,22.87,0.176,21.79,0.172,20.47,0.167,18.91,0.161,17.3,0.155,15.81,0.147,14.51,0.139,13.52,0.129,12.44,0.119,11.48,0.107,10.23,0.092,8.61,0.076,6.97
gwsdd_10x6,gwsdd,2,10.0,6.0,gwsdd_10x6_static_jb0712.txt,5586.0,0.0952,0.036,4.207336669874424,429.0289415727516,37.62324195397882,0.1118281267473145,11.403295391118732,0.172,22.11,0.178,23.81,0.18,24.17,0.18,24.0,0.179,23.58,0.178,22.87,0.176,21.79,0.172,20.47,0.167,18.91,0.161,17.3,0.155,15.81,0.147,14.51,0.139,13.52,0.129,12.44,0.119,11.48,0.107,10.23,0.092,8.61,0.076,6.97
gwsdd_10x6,gwsdd,2,10.0,6.0,gwsdd_10x6_static_jb0712.txt,5895.0,0.0954,0.0361,4.695528144209849,478.8106177144947,44.34141529310401,0.10589486404914321,10.798270974200488,0.172,22.11,0.178,23.81,0.18,24.17,0.18,24.0,0.179,23.58,0.178,22.87,0.176,21.79,0.172,20.47,0.167,18.91,0.161,17.3,0.155,15.81,0.147,14.51,0.139,13.52,0.129,12.44,0.119,11.48,0.107,10.23,0.092,8.61,0.076,6.97
gwsdd_10x6,gwsdd,2,10.0,6.0,gwsdd_10x6_static_jb0712.txt,6151.0,0.0953,0.036,5.1068465580334665,520.7534232417255,50.233171966399695,0.10166283270842161,10.366723877004034,0.172,22.11,0.178,23.81,0.18,24.17,0.18,24.0,0.179,23.58,0.178,22.87,0.176,21.79,0.172,20.47,0.167,18.91,0.161,17.3,0.155,15.81,0.147,14.51,0.139,13.52,0.129,12.44,0.119,11.48,0.107,10.23,0.092,8.61,0.076,6.97
gwsdd_10x6,gwsdd,2,10.0,6.0,gwsdd_10x6_static_jb0712.txt,6429.0,0.0957,0.0362,5.602311382492655,571.2767746878552,57.6752875525341,0.09713538709953955,9.90505290792876,0.172,22.11,0.178,23.81,0.18,24.17,0.18,24.0,0.179,23.58,0.178,22.87,0.176,21.79,0.172,20.47,0.167,18.91,0.161,17.3,0.155,15.81,0.147,14.51,0.139,13.52,0.129,12.44,0.119,11.48,0.107,10.23,0.092,8.61,0.076,6.97
gwsdd_10x6,gwsdd,2,10.0,6.0,gwsdd_10x6_static_jb0712.txt,6690.0,0.0955,0.0362,6.053744138228638,617.310104697184,64.98869922663448,0.09315072020625421,9.498729964488813,0.172,22.11,0.178,23.81,0.18,24.17,0.18,24.0,0.179,23.58,0.178,22.87,0.176,21.79,0.172,20.47,0.167,18.91,0.161,17.3,0.155,15.81,0.147,14.51,0.139,13.52,0.129,12.44,0.119,11.48,0.107,10.23,0.092,8.61,0.076,6.97
gwsdd_11x7,gwsdd,2,11.0,7.0,gwsdd_11x7_static_jb0570.txt,2004.0,0.1017,0.0424,0.8469457291358273,86.36442915122161,3.2951360812013206,0.25702905988242314,26.20966995685817,0.162,24.7,0.177,24.09,0.18,23.8,0.18,23.69,0.181,23.69,0.18,23.3,0.179,22.42,0.177,21.05,0.175,19.69,0.171,18.2,0.166,16.64,0.158,15.34,0.149,14.22,0.139,13.24,0.126,12.29,0.112,11.06,0.093,9.75,0.072,8.44
gwsdd_11x7,gwsdd,2,11.0,7.0,gwsdd_11x7_static_jb0570.txt,2300.0,0.103,0.0417,1.1298794029743213,115.21563459227376,4.899298600464602,0.23062064493623116,23.51676106889011,0.162,24.7,0.177,24.09,0.18,23.8,0.18,23.69,0.181,23.69,0.18,23.3,0.179,22.42,0.177,21.05,0.175,19.69,0.171,18.2,0.166,16.64,0.158,15.34,0.149,14.22,0.139,13.24,0.126,12.29,0.112,11.06,0.093,9.75,0.072,8.44
gwsdd_11x7,gwsdd,2,11.0,7.0,gwsdd_11x7_static_jb0570.txt,2578.0,0.1035,0.0412,1.4264132713873936,145.4536739240611,6.816482145978724,0.20925944509792102,21.338524888511476,0.162,24.7,0.177,24.09,0.18,23.8,0.18,23.69,0.181,23.69,0.18,23.3,0.179,22.42,0.177,21.05,0.175,19.69,0.171,18.2,0.166,16.64,0.158,15.34,0.149,14.22,0.139,13.24,0.126,12.29,0.112,11.06,0.093,9.75,0.072,8.44
gwsdd_11x7,gwsdd,2,11.0,7.0,gwsdd_11x7_static_jb0570.txt,2870.0,0.1041,0.0407,1.77808991212361,181.3147111524945,9.290828551063392,0.1913811994647234,19.515451195334126,0.162,24.7,0.177,24.09,0.18,23.8,0.18,23.69,0.181,23.69,0.18,23.3,0.179,22.42,0.177,21.05,0.175,19.69,0.171,18.2,0.166,16.64,0.158,15.34,0.149,14.22,0.139,13.24,0.126,12.29,0.112,11.06,0.093,9.75,0.072,8.44
gwsdd_11x7,gwsdd,2,11.0,7.0,gwsdd_11x7_static_jb0570.txt,3157.0,0.1043,0.0403,2.1556222975959263,219.8123005915299,12.24455871987849,0.17604736494883808,17.951835229037243,0.162,24.7,0.177,24.09,0.18,23.8,0.18,23.69,0.181,23.69,0.18,23.3,0.179,22.42,0.177,21.05,0.175,19.69,0.171,18.2,0.166,16.64,0.158,15.34,0.149,14.22,0.139,13.24,0.126,12.29,0.112,11.06,0.093,9.75,0.072,8.44
gwsdd_11x7,gwsdd,2,11.0,7.0,gwsdd_11x7_static_jb0570.txt,3453.0,0.1053,0.0409,2.6035188291850035,265.48503609132615,16.260256400285844,0.16011548434987996,16.327235534038635,0.162,24.7,0.177,24.09,0.18,23.8,0.18,23.69,0.181,23.69,0.18,23.3,0.179,22.42,0.177,21.05,0.175,19.69,0.171,18.2,0.166,16.64,0.158,15.34,0.149,14.22,0.139,13.24,0.126,12.29,0.112,11.06,0.093,9.75,0.072,8.44
gwsdd_11x7,gwsdd,2,11.0,7.0,gwsdd_11x7_static_jb0570.txt,3741.0,0.1052,0.0402,3.0530249345036147,311.32190243392137,20.32373502737002,0.15021967814440107,15.318144131217194,0.162,24.7,0.177,24.09,0.18,23.8,0.18,23.69,0.181,23.69,0.18,23.3,0.179,22.42,0.177,21.05,0.175,19.69,0.171,18.2,0.166,16.64,0.158,15.34,0.149,14.22,0.139,13.24,0.126,12.29,0.112,11.06,0.093,9.75,0.072,8.44
gwsdd_11x7,gwsdd,2,11.0,7.0,gwsdd_11x7_static_jb0570.txt,4002.0,0.1055,0.04,3.5038525620092553,357.293526536509,24.757431760588908,0.14152730363522606,14.43176860958901,0.162,24.7,0.177,24.09,0.18,23.8,0.18,23.69,0.181,23.69,0.18,23.3,0.179,22.42,0.177,21.05,0.175,19.69,0.171,18.2,0.166,16.64,0.158,15.34,0.149,14.22,0.139,13.24,0.126,12.29,0.112,11.06,0.093,9.75,0.072,8.44
gwsdd_11x7,gwsdd,2,11.0,7.0,gwsdd_11x7_static_jb0570.txt,4308.0,0.1052,0.0397,4.048613548436161,412.84368754224545,30.650102913421374,0.1320913525110323,13.469569374968241,0.162,24.7,0.177,24.09,0.18,23.8,0.18,23.69,0.181,23.69,0.18,23.3,0.179,22.42,0.177,21.05,0.175,19.69,0.171,18.2,0.166,16.64,0.158,15.34,0.149,14.22,0.139,13.24,0.126,12.29,0.112,11.06,0.093,9.75,0.072,8.44
gwsdd_11x7,gwsdd,2,11.0,7.0,gwsdd_11x7_static_jb0570.txt,4580.0,0.1059,0.0399,4.606447344275705,469.7269041187057,37.01550477245578,0.12444642785753621,12.690004013351778,0.162,24.7,0.177,24.09,0.18,23.8,0.18,23.69,0.181,23.69,0.18,23.3,0.179,22.42,0.177,21.05,0.175,19.69,0.171,18.2,0.166,16.64,0.158,15.34,0.149,14.22,0.139,13.24,0.126,12.29,0.112,11.06,0.093,9.75,0.072,8.44
gwsdd_11x7,gwsdd,2,11.0,7.0,gwsdd_11x7_static_jb0570.txt,4879.0,0.1066,0.0401,5.262087143012189,536.5835573832236,44.972929015285374,0.11700565780858334,11.931256627755998,0.162,24.7,0.177,24.09,0.18,23.8,0.18,23.69,0.181,23.69,0.18,23.3,0.179,22.42,0.177,21.05,0.175,19.69,0.171,18.2,0.166,16.64,0.158,15.34,0.149,14.22,0.139,13.24,0.126,12.29,0.112,11.06,0.093,9.75,0.072,8.44
gwsdd_11x7,gwsdd,2,11.0,7.0,gwsdd_11x7_static_jb0570.txt,5146.0,0.1064,0.0401,5.842791472612883,595.7989193672543,52.767687826083204,0.11072669114989678,11.290980217494944,0.162,24.7,0.177,24.09,0.18,23.8,0.18,23.69,0.181,23.69,0.18,23.3,0.179,22.42,0.177,21.05,0.175,19.69,0.171,18.2,0.166,16.64,0.158,15.34,0.149,14.22,0.139,13.24,0.126,12.29,0.112,11.06,0.093,9.75,0.072,8.44
gwsdd_11x7,gwsdd,2,11.0,7.0,gwsdd_11x7_static_jb0570.txt,5437.0,0.1065,0.04,6.528410713636549,665.7126249673996,62.08008984401697,0.10516110285986854,10.723448156084755,0.162,24.7,0.177,24.09,0.18,23.8,0.18,23.69,0.181,23.69,0.18,23.3,0.179,22.42,0.177,21.05,0.175,19.69,0.171,18.2,0.166,16.64,0.158,15.34,0.149,14.22,0.139,13.24,0.126,12.29,0.112,11.06,0.093,9.75,0.072,8.44
gwsdd_11x7,gwsdd,2,11.0,7.0,gwsdd_11x7_static_jb0570.txt,5723.0,0.1071,0.0401,7.274047918653812,741.7464596629648,72.58217143060753,0.10021810832165849,10.21940298895734,0.162,24.7,0.177,24.09,0.18,23.8,0.18,23.69,0.181,23.69,0.18,23.3,0.179,22.42,0.177,21.05,0.175,19.69,0.171,18.2,0.166,16.64,0.158,15.34,0.149,14.22,0.139,13.24,0.126,12.29,0.112,11.06,0.093,9.75,0.072,8.44
gwsdd_11x7,gwsdd,2,11.0,7.0,gwsdd_11x7_static_jb0570.txt,6032.0,0.1069,0.0401,8.06565359603848,822.4677740144168,84.9850858857533,0.09490669465088564,9.677789525565371,0.162,24.7,0.177,24.09,0.18,23.8,0.18,23.69,0.181,23.69,0.18,23.3,0.179,22.42,0.177,21.05,0.175,19.69,0.171,18.2,0.166,16.64,0.158,15.34,0.149,14.22,0.139,13.24,0.126,12.29,0.112,11.06,0.093,9.75,0.072,8.44
gwsdd_11x7,gwsdd,2,11.0,7.0,gwsdd_11x7_static_jb0570.txt,6298.0,0.1071,0.0401,8.809149459881995,898.2832526787431,96.7312250596277,0.09106831278578144,9.28638350362065,0.162,24.7,0.177,24.09,0.18,23.8,0.18,23.69,0.181,23.69,0.18,23.3,0.179,22.42,0.177,21.05,0.175,19.69,0.171,18.2,0.166,16.64,0.158,15.34,0.149,14.22,0.139,13.24,0.126,12.29,0.112,11.06,0.093,9.75,0.072,8.44
gwsdd_9x5,gwsdd,2,9.0,5.0,gwsdd_9x5_static_jb1002.txt,2523.0,0.0923,0.0397,0.5459774354398641,55.67420428381396,2.2573854743956914,0.2418627397192869,24.663135700701762,0.169,25.65,0.181,26.35,0.183,26.75,0.183,26.49,0.182,25.57,0.18,23.95,0.176,21.72,0.173,19.38,0.17,17.53,0.167,15.8,0.162,14.4,0.156,13.19,0.15,12.09,0.142,11.38,0.132,10.13,0.117,8.7,0.095,6.5,0.073,4.26
gwsdd_9x5,gwsdd,2,9.0,5.0,gwsdd_9x5_static_jb1002.txt,2811.0,0.0932,0.0394,0.6843465713563142,69.78392941078903,3.098433834855872,0.22086854450714694,22.52232357707749,0.169,25.65,0.181,26.35,0.183,26.75,0.183,26.49,0.182,25.57,0.18,23.95,0.176,21.72,0.173,19.38,0.17,17.53,0.167,15.8,0.162,14.4,0.156,13.19,0.15,12.09,0.142,11.38,0.132,10.13,0.117,8.7,0.095,6.5,0.073,4.26
gwsdd_9x5,gwsdd,2,9.0,5.0,gwsdd_9x5_static_jb1002.txt,3078.0,0.0955,0.0398,0.8407736546076231,85.73505270480982,4.109153703416636,0.20460993072820455,20.8644063699841,0.169,25.65,0.181,26.35,0.183,26.75,0.183,26.49,0.182,25.57,0.18,23.95,0.176,21.72,0.173,19.38,0.17,17.53,0.167,15.8,0.162,14.4,0.156,13.19,0.15,12.09,0.142,11.38,0.132,10.13,0.117,8.7,0.095,6.5,0.073,4.26
gwsdd_9x5,gwsdd,2,9.0,5.0,gwsdd_9x5_static_jb1002.txt,3322.0,0.0962,0.0394,0.9865357332775074,100.59864819051435,5.113974686763617,0.1929097802988613,19.671323061275903,0.169,25.65,0.181,26.35,0.183,26.75,0.183,26.49,0.182,25.57,0.18,23.95,0.176,21.72,0.173,19.38,0.17,17.53,0.167,15.8,0.162,14.4,0.156,13.19,0.15,12.09,0.142,11.38,0.132,10.13,0.117,8.7,0.095,6.5,0.073,4.26
gwsdd_9x5,gwsdd,2,9.0,5.0,gwsdd_9x5_static_jb1002.txt,3678.0,0.0977,0.0394,1.228164403041042,125.23791539833094,6.940565615830325,0.17695451221436398,18.044338506458782,0.169,25.65,0.181,26.35,0.183,26.75,0.183,26.49,0.182,25.57,0.18,23.95,0.176,21.72,0.173,19.38,0.17,17.53,0.167,15.8,0.162,14.4,0.156,13.19,0.15,12.09,0.142,11.38,0.132,10.13,0.117,8.7,0.095,6.5,0.073,4.26
gwsdd_9x5,gwsdd,2,9.0,5.0,gwsdd_9x5_static_jb1002.txt,3938.0,0.0979,0.0392,1.410823248256144,143.8639339892975,8.475721349542864,0.16645465206713483,16.97365074384574,0.169,25.65,0.181,26.35,0.183,26.75,0.183,26.49,0.182,25.57,0.18,23.95,0.176,21.72,0.173,19.38,0.17,17.53,0.167,15.8,0.162,14.4,0.156,13.19,0.15,12.09,0.142,11.38,0.132,10.13,0.117,8.7,0.095,6.5,0.073,4.26
gwsdd_9x5,gwsdd,2,9.0,5.0,gwsdd_9x5_static_jb1002.txt,4224.0,0.099,0.0392,1.6414267464664496,167.378946578745,10.459749010698973,0.15692792865177568,16.002195311525924,0.169,25.65,0.181,26.35,0.183,26.75,0.183,26.49,0.182,25.57,0.18,23.95,0.176,21.72,0.173,19.38,0.17,17.53,0.167,15.8,0.162,14.4,0.156,13.19,0.15,12.09,0.142,11.38,0.132,10.13,0.117,8.7,0.095,6.5,0.073,4.26
gwsdd_9x5,gwsdd,2,9.0,5.0,gwsdd_9x5_static_jb1002.txt,4513.0,0.1008,0.0394,1.907786148748724,194.54004667737956,12.821997569730447,0.1487900881569759,15.172366522408357,0.169,25.65,0.181,26.35,0.183,26.75,0.183,26.49,0.182,25.57,0.18,23.95,0.176,21.72,0.173,19.38,0.17,17.53,0.167,15.8,0.162,14.4,0.156,13.19,0.15,12.09,0.142,11.38,0.132,10.13,0.117,8.7,0.095,6.5,0.073,4.26
gwsdd_9x5,gwsdd,2,9.0,5.0,gwsdd_9x5_static_jb1002.txt,4805.0,0.1011,0.0392,2.1690843043242536,221.1850432435392,15.39677314231839,0.1408791494344016,14.365675274879967,0.169,25.65,0.181,26.35,0.183,26.75,0.183,26.49,0.182,25.57,0.18,23.95,0.176,21.72,0.173,19.38,0.17,17.53,0.167,15.8,0.162,14.4,0.156,13.19,0.15,12.09,0.142,11.38,0.132,10.13,0.117,8.7,0.095,6.5,0.073,4.26
gwsdd_9x5,gwsdd,2,9.0,5.0,gwsdd_9x5_static_jb1002.txt,5100.0,0.1017,0.0392,2.458101417746934,250.65658688205804,18.41026598830909,0.13351797411878139,13.61504429328888,0.169,25.65,0.181,26.35,0.183,26.75,0.183,26.49,0.182,25.57,0.18,23.95,0.176,21.72,0.173,19.38,0.17,17.53,0.167,15.8,0.162,14.4,0.156,13.19,0.15,12.09,0.142,11.38,0.132,10.13,0.117,8.7,0.095,6.5,0.073,4.26
gwsdd_9x5,gwsdd,2,9.0,5.0,gwsdd_9x5_static_jb1002.txt,5373.0,0.1015,0.039,2.7229409015547463,277.6626984296112,21.417984334421,0.1271333874858937,12.963997643017107,0.169,25.65,0.181,26.35,0.183,26.75,0.183,26.49,0.182,25.57,0.18,23.95,0.176,21.72,0.173,19.38,0.17,17.53,0.167,15.8,0.162,14.4,0.156,13.19,0.15,12.09,0.142,11.38,0.132,10.13,0.117,8.7,0.095,6.5,0.073,4.26
gwsdd_9x5,gwsdd,2,9.0,5.0,gwsdd_9x5_static_jb1002.txt,5680.0,0.1029,0.0392,3.084967110983195,314.5790979573244,25.43282143061528,0.12129865809027394,12.36902082671187,0.169,25.65,0.181,26.35,0.183,26.75,0.183,26.49,0.182,25.57,0.18,23.95,0.176,21.72,0.173,19.38,0.17,17.53,0.167,15.8,0.162,14.4,0.156,13.19,0.15,12.09,0.142,11.38,0.132,10.13,0.117,8.7,0.095,6.5,0.073,4.26
gwsdd_9x5,gwsdd,2,9.0,5.0,gwsdd_9x5_static_jb1002.txt,5963.0,0.1033,0.0393,3.413252620946001,348.0549036568044,29.501931225837726,0.11569590461104057,11.797698970702593,0.169,25.65,0.181,26.35,0.183,26.75,0.183,26.49,0.182,25.57,0.18,23.95,0.176,21.72,0.173,19.38,0.17,17.53,0.167,15.8,0.162,14.4,0.156,13.19,0.15,12.09,0.142,11.38,0.132,10.13,0.117,8.7,0.095,6.5,0.073,4.26
gwsdd_9x5,gwsdd,2,9.0,5.0,gwsdd_9x5_static_jb1002.txt,6217.0,0.1036,0.0394,3.721002675713333,379.43667569591383,33.51986738639815,0.11100887222552853,11.319754679276668,0.169,25.65,0.181,26.35,0.183,26.75,0.183,26.49,0.182,25.57,0.18,23.95,0.176,21.72,0.173,19.38,0.17,17.53,0.167,15.8,0.162,14.4,0.156,13.19,0.15,12.09,0.142,11.38,0.132,10.13,0.117,8.7,0.095,6.5,0.073,4.26
gwsdd_9x5,gwsdd,2,9.0,5.0,gwsdd_9x5_static_jb1002.txt,6518.0,0.104,0.0394,4.1058260301017615,418.677737056157,38.62804761417126,0.10629131638005644,10.838697861151,0.169,25.65,0.181,26.35,0.183,26.75,0.183,26.49,0.182,25.57,0.18,23.95,0.176,21.72,0.173,19.38,0.17,17.53,0.167,15.8,0.162,14.4,0.156,13.19,0.15,12.09,0.142,11.38,0.132,10.13,0.117,8.7,0.095,6.5,0.073,4.26
gwsdd_9x5,gwsdd,2,9.0,5.0,gwsdd_9x5_static_jb1002.txt,6797.0,0.1043,0.0394,4.477724202240475,456.6007966268273,43.80377095699114,0.10222234534640733,10.423778287836043,0.169,25.65,0.181,26.35,0.183,26.75,0.183,26.49,0.182,25.57,0.18,23.95,0.176,21.72,0.173,19.38,0.17,17.53,0.167,15.8,0.162,14.4,0.156,13.19,0.15,12.09,0.142,11.38,0.132,10.13,0.117,8.7,0.095,6.5,0.073,4.26
gwssf_10x4.7,gwssf,2,10.0,4.7,gwssf_10x4.7_static_jb0875.txt,2209.0,0.1197,0.0521,0.827282879125986,84.35937645638276,3.3672533337580686,0.24568477543169753,25.052874878954338,0.117,13.11,0.127,19.41,0.15,21.55,0.173,21.48,0.196,20.47,0.217,19.34,0.231,18.21,0.239,16.79,0.241,15.45,0.24,14.34,0.232,13.46,0.221,12.66,0.206,11.97,0.187,11.36,0.165,10.59,0.138,9.67,0.097,9.1,0.054,8.57
gwssf_10x4.7,gwssf,2,10.0,4.7,gwssf_10x4.7_static_jb0875.txt,2432.0,0.122,0.0527,1.0220106613958937,104.21608412616885,4.545192147146666,0.22485532587164245,22.928862136574924,0.117,13.11,0.127,19.41,0.15,21.55,0.173,21.48,0.196,20.47,0.217,19.34,0.231,18.21,0.239,16.79,0.241,15.45,0.24,14.34,0.232,13.46,0.221,12.66,0.206,11.97,0.187,11.36,0.165,10.59,0.138,9.67,0.097,9.1,0.054,8.57
gwssf_10x4.7,gwssf,2,10.0,4.7,gwssf_10x4.7_static_jb0875.txt,2743.0,0.1235,0.0532,1.316094357629554,134.20427542836282,6.583244360261175,0.19991576882273607,20.385735069849144,0.117,13.11,0.127,19.41,0.15,21.55,0.173,21.48,0.196,20.47,0.217,19.34,0.231,18.21,0.239,16.79,0.241,15.45,0.24,14.34,0.232,13.46,0.221,12.66,0.206,11.97,0.187,11.36,0.165,10.59,0.138,9.67,0.097,9.1,0.054,8.57
gwssf_10x4.7,gwssf,2,10.0,4.7,gwssf_10x4.7_static_jb0875.txt,3023.0,0.1261,0.0538,1.6321491205370133,166.43289202092595,8.911434879938188,0.18315222436415698,18.6763292627102,0.117,13.11,0.127,19.41,0.15,21.55,0.173,21.48,0.196,20.47,0.217,19.34,0.231,18.21,0.239,16.79,0.241,15.45,0.24,14.34,0.232,13.46,0.221,12.66,0.206,11.97,0.187,11.36,0.165,10.59,0.138,9.67,0.097,9.1,0.054,8.57
gwssf_10x4.7,gwssf,2,10.0,4.7,gwssf_10x4.7_static_jb0875.txt,3302.0,0.1276,0.0543,1.9704856054197573,200.93361192861553,11.721466671168546,0.16810913349833498,17.142360897792315,0.117,13.11,0.127,19.41,0.15,21.55,0.173,21.48,0.196,20.47,0.217,19.34,0.231,18.21,0.239,16.79,0.241,15.45,0.24,14.34,0.232,13.46,0.221,12.66,0.206,11.97,0.187,11.36,0.165,10.59,0.138,9.67,0.097,9.1,0.054,8.57
gwssf_10x4.7,gwssf,2,10.0,4.7,gwssf_10x4.7_static_jb0875.txt,3578.0,0.1288,0.0544,2.3354199721087125,238.14656096717155,14.940695994519704,0.1563126626072408,15.939455635435221,0.117,13.11,0.127,19.41,0.15,21.55,0.173,21.48,0.196,20.47,0.217,19.34,0.231,18.21,0.239,16.79,0.241,15.45,0.24,14.34,0.232,13.46,0.221,12.66,0.206,11.97,0.187,11.36,0.165,10.59,0.138,9.67,0.097,9.1,0.054,8.57
gwssf_10x4.7,gwssf,2,10.0,4.7,gwssf_10x4.7_static_jb0875.txt,3862.0,0.1302,0.0548,2.7504514132151057,280.4679899063499,18.926411897900802,0.14532344683464107,14.81886748631195,0.117,13.11,0.127,19.41,0.15,21.55,0.173,21.48,0.196,20.47,0.217,19.34,0.231,18.21,0.239,16.79,0.241,15.45,0.24,14.34,0.232,13.46,0.221,12.66,0.206,11.97,0.187,11.36,0.165,10.59,0.138,9.67,0.097,9.1,0.054,8.57
gwssf_10x4.7,gwssf,2,10.0,4.7,gwssf_10x4.7_static_jb0875.txt,4122.0,0.1313,0.0552,3.1597240471220864,322.2021839386627,23.180028239119565,0.1363123467550228,13.899991001516605,0.117,13.11,0.127,19.41,0.15,21.55,0.173,21.48,0.196,20.47,0.217,19.34,0.231,18.21,0.239,16.79,0.241,15.45,0.24,14.34,0.232,13.46,0.221,12.66,0.206,11.97,0.187,11.36,0.165,10.59,0.138,9.67,0.097,9.1,0.054,8.57
gwssf_10x4.7,gwssf,2,10.0,4.7,gwssf_10x4.7_static_jb0875.txt,4395.0,0.1327,0.0556,3.6304222153903627,370.20003929888014,28.30103708652271,0.12827876958329604,13.08079411249469,0.117,13.11,0.127,19.41,0.15,21.55,0.173,21.48,0.196,20.47,0.217,19.34,0.231,18.21,0.239,16.79,0.241,15.45,0.24,14.34,0.232,13.46,0.221,12.66,0.206,11.97,0.187,11.36,0.165,10.59,0.138,9.67,0.097,9.1,0.054,8.57
gwssf_10x4.7,gwssf,2,10.0,4.7,gwssf_10x4.7_static_jb0875.txt,4668.0,0.1331,0.0558,4.107789728625298,418.8779785783421,34.03123121487838,0.12070646820528143,12.308634264023029,0.117,13.11,0.127,19.41,0.15,21.55,0.173,21.48,0.196,20.47,0.217,19.34,0.231,18.21,0.239,16.79,0.241,15.45,0.24,14.34,0.232,13.46,0.221,12.66,0.206,11.97,0.187,11.36,0.165,10.59,0.138,9.67,0.097,9.1,0.054,8.57
gwssf_10x4.7,gwssf,2,10.0,4.7,gwssf_10x4.7_static_jb0875.txt,4965.0,0.1345,0.0563,4.696012501663673,478.8600084293488,41.315886338573,0.11366118260615457,11.590215068974071,0.117,13.11,0.127,19.41,0.15,21.55,0.173,21.48,0.196,20.47,0.217,19.34,0.231,18.21,0.239,16.79,0.241,15.45,0.24,14.34,0.232,13.46,0.221,12.66,0.206,11.97,0.187,11.36,0.165,10.59,0.138,9.67,0.097,9.1,0.054,8.57
gwssf_10x4.7,gwssf,2,10.0,4.7,gwssf_10x4.7_static_jb0875.txt,5243.0,0.1354,0.0567,5.271653225250074,537.5590262984888,48.997458380594345,0.10759034038667474,10.971161445210623,0.117,13.11,0.127,19.41,0.15,21.55,0.173,21.48,0.196,20.47,0.217,19.34,0.231,18.21,0.239,16.79,0.241,15.45,0.24,14.34,0.232,13.46,0.221,12.66,0.206,11.97,0.187,11.36,0.165,10.59,0.138,9.67,0.097,9.1,0.054,8.57
gwssf_10x4.7,gwssf,2,10.0,4.7,gwssf_10x4.7_static_jb0875.txt,5492.0,0.1364,0.0571,5.826984755073494,594.1870827523665,56.71247679697667,0.10274608135936905,10.477184498209793,0.117,13.11,0.127,19.41,0.15,21.55,0.173,21.48,0.196,20.47,0.217,19.34,0.231,18.21,0.239,16.79,0.241,15.45,0.24,14.34,0.232,13.46,0.221,12.66,0.206,11.97,0.187,11.36,0.165,10.59,0.138,9.67,0.097,9.1,0.054,8.57
gwssf_10x4.7,gwssf,2,10.0,4.7,gwssf_10x4.7_static_jb0875.txt,5763.0,0.1358,0.057,6.388008178952023,651.395550871299,65.41413984497801,0.09765485251492526,9.95802363854377,0.117,13.11,0.127,19.41,0.15,21.55,0.173,21.48,0.196,20.47,0.217,19.34,0.231,18.21,0.239,16.79,0.241,15.45,0.24,14.34,0.232,13.46,0.221,12.66,0.206,11.97,0.187,11.36,0.165,10.59,0.138,9.67,0.097,9.1,0.054,8.57
gwssf_10x4.7,gwssf,2,10.0,4.7,gwssf_10x4.7_static_jb0875.txt,6044.0,0.1371,0.0576,7.093406042246312,723.3261146514164,76.25121550502598,0.09302679301917176,9.48609290829914,0.117,13.11,0.127,19.41,0.15,21.55,0.173,21.48,0.196,20.47,0.217,19.34,0.231,18.21,0.239,16.79,0.241,15.45,0.24,14.34,0.232,13.46,0.221,12.66,0.206,11.97,0.187,11.36,0.165,10.59,0.138,9.67,0.097,9.1,0.054,8.57
gwssf_10x4.7,gwssf,2,10.0,4.7,gwssf_10x4.7_static_jb0875.txt,6298.0,0.1374,0.0577,7.718990381039154,787.1179639366302,86.42406758467723,0.08931528678022685,9.107624599657056,0.117,13.11,0.127,19.41,0.15,21.55,0.173,21.48,0.196,20.47,0.217,19.34,0.231,18.21,0.239,16.79,0.241,15.45,0.24,14.34,0.232,13.46,0.221,12.66,0.206,11.97,0.187,11.36,0.165,10.59,0.138,9.67,0.097,9.1,0.054,8.57
gwssf_10x8,gwssf,2,10.0,8.0,gwssf_10x8_static_jb0880.txt,2189.0,0.1492,0.0738,1.012578730537767,103.25429484459698,4.641352647930291,0.2181645755767565,22.24659548130672,0.109,20.01,0.125,20.41,0.145,20.62,0.167,20.61,0.188,20.72,0.205,21.02,0.219,21.41,0.228,21.68,0.232,21.61,0.231,21.01,0.225,19.87,0.214,18.55,0.2,17.29,0.181,16.1,0.159,14.95,0.133,13.76,0.089,11.88,0.044,9.92
gwssf_10x8,gwssf,2,10.0,8.0,gwssf_10x8_static_jb0880.txt,2438.0,0.1503,0.074,1.2653038735247852,129.02508741769975,6.429596874840299,0.1967936556763076,20.06736813043268,0.109,20.01,0.125,20.41,0.145,20.62,0.167,20.61,0.188,20.72,0.205,21.02,0.219,21.41,0.228,21.68,0.232,21.61,0.231,21.01,0.225,19.87,0.214,18.55,0.2,17.29,0.181,16.1,0.159,14.95,0.133,13.76,0.089,11.88,0.044,9.92
gwssf_10x8,gwssf,2,10.0,8.0,gwssf_10x8_static_jb0880.txt,2678.0,0.1515,0.0741,1.5388710607650673,156.9211770344682,8.532982336974476,0.18034387040706124,18.38995685652708,0.109,20.01,0.125,20.41,0.145,20.62,0.167,20.61,0.188,20.72,0.205,21.02,0.219,21.41,0.228,21.68,0.232,21.61,0.231,21.01,0.225,19.87,0.214,18.55,0.2,17.29,0.181,16.1,0.159,14.95,0.133,13.76,0.089,11.88,0.044,9.92
gwssf_10x8,gwssf,2,10.0,8.0,gwssf_10x8_static_jb0880.txt,2911.0,0.1515,0.074,1.8182998300133386,185.41498167196124,10.944835957530616,0.16613312772058988,16.94086438494184,0.109,20.01,0.125,20.41,0.145,20.62,0.167,20.61,0.188,20.72,0.205,21.02,0.219,21.41,0.228,21.68,0.232,21.61,0.231,21.01,0.225,19.87,0.214,18.55,0.2,17.29,0.181,16.1,0.159,14.95,0.133,13.76,0.089,11.88,0.044,9.92
gwssf_10x8,gwssf,2,10.0,8.0,gwssf_10x8_static_jb0880.txt,3140.0,0.1524,0.0746,2.128201365767681,217.01614371550744,13.847733353413464,0.15368590017246972,15.671600411197478,0.109,20.01,0.125,20.41,0.145,20.62,0.167,20.61,0.188,20.72,0.205,21.02,0.219,21.41,0.228,21.68,0.232,21.61,0.231,21.01,0.225,19.87,0.214,18.55,0.2,17.29,0.181,16.1,0.159,14.95,0.133,13.76,0.089,11.88,0.044,9.92
gwssf_10x8,gwssf,2,10.0,8.0,gwssf_10x8_static_jb0880.txt,3368.0,0.1534,0.0751,2.4645519650484946,251.31435964865625,17.203115538696416,0.14326195505138417,14.608653826881167,0.109,20.01,0.125,20.41,0.145,20.62,0.167,20.61,0.188,20.72,0.205,21.02,0.219,21.41,0.228,21.68,0.232,21.61,0.231,21.01,0.225,19.87,0.214,18.55,0.2,17.29,0.181,16.1,0.159,14.95,0.133,13.76,0.089,11.88,0.044,9.92
gwssf_10x8,gwssf,2,10.0,8.0,gwssf_10x8_static_jb0880.txt,3601.0,0.1537,0.0749,2.8228549616188894,287.8510971247969,20.970177303907587,0.13461283234323812,13.726688761527956,0.109,20.01,0.125,20.41,0.145,20.62,0.167,20.61,0.188,20.72,0.205,21.02,0.219,21.41,0.228,21.68,0.232,21.61,0.231,21.01,0.225,19.87,0.214,18.55,0.2,17.29,0.181,16.1,0.159,14.95,0.133,13.76,0.089,11.88,0.044,9.92
gwssf_10x8,gwssf,2,10.0,8.0,gwssf_10x8_static_jb0880.txt,3855.0,0.155,0.0755,3.2624879580735344,332.6811865492839,25.934090345157863,0.12579920539540618,12.827948932143617,0.109,20.01,0.125,20.41,0.145,20.62,0.167,20.61,0.188,20.72,0.205,21.02,0.219,21.41,0.228,21.68,0.232,21.61,0.231,21.01,0.225,19.87,0.214,18.55,0.2,17.29,0.181,16.1,0.159,14.95,0.133,13.76,0.089,11.88,0.044,9.92
gwssf_10x8,gwssf,2,10.0,8.0,gwssf_10x8_static_jb0880.txt,4074.0,0.1545,0.075,3.6319426943500517,370.3550850035488,30.407117899212434,0.11944383240754697,12.179881244619414,0.109,20.01,0.125,20.41,0.145,20.62,0.167,20.61,0.188,20.72,0.205,21.02,0.219,21.41,0.228,21.68,0.232,21.61,0.231,21.01,0.225,19.87,0.214,18.55,0.2,17.29,0.181,16.1,0.159,14.95,0.133,13.76,0.089,11.88,0.044,9.92
gwssf_10x8,gwssf,2,10.0,8.0,gwssf_10x8_static_jb0880.txt,4309.0,0.1552,0.0755,4.081437585311792,416.1908077999921,36.21824102484063,0.11269011055817146,11.491193277844266,0.109,20.01,0.125,20.41,0.145,20.62,0.167,20.61,0.188,20.72,0.205,21.02,0.219,21.41,0.228,21.68,0.232,21.61,0.231,21.01,0.225,19.87,0.214,18.55,0.2,17.29,0.181,16.1,0.159,14.95,0.133,13.76,0.089,11.88,0.044,9.92
gwssf_10x8,gwssf,2,10.0,8.0,gwssf_10x8_static_jb0880.txt,4537.0,0.1557,0.0758,4.539359990606501,462.8858978964786,42.444992783524434,0.10694689038487742,10.905547805303282,0.109,20.01,0.125,20.41,0.145,20.62,0.167,20.61,0.188,20.72,0.205,21.02,0.219,21.41,0.228,21.68,0.232,21.61,0.231,21.01,0.225,19.87,0.214,18.55,0.2,17.29,0.181,16.1,0.159,14.95,0.133,13.76,0.089,11.88,0.044,9.92
gwssf_10x8,gwssf,2,10.0,8.0,gwssf_10x8_static_jb0880.txt,4791.0,0.1566,0.0763,5.091110858336264,519.1488284313465,50.309959901275654,0.10119489000441788,10.319007000802301,0.109,20.01,0.125,20.41,0.145,20.62,0.167,20.61,0.188,20.72,0.205,21.02,0.219,21.41,0.228,21.68,0.232,21.61,0.231,21.01,0.225,19.87,0.214,18.55,0.2,17.29,0.181,16.1,0.159,14.95,0.133,13.76,0.089,11.88,0.044,9.92
gwssf_10x8,gwssf,2,10.0,8.0,gwssf_10x8_static_jb0880.txt,5021.0,0.1567,0.0765,5.595229357086306,570.5546090750977,58.06080058733338,0.09636844997805573,9.82684708621759,0.109,20.01,0.125,20.41,0.145,20.62,0.167,20.61,0.188,20.72,0.205,21.02,0.219,21.41,0.228,21.68,0.232,21.61,0.231,21.01,0.225,19.87,0.214,18.55,0.2,17.29,0.181,16.1,0.159,14.95,0.133,13.76,0.089,11.88,0.044,9.92
gwssf_10x8,gwssf,2,10.0,8.0,gwssf_10x8_static_jb0880.txt,5247.0,0.157,0.0767,6.1219564416012915,624.2658238645503,66.43232882992838,0.09215327159874144,9.39701851281951,0.109,20.01,0.125,20.41,0.145,20.62,0.167,20.61,0.188,20.72,0.205,21.02,0.219,21.41,0.228,21.68,0.232,21.61,0.231,21.01,0.225,19.87,0.214,18.55,0.2,17.29,0.181,16.1,0.159,14.95,0.133,13.76,0.089,11.88,0.044,9.92
gwssf_10x8,gwssf,2,10.0,8.0,gwssf_10x8_static_jb0880.txt,5466.0,0.1581,0.0773,6.690207364896708,682.2112918169516,75.69013792748378,0.08838941965340816,9.013212427629025,0.109,20.01,0.125,20.41,0.145,20.62,0.167,20.61,0.188,20.72,0.205,21.02,0.219,21.41,0.228,21.68,0.232,21.61,0.231,21.01,0.225,19.87,0.214,18.55,0.2,17.29,0.181,16.1,0.159,14.95,0.133,13.76,0.089,11.88,0.044,9.92
gwssf_10x8,gwssf,2,10.0,8.0,gwssf_10x8_static_jb0880.txt,5703.0,0.1584,0.0776,7.2967652565558865,744.0629834404091,86.30237682963043,0.08454883312148441,8.621581592234293,0.109,20.01,0.125,20.41,0.145,20.62,0.167,20.61,0.188,20.72,0.205,21.02,0.219,21.41,0.228,21.68,0.232,21.61,0.231,21.01,0.225,19.87,0.214,18.55,0.2,17.29,0.181,16.1,0.159,14.95,0.133,13.76,0.089,11.88,0.044,9.92
gwssf_11x4.7,gwssf,2,11.0,4.7,gwssf_11x4.7_static_jb0563.txt,2014.0,0.1004,0.0416,0.8444848062998769,86.11348485975098,3.281603269520859,0.2573390921880629,26.241284453718947,0.103,17.31,0.121,19.83,0.145,20.88,0.17,20.51,0.193,19.91,0.211,18.73,0.223,17.05,0.228,15.34,0.231,13.87,0.229,12.81,0.225,12.02,0.217,11.35,0.204,10.73,0.187,10.21,0.166,9.66,0.139,9.22,0.097,8.93,0.055,8.66
gwssf_11x4.7,gwssf,2,11.0,4.7,gwssf_11x4.7_static_jb0563.txt,2290.0,0.1034,0.0426,1.1244255321012935,114.6594945370023,4.940039170760076,0.22761469964787526,23.210239954303997,0.103,17.31,0.121,19.83,0.145,20.88,0.17,20.51,0.193,19.91,0.211,18.73,0.223,17.05,0.228,15.34,0.231,13.87,0.229,12.81,0.225,12.02,0.217,11.35,0.204,10.73,0.187,10.21,0.166,9.66,0.139,9.22,0.097,8.93,0.055,8.66
gwssf_11x4.7,gwssf,2,11.0,4.7,gwssf_11x4.7_static_jb0563.txt,2583.0,0.1062,0.0435,1.469306920467792,149.8276088641679,7.238970751770188,0.2029717995625958,20.697363479128533,0.103,17.31,0.121,19.83,0.145,20.88,0.17,20.51,0.193,19.91,0.211,18.73,0.223,17.05,0.228,15.34,0.231,13.87,0.229,12.81,0.225,12.02,0.217,11.35,0.204,10.73,0.187,10.21,0.166,9.66,0.139,9.22,0.097,8.93,0.055,8.66
gwssf_11x4.7,gwssf,2,11.0,4.7,gwssf_11x4.7_static_jb0563.txt,2871.0,0.1079,0.0438,1.8442807137630228,188.06429451066603,10.008938815776387,0.18426336175179855,18.789633743612608,0.103,17.31,0.121,19.83,0.145,20.88,0.17,20.51,0.193,19.91,0.211,18.73,0.223,17.05,0.228,15.34,0.231,13.87,0.229,12.81,0.225,12.02,0.217,11.35,0.204,10.73,0.187,10.21,0.166,9.66,0.139,9.22,0.097,8.93,0.055,8.66
gwssf_11x4.7,gwssf,2,11.0,4.7,gwssf_11x4.7_static_jb0563.txt,3131.0,0.1112,0.045,2.260529180191708,230.50982549511892,13.337550078052324,0.16948608754703262,17.282771134590572,0.103,17.31,0.121,19.83,0.145,20.88,0.17,20.51,0.193,19.91,0.211,18.73,0.223,17.05,0.228,15.34,0.231,13.87,0.229,12.81,0.225,12.02,0.217,11.35,0.204,10.73,0.187,10.21,0.166,9.66,0.139,9.22,0.097,8.93,0.055,8.66
gwssf_11x4.7,gwssf,2,11.0,4.7,gwssf_11x4.7_static_jb0563.txt,3414.0,0.114,0.0468,2.755313879688108,280.9638234961081,17.982528192612598,0.15322171889156377,15.624267093407411,0.103,17.31,0.121,19.83,0.145,20.88,0.17,20.51,0.193,19.91,0.211,18.73,0.223,17.05,0.228,15.34,0.231,13.87,0.229,12.81,0.225,12.02,0.217,11.35,0.204,10.73,0.187,10.21,0.166,9.66,0.139,9.22,0.097,8.93,0.055,8.66
gwssf_11x4.7,gwssf,2,11.0,4.7,gwssf_11x4.7_static_jb0563.txt,3696.0,0.1154,0.0469,3.2689549004951353,333.340631152854,22.8656250045405,0.142963723923838,14.578242715283814,0.103,17.31,0.121,19.83,0.145,20.88,0.17,20.51,0.193,19.91,0.211,18.73,0.223,17.05,0.228,15.34,0.231,13.87,0.229,12.81,0.225,12.02,0.217,11.35,0.204,10.73,0.187,10.21,0.166,9.66,0.139,9.22,0.097,8.93,0.055,8.66
gwssf_11x4.7,gwssf,2,11.0,4.7,gwssf_11x4.7_static_jb0563.txt,3960.0,0.1172,0.0468,3.811159972679619,388.6301614393926,28.063753515848276,0.13580364331974928,13.848117687462008,0.103,17.31,0.121,19.83,0.145,20.88,0.17,20.51,0.193,19.91,0.211,18.73,0.223,17.05,0.228,15.34,0.231,13.87,0.229,12.81,0.225,12.02,0.217,11.35,0.204,10.73,0.187,10.21,0.166,9.66,0.139,9.22,0.097,8.93,0.055,8.66
gwssf_11x4.7,gwssf,2,11.0,4.7,gwssf_11x4.7_static_jb0563.txt,4241.0,0.1185,0.0472,4.419713219230536,450.685322636225,34.76651526610849,0.12712557428897722,12.963200918660014,0.103,17.31,0.121,19.83,0.145,20.88,0.17,20.51,0.193,19.91,0.211,18.73,0.223,17.05,0.228,15.34,0.231,13.87,0.229,12.81,0.225,12.02,0.217,11.35,0.204,10.73,0.187,10.21,0.166,9.66,0.139,9.22,0.097,8.93,0.055,8.66
gwssf_11x4.7,gwssf,2,11.0,4.7,gwssf_11x4.7_static_jb0563.txt,4513.0,0.1198,0.0476,5.059722284305711,515.9480846472253,42.24908421865868,0.1197593362762443,12.212053685636208,0.103,17.31,0.121,19.83,0.145,20.88,0.17,20.51,0.193,19.91,0.211,18.73,0.223,17.05,0.228,15.34,0.231,13.87,0.229,12.81,0.225,12.02,0.217,11.35,0.204,10.73,0.187,10.21,0.166,9.66,0.139,9.22,0.097,8.93,0.055,8.66
gwssf_11x4.7,gwssf,2,11.0,4.7,gwssf_11x4.7_static_jb0563.txt,4800.0,0.1209,0.0479,5.776276456115181,589.0162752943342,51.15329008705909,0.1129209176239571,11.514729048549414,0.103,17.31,0.121,19.83,0.145,20.88,0.17,20.51,0.193,19.91,0.211,18.73,0.223,17.05,0.228,15.34,0.231,13.87,0.229,12.81,0.225,12.02,0.217,11.35,0.204,10.73,0.187,10.21,0.166,9.66,0.139,9.22,0.097,8.93,0.055,8.66
gwssf_11x4.7,gwssf,2,11.0,4.7,gwssf_11x4.7_static_jb0563.txt,5092.0,0.1219,0.0483,6.554200014736777,668.3424018127268,61.578153535738274,0.10643709884761157,10.853563535724389,0.103,17.31,0.121,19.83,0.145,20.88,0.17,20.51,0.193,19.91,0.211,18.73,0.223,17.05,0.228,15.34,0.231,13.87,0.229,12.81,0.225,12.02,0.217,11.35,0.204,10.73,0.187,10.21,0.166,9.66,0.139,9.22,0.097,8.93,0.055,8.66
gwssf_11x4.7,gwssf,2,11.0,4.7,gwssf_11x4.7_static_jb0563.txt,5383.0,0.1228,0.0486,7.37880989499897,752.4292082412416,73.20213623950242,0.10080047214547146,10.27878757225673,0.103,17.31,0.121,19.83,0.145,20.88,0.17,20.51,0.193,19.91,0.211,18.73,0.223,17.05,0.228,15.34,0.231,13.87,0.229,12.81,0.225,12.02,0.217,11.35,0.204,10.73,0.187,10.21,0.166,9.66,0.139,9.22,0.097,8.93,0.055,8.66
gwssf_11x4.7,gwssf,2,11.0,4.7,gwssf_11x4.7_static_jb0563.txt,5657.0,0.1234,0.0489,8.188921580896581,835.0376102845092,85.48339102562693,0.09579546953678567,9.768419341649357,0.103,17.31,0.121,19.83,0.145,20.88,0.17,20.51,0.193,19.91,0.211,18.73,0.223,17.05,0.228,15.34,0.231,13.87,0.229,12.81,0.225,12.02,0.217,11.35,0.204,10.73,0.187,10.21,0.166,9.66,0.139,9.22,0.097,8.93,0.055,8.66
gwssf_11x4.7,gwssf,2,11.0,4.7,gwssf_11x4.7_static_jb0563.txt,5947.0,0.1243,0.0494,9.116039549666409,929.577332694285,100.33099306403179,0.09085965633618819,9.265106467161385,0.103,17.31,0.121,19.83,0.145,20.88,0.17,20.51,0.193,19.91,0.211,18.73,0.223,17.05,0.228,15.34,0.231,13.87,0.229,12.81,0.225,12.02,0.217,11.35,0.204,10.73,0.187,10.21,0.166,9.66,0.139,9.22,0.097,8.93,0.055,8.66
gwssf_11x4.7,gwssf,2,11.0,4.7,gwssf_11x4.7_static_jb0563.txt,6192.0,0.1248,0.0497,9.922375897415508,1011.8007573856015,113.93668466893178,0.08708675284213477,8.88037738087265,0.103,17.31,0.121,19.83,0.145,20.88,0.17,20.51,0.193,19.91,0.211,18.73,0.223,17.05,0.228,15.34,0.231,13.87,0.229,12.81,0.225,12.02,0.217,11.35,0.204,10.73,0.187,10.21,0.166,9.66,0.139,9.22,0.097,8.93,0.055,8.66
gwssf_11x8,gwssf,2,11.0,8.0,gwssf_11x8_static_kt0649.txt,1873.0,0.1392,0.0684,1.0126374508611318,103.26028265117363,4.339940548484632,0.23332979785050562,23.793017783902314,0.092,21.24,0.105,21.38,0.124,21.61,0.146,21.77,0.17,21.83,0.191,21.89,0.207,21.84,0.218,21.77,0.224,21.46,0.224,20.69,0.219,19.44,0.21,18.23,0.197,17.21,0.18,16.22,0.159,15.45,0.134,14.66,0.099,13.65,0.063,12.64
gwssf_11x8,gwssf,2,11.0,8.0,gwssf_11x8_static_kt0649.txt,2159.0,0.1412,0.0687,1.364831937057697,139.17412542078048,6.676194958903599,0.2044326065160082,20.846324332571083,0.092,21.24,0.105,21.38,0.124,21.61,0.146,21.77,0.17,21.83,0.191,21.89,0.207,21.84,0.218,21.77,0.224,21.46,0.224,20.69,0.219,19.44,0.21,18.23,0.197,17.21,0.18,16.22,0.159,15.45,0.134,14.66,0.099,13.65,0.063,12.64
gwssf_11x8,gwssf,2,11.0,8.0,gwssf_11x8_static_kt0649.txt,2409.0,0.1429,0.0697,1.7196696391206534,175.35750119772334,9.409304528514634,0.18276267219423528,18.636605996363212,0.092,21.24,0.105,21.38,0.124,21.61,0.146,21.77,0.17,21.83,0.191,21.89,0.207,21.84,0.218,21.77,0.224,21.46,0.224,20.69,0.219,19.44,0.21,18.23,0.197,17.21,0.18,16.22,0.159,15.45,0.134,14.66,0.099,13.65,0.063,12.64
gwssf_11x8,gwssf,2,11.0,8.0,gwssf_11x8_static_kt0649.txt,2672.0,0.1451,0.0709,2.1482237569777523,219.0578594094571,13.060804928423403,0.16447866488708585,16.772156127432496,0.092,21.24,0.105,21.38,0.124,21.61,0.146,21.77,0.17,21.83,0.191,21.89,0.207,21.84,0.218,21.77,0.224,21.46,0.224,20.69,0.219,19.44,0.21,18.23,0.197,17.21,0.18,16.22,0.159,15.45,0.134,14.66,0.099,13.65,0.063,12.64
gwssf_11x8,gwssf,2,11.0,8.0,gwssf_11x8_static_kt0649.txt,2920.0,0.1455,0.0713,2.572574089950257,262.32955086092164,17.141642392167313,0.15007745647090193,15.3036415565868,0.092,21.24,0.105,21.38,0.124,21.61,0.146,21.77,0.17,21.83,0.191,21.89,0.207,21.84,0.218,21.77,0.224,21.46,0.224,20.69,0.219,19.44,0.21,18.23,0.197,17.21,0.18,16.22,0.159,15.45,0.134,14.66,0.099,13.65,0.063,12.64
gwssf_11x8,gwssf,2,11.0,8.0,gwssf_11x8_static_kt0649.txt,3172.0,0.1474,0.0725,3.0754100968577234,313.6045537321842,22.34353522804604,0.13764205464663481,14.035583471076752,0.092,21.24,0.105,21.38,0.124,21.61,0.146,21.77,0.17,21.83,0.191,21.89,0.207,21.84,0.218,21.77,0.224,21.46,0.224,20.69,0.219,19.44,0.21,18.23,0.197,17.21,0.18,16.22,0.159,15.45,0.134,14.66,0.099,13.65,0.063,12.64
gwssf_11x8,gwssf,2,11.0,8.0,gwssf_11x8_static_kt0649.txt,3423.0,0.148,0.0733,3.5959588121853865,366.6857501986292,28.38827597165821,0.126670559909149,12.91680236463512,0.092,21.24,0.105,21.38,0.124,21.61,0.146,21.77,0.17,21.83,0.191,21.89,0.207,21.84,0.218,21.77,0.224,21.46,0.224,20.69,0.219,19.44,0.21,18.23,0.197,17.21,0.18,16.22,0.159,15.45,0.134,14.66,0.099,13.65,0.063,12.64
gwssf_11x8,gwssf,2,11.0,8.0,gwssf_11x8_static_kt0649.txt,3693.0,0.1492,0.074,4.2195548192230845,430.27484607109307,35.99017754712625,0.11724184504780272,11.955341023469048,0.092,21.24,0.105,21.38,0.124,21.61,0.146,21.77,0.17,21.83,0.191,21.89,0.207,21.84,0.218,21.77,0.224,21.46,0.224,20.69,0.219,19.44,0.21,18.23,0.197,17.21,0.18,16.22,0.159,15.45,0.134,14.66,0.099,13.65,0.063,12.64
gwssf_11x8,gwssf,2,11.0,8.0,gwssf_11x8_static_kt0649.txt,3929.0,0.15,0.0748,4.801694349689867,489.63655781432675,43.80886793714669,0.10960553366909498,11.176653971447436,0.092,21.24,0.105,21.38,0.124,21.61,0.146,21.77,0.17,21.83,0.191,21.89,0.207,21.84,0.218,21.77,0.224,21.46,0.224,20.69,0.219,19.44,0.21,18.23,0.197,17.21,0.18,16.22,0.159,15.45,0.134,14.66,0.099,13.65,0.063,12.64
gwssf_11x8,gwssf,2,11.0,8.0,gwssf_11x8_static_kt0649.txt,4202.0,0.1505,0.0757,5.51045919921113,561.9104586388961,54.23484085944554,0.10160367601136656,10.36069157269471,0.092,21.24,0.105,21.38,0.124,21.61,0.146,21.77,0.17,21.83,0.191,21.89,0.207,21.84,0.218,21.77,0.224,21.46,0.224,20.69,0.219,19.44,0.21,18.23,0.197,17.21,0.18,16.22,0.159,15.45,0.134,14.66,0.099,13.65,0.063,12.64
gwssf_11x8,gwssf,2,11.0,8.0,gwssf_11x8_static_kt0649.txt,4434.0,0.1515,0.0768,6.176510804193122,629.828820666907,64.64912225396907,0.0955389739079392,9.742264066520086,0.092,21.24,0.105,21.38,0.124,21.61,0.146,21.77,0.17,21.83,0.191,21.89,0.207,21.84,0.218,21.77,0.224,21.46,0.224,20.69,0.219,19.44,0.21,18.23,0.197,17.21,0.18,16.22,0.159,15.45,0.134,14.66,0.099,13.65,0.063,12.64
gwssf_11x8,gwssf,2,11.0,8.0,gwssf_11x8_static_kt0649.txt,4693.0,0.1497,0.0814,6.836945276980464,697.1743946179853,81.24383471854291,0.08415340438651174,8.581259083021394,0.092,21.24,0.105,21.38,0.124,21.61,0.146,21.77,0.17,21.83,0.191,21.89,0.207,21.84,0.218,21.77,0.224,21.46,0.224,20.69,0.219,19.44,0.21,18.23,0.197,17.21,0.18,16.22,0.159,15.45,0.134,14.66,0.099,13.65,0.063,12.64
gwssf_11x8,gwssf,2,11.0,8.0,gwssf_11x8_static_kt0649.txt,4944.0,0.1485,0.0846,7.527011383833338,767.5415543364288,98.72339814102237,0.07624343899792943,7.77466708793823,0.092,21.24,0.105,21.38,0.124,21.61,0.146,21.77,0.17,21.83,0.191,21.89,0.207,21.84,0.218,21.77,0.224,21.46,0.224,20.69,0.219,19.44,0.21,18.23,0.197,17.21,0.18,16.22,0.159,15.45,0.134,14.66,0.099,13.65,0.063,12.64
gwssf_11x8,gwssf,2,11.0,8.0,gwssf_11x8_static_kt0649.txt,5231.0,0.1462,0.086,8.295756723889058,845.9317630270336,118.86854800286498,0.06978933337091922,7.116531473124791,0.092,21.24,0.105,21.38,0.124,21.61,0.146,21.77,0.17,21.83,0.191,21.89,0.207,21.84,0.218,21.77,0.224,21.46,0.224,20.69,0.219,19.44,0.21,18.23,0.197,17.21,0.18,16.22,0.159,15.45,0.134,14.66,0.099,13.65,0.063,12.64
gwssf_11x8,gwssf,2,11.0,8.0,gwssf_11x8_static_kt0649.txt,5487.0,0.1475,0.0832,9.20875960303858,939.0321468634631,132.7218887084619,0.06938388002650131,7.075186738233884,0.092,21.24,0.105,21.38,0.124,21.61,0.146,21.77,0.17,21.83,0.191,21.89,0.207,21.84,0.218,21.77,0.224,21.46,0.224,20.69,0.219,19.44,0.21,18.23,0.197,17.21,0.18,16.22,0.159,15.45,0.134,14.66,0.099,13.65,0.063,12.64
gwssf_11x8,gwssf,2,11.0,8.0,gwssf_11x8_static_kt0649.txt,5719.0,0.1547,0.0831,10.492275894316531,1069.9143840472059,150.0982607293,0.06990271468394425,7.1280931494388255,0.092,21.24,0.105,21.38,0.124,21.61,0.146,21.77,0.17,21.83,0.191,21.89,0.207,21.84,0.218,21.77,0.224,21.46,0.224,20.69,0.219,19.44,0.21,18.23,0.197,17.21,0.18,16.22,0.159,15.45,0.134,14.66,0.099,13.65,0.063,12.64
gwssf_9x4.7,gwssf,2,9.0,4.7,gwssf_9x4.7_static_kt0965.txt,2680.0,0.1101,0.0494,0.7348444174043551,74.93327664435411,3.3666254244802905,0.21827329291252942,22.25768156429866,0.086,31.66,0.098,28.22,0.125,25.36,0.157,23.58,0.185,22.05,0.206,20.54,0.217,19.09,0.224,17.68,0.227,16.5,0.226,15.39,0.22,14.27,0.211,13.23,0.197,12.36,0.181,11.5,0.162,10.61,0.134,9.63,0.088,9.11,0.04,8.62
gwssf_9x4.7,gwssf,2,9.0,4.7,gwssf_9x4.7_static_kt0965.txt,2973.0,0.1131,0.0502,0.9289469550303224,94.72622710408983,4.670376717251788,0.19890193259976405,20.282352546462256,0.086,31.66,0.098,28.22,0.125,25.36,0.157,23.58,0.185,22.05,0.206,20.54,0.217,19.09,0.224,17.68,0.227,16.5,0.226,15.39,0.22,14.27,0.211,13.23,0.197,12.36,0.181,11.5,0.162,10.61,0.134,9.63,0.088,9.11,0.04,8.62
gwssf_9x4.7,gwssf,2,9.0,4.7,gwssf_9x4.7_static_kt0965.txt,3199.0,0.1147,0.0504,1.0907629811992603,111.2268696445025,5.841666029425282,0.18672121543835885,19.040265068943917,0.086,31.66,0.098,28.22,0.125,25.36,0.157,23.58,0.185,22.05,0.206,20.54,0.217,19.09,0.224,17.68,0.227,16.5,0.226,15.39,0.22,14.27,0.211,13.23,0.197,12.36,0.181,11.5,0.162,10.61,0.134,9.63,0.088,9.11,0.04,8.62
gwssf_9x4.7,gwssf,2,9.0,4.7,gwssf_9x4.7_static_kt0965.txt,3507.0,0.1163,0.0508,1.3291981821757828,135.54049366254358,7.757726738791922,0.17133861850653084,17.471676720034964,0.086,31.66,0.098,28.22,0.125,25.36,0.157,23.58,0.185,22.05,0.206,20.54,0.217,19.09,0.224,17.68,0.227,16.5,0.226,15.39,0.22,14.27,0.211,13.23,0.197,12.36,0.181,11.5,0.162,10.61,0.134,9.63,0.088,9.11,0.04,8.62
gwssf_9x4.7,gwssf,2,9.0,4.7,gwssf_9x4.7_static_kt0965.txt,3793.0,0.1166,0.0508,1.5588442594752605,158.95787648944957,9.814670144630846,0.1588279826528895,16.195946898572856,0.086,31.66,0.098,28.22,0.125,25.36,0.157,23.58,0.185,22.05,0.206,20.54,0.217,19.09,0.224,17.68,0.227,16.5,0.226,15.39,0.22,14.27,0.211,13.23,0.197,12.36,0.181,11.5,0.162,10.61,0.134,9.63,0.088,9.11,0.04,8.62
gwssf_9x4.7,gwssf,2,9.0,4.7,gwssf_9x4.7_static_kt0965.txt,4071.0,0.1173,0.0506,1.8065030911851376,184.21204908762297,12.086965759585798,0.14945877461036539,15.240553564200354,0.086,31.66,0.098,28.22,0.125,25.36,0.157,23.58,0.185,22.05,0.206,20.54,0.217,19.09,0.224,17.68,0.227,16.5,0.226,15.39,0.22,14.27,0.211,13.23,0.197,12.36,0.181,11.5,0.162,10.61,0.134,9.63,0.088,9.11,0.04,8.62
gwssf_9x4.7,gwssf,2,9.0,4.7,gwssf_9x4.7_static_kt0965.txt,4364.0,0.1179,0.0504,2.0865162966393904,212.7654496325851,14.830241731377695,0.14069334367117953,14.346728359957737,0.086,31.66,0.098,28.22,0.125,25.36,0.157,23.58,0.185,22.05,0.206,20.54,0.217,19.09,0.224,17.68,0.227,16.5,0.226,15.39,0.22,14.27,0.211,13.23,0.197,12.36,0.181,11.5,0.162,10.61,0.134,9.63,0.088,9.11,0.04,8.62
gwssf_9x4.7,gwssf,2,9.0,4.7,gwssf_9x4.7_static_kt0965.txt,4606.0,0.1188,0.0504,2.3420857951181215,238.82628574672512,17.436760611249465,0.13431885929586634,13.696711853269603,0.086,31.66,0.098,28.22,0.125,25.36,0.157,23.58,0.185,22.05,0.206,20.54,0.217,19.09,0.224,17.68,0.227,16.5,0.226,15.39,0.22,14.27,0.211,13.23,0.197,12.36,0.181,11.5,0.162,10.61,0.134,9.63,0.088,9.11,0.04,8.62
gwssf_9x4.7,gwssf,2,9.0,4.7,gwssf_9x4.7_static_kt0965.txt,4900.0,0.1197,0.0505,2.6706981318736553,272.33541850414315,21.035027593228392,0.1269643274788671,12.946758320003989,0.086,31.66,0.098,28.22,0.125,25.36,0.157,23.58,0.185,22.05,0.206,20.54,0.217,19.09,0.224,17.68,0.227,16.5,0.226,15.39,0.22,14.27,0.211,13.23,0.197,12.36,0.181,11.5,0.162,10.61,0.134,9.63,0.088,9.11,0.04,8.62
gwssf_9x4.7,gwssf,2,9.0,4.7,gwssf_9x4.7_static_kt0965.txt,5175.0,0.1201,0.0504,2.988836841327552,304.7765385047445,24.730054113894653,0.1208584836718277,12.324135527609092,0.086,31.66,0.098,28.22,0.125,25.36,0.157,23.58,0.185,22.05,0.206,20.54,0.217,19.09,0.224,17.68,0.227,16.5,0.226,15.39,0.22,14.27,0.211,13.23,0.197,12.36,0.181,11.5,0.162,10.61,0.134,9.63,0.088,9.11,0.04,8.62
gwssf_9x4.7,gwssf,2,9.0,4.7,gwssf_9x4.7_static_kt0965.txt,5444.0,0.12,0.05,3.304882103187391,337.00418626007774,28.561947844481555,0.1157092688909845,11.799061747995953,0.086,31.66,0.098,28.22,0.125,25.36,0.157,23.58,0.185,22.05,0.206,20.54,0.217,19.09,0.224,17.68,0.227,16.5,0.226,15.39,0.22,14.27,0.211,13.23,0.197,12.36,0.181,11.5,0.162,10.61,0.134,9.63,0.088,9.11,0.04,8.62
gwssf_9x4.7,gwssf,2,9.0,4.7,gwssf_9x4.7_static_kt0965.txt,5719.0,0.1204,0.0499,3.659360300269111,373.1509027312193,33.046411244026,0.11073396966609002,11.29172241959181,0.086,31.66,0.098,28.22,0.125,25.36,0.157,23.58,0.185,22.05,0.206,20.54,0.217,19.09,0.224,17.68,0.227,16.5,0.226,15.39,0.22,14.27,0.211,13.23,0.197,12.36,0.181,11.5,0.162,10.61,0.134,9.63,0.088,9.11,0.04,8.62
gwssf_9x4.7,gwssf,2,9.0,4.7,gwssf_9x4.7_static_kt0965.txt,6031.0,0.1197,0.0495,4.045864181316673,412.5633301195284,38.444715572815745,0.10523849951896908,10.731340418896268,0.086,31.66,0.098,28.22,0.125,25.36,0.157,23.58,0.185,22.05,0.206,20.54,0.217,19.09,0.224,17.68,0.227,16.5,0.226,15.39,0.22,14.27,0.211,13.23,0.197,12.36,0.181,11.5,0.162,10.61,0.134,9.63,0.088,9.11,0.04,8.62
gwssf_9x4.7,gwssf,2,9.0,4.7,gwssf_9x4.7_static_kt0965.txt,6268.0,0.1196,0.0493,4.366441514099299,445.2531204946949,42.98306202589344,0.10158516653534153,10.358804131415065,0.086,31.66,0.098,28.22,0.125,25.36,0.157,23.58,0.185,22.05,0.206,20.54,0.217,19.09,0.224,17.68,0.227,16.5,0.226,15.39,0.22,14.27,0.211,13.23,0.197,12.36,0.181,11.5,0.162,10.61,0.134,9.63,0.088,9.11,0.04,8.62
gwssf_9x4.7,gwssf,2,9.0,4.7,gwssf_9x4.7_static_kt0965.txt,6548.0,0.1197,0.049,4.769248854412617,486.32803805709574,48.706347179541766,0.09791842604891247,9.984900659135636,0.086,31.66,0.098,28.22,0.125,25.36,0.157,23.58,0.185,22.05,0.206,20.54,0.217,19.09,0.224,17.68,0.227,16.5,0.226,15.39,0.22,14.27,0.211,13.23,0.197,12.36,0.181,11.5,0.162,10.61,0.134,9.63,0.088,9.11,0.04,8.62
gwssf_9x4.7,gwssf,2,9.0,4.7,gwssf_9x4.7_static_kt0965.txt,6827.0,0.1192,0.0486,5.162672230405027,526.4460575634929,54.750670949253475,0.0942942276486462,9.615335272355617,0.086,31.66,0.098,28.22,0.125,25.36,0.157,23.58,0.185,22.05,0.206,20.54,0.217,19.09,0.224,17.68,0.227,16.5,0.226,15.39,0.22,14.27,0.211,13.23,0.197,12.36,0.181,11.5,0.162,10.61,0.134,9.63,0.088,9.11,0.04,8.62
gwssf_9x7,gwssf,2,9.0,7.0,gwssf_9x7_static_kt0972.txt,2917.0,0.1497,0.0815,1.1836768414532297,120.70144661563631,7.161934815460049,0.16527333352686985,16.85318977702578,0.107,27.15,0.112,20.45,0.134,20.95,0.158,21.26,0.181,21.6,0.199,21.94,0.213,22.14,0.222,22.14,0.227,21.78,0.227,21.22,0.222,20.29,0.212,19.18,0.199,17.87,0.181,16.65,0.161,15.64,0.138,14.52,0.099,12.8,0.059,11.04
gwssf_9x7,gwssf,2,9.0,7.0,gwssf_9x7_static_kt0972.txt,3138.0,0.1508,0.082,1.3798939553186291,140.71002384286473,8.970902528884533,0.1538188550010039,15.685158030622476,0.107,27.15,0.112,20.45,0.134,20.95,0.158,21.26,0.181,21.6,0.199,21.94,0.213,22.14,0.222,22.14,0.227,21.78,0.227,21.22,0.222,20.29,0.212,19.18,0.199,17.87,0.181,16.65,0.161,15.64,0.138,14.52,0.099,12.8,0.059,11.04
gwssf_9x7,gwssf,2,9.0,7.0,gwssf_9x7_static_kt0972.txt,3367.0,0.1516,0.0829,1.5970699060243225,162.8558076432138,11.203335650145771,0.14255307132599768,14.536367804091887,0.107,27.15,0.112,20.45,0.134,20.95,0.158,21.26,0.181,21.6,0.199,21.94,0.213,22.14,0.222,22.14,0.227,21.78,0.227,21.22,0.222,20.29,0.212,19.18,0.199,17.87,0.181,16.65,0.161,15.64,0.138,14.52,0.099,12.8,0.059,11.04
gwssf_9x7,gwssf,2,9.0,7.0,gwssf_9x7_static_kt0972.txt,3608.0,0.152,0.0833,1.8387180434691328,187.497060002053,13.851858799267266,0.1327416103581995,13.535877221905496,0.107,27.15,0.112,20.45,0.134,20.95,0.158,21.26,0.181,21.6,0.199,21.94,0.213,22.14,0.222,22.14,0.227,21.78,0.227,21.22,0.222,20.29,0.212,19.18,0.199,17.87,0.181,16.65,0.161,15.64,0.138,14.52,0.099,12.8,0.059,11.04
gwssf_9x7,gwssf,2,9.0,7.0,gwssf_9x7_static_kt0972.txt,3837.0,0.153,0.084,2.09321347283111,213.4483715469717,16.80034311689386,0.1245934953986889,12.705000728963398,0.107,27.15,0.112,20.45,0.134,20.95,0.158,21.26,0.181,21.6,0.199,21.94,0.213,22.14,0.222,22.14,0.227,21.78,0.227,21.22,0.222,20.29,0.212,19.18,0.199,17.87,0.181,16.65,0.161,15.64,0.138,14.52,0.099,12.8,0.059,11.04
gwssf_9x7,gwssf,2,9.0,7.0,gwssf_9x7_static_kt0972.txt,4109.0,0.154,0.0848,2.4161922975575387,246.3830459491813,20.828967574478614,0.11600153915060384,11.828865020226464,0.107,27.15,0.112,20.45,0.134,20.95,0.158,21.26,0.181,21.6,0.199,21.94,0.213,22.14,0.222,22.14,0.227,21.78,0.227,21.22,0.222,20.29,0.212,19.18,0.199,17.87,0.181,16.65,0.161,15.64,0.138,14.52,0.099,12.8,0.059,11.04
gwssf_9x7,gwssf,2,9.0,7.0,gwssf_9x7_static_kt0972.txt,4276.0,0.1551,0.0853,2.6352734285408848,268.7231040713072,23.611609314242454,0.11160922550718708,11.380973676758842,0.107,27.15,0.112,20.45,0.134,20.95,0.158,21.26,0.181,21.6,0.199,21.94,0.213,22.14,0.222,22.14,0.227,21.78,0.227,21.22,0.222,20.29,0.212,19.18,0.199,17.87,0.181,16.65,0.161,15.64,0.138,14.52,0.099,12.8,0.059,11.04
gwssf_9x7,gwssf,2,9.0,7.0,gwssf_9x7_static_kt0972.txt,4542.0,0.1559,0.0861,2.98867621372129,304.7601590473087,28.563275511447845,0.10463352539954536,10.669650227095428,0.107,27.15,0.112,20.45,0.134,20.95,0.158,21.26,0.181,21.6,0.199,21.94,0.213,22.14,0.222,22.14,0.227,21.78,0.227,21.22,0.222,20.29,0.212,19.18,0.199,17.87,0.181,16.65,0.161,15.64,0.138,14.52,0.099,12.8,0.059,11.04
gwssf_9x7,gwssf,2,9.0,7.0,gwssf_9x7_static_kt0972.txt,4769.0,0.1573,0.0872,3.3244657241992206,339.00115984553554,33.48589569182072,0.0992795819109971,10.123699929231401,0.107,27.15,0.112,20.45,0.134,20.95,0.158,21.26,0.181,21.6,0.199,21.94,0.213,22.14,0.222,22.14,0.227,21.78,0.227,21.22,0.222,20.29,0.212,19.18,0.199,17.87,0.181,16.65,0.161,15.64,0.138,14.52,0.099,12.8,0.059,11.04
gwssf_9x7,gwssf,2,9.0,7.0,gwssf_9x7_static_kt0972.txt,5008.0,0.1576,0.0875,3.6730204448224906,374.5438498184896,38.910291240417706,0.0943971460436455,9.625830027955063,0.107,27.15,0.112,20.45,0.134,20.95,0.158,21.26,0.181,21.6,0.199,21.94,0.213,22.14,0.222,22.14,0.227,21.78,0.227,21.22,0.222,20.29,0.212,19.18,0.199,17.87,0.181,16.65,0.161,15.64,0.138,14.52,0.099,12.8,0.059,11.04
gwssf_9x7,gwssf,2,9.0,7.0,gwssf_9x7_static_kt0972.txt,5259.0,0.1575,0.0877,4.047859146396149,412.7667599431151,45.16193835873707,0.08962988068055425,9.139704249723836,0.107,27.15,0.112,20.45,0.134,20.95,0.158,21.26,0.181,21.6,0.199,21.94,0.213,22.14,0.222,22.14,0.227,21.78,0.227,21.22,0.222,20.29,0.212,19.18,0.199,17.87,0.181,16.65,0.161,15.64,0.138,14.52,0.099,12.8,0.059,11.04
gwssf_9x7,gwssf,2,9.0,7.0,gwssf_9x7_static_kt0972.txt,5476.0,0.1578,0.0883,4.397161025988583,448.38563892752205,51.3351091550162,0.08565601784756147,8.734483013828521,0.107,27.15,0.112,20.45,0.134,20.95,0.158,21.26,0.181,21.6,0.199,21.94,0.213,22.14,0.222,22.14,0.227,21.78,0.227,21.22,0.222,20.29,0.212,19.18,0.199,17.87,0.181,16.65,0.161,15.64,0.138,14.52,0.099,12.8,0.059,11.04
gwssf_9x7,gwssf,2,9.0,7.0,gwssf_9x7_static_kt0972.txt,5723.0,0.1575,0.0902,4.793652433967432,488.8165106297698,59.86062446950849,0.08008022763626862,8.165910645966628,0.107,27.15,0.112,20.45,0.134,20.95,0.158,21.26,0.181,21.6,0.199,21.94,0.213,22.14,0.222,22.14,0.227,21.78,0.227,21.22,0.222,20.29,0.212,19.18,0.199,17.87,0.181,16.65,0.161,15.64,0.138,14.52,0.099,12.8,0.059,11.04
gwssf_9x7,gwssf,2,9.0,7.0,gwssf_9x7_static_kt0972.txt,5937.0,0.1581,0.0936,5.178505716003624,528.060623760777,69.34904157407802,0.07467306827120301,7.614533838895344,0.107,27.15,0.112,20.45,0.134,20.95,0.158,21.26,0.181,21.6,0.199,21.94,0.213,22.14,0.222,22.14,0.227,21.78,0.227,21.22,0.222,20.29,0.212,19.18,0.199,17.87,0.181,16.65,0.161,15.64,0.138,14.52,0.099,12.8,0.059,11.04
gwssf_9x7,gwssf,2,9.0,7.0,gwssf_9x7_static_kt0972.txt,6168.0,0.1582,0.0966,5.592856821396673,570.3126777642389,80.25529388021553,0.06968832273848814,7.1062312551674784,0.107,27.15,0.112,20.45,0.134,20.95,0.158,21.26,0.181,21.6,0.199,21.94,0.213,22.14,0.222,22.14,0.227,21.78,0.227,21.22,0.222,20.29,0.212,19.18,0.199,17.87,0.181,16.65,0.161,15.64,0.138,14.52,0.099,12.8,0.059,11.04
gwssf_9x7,gwssf,2,9.0,7.0,gwssf_9x7_static_kt0972.txt,6431.0,0.1577,0.1018,6.060761645886768,618.0256913305532,95.86206379509322,0.06322377597504836,6.447030940744124,0.107,27.15,0.112,20.45,0.134,20.95,0.158,21.26,0.181,21.6,0.199,21.94,0.213,22.14,0.222,22.14,0.227,21.78,0.227,21.22,0.222,20.29,0.212,19.18,0.199,17.87,0.181,16.65,0.161,15.64,0.138,14.52,0.099,12.8,0.059,11.04
kyosho_10x6,kyosho,2,10.0,6.0,kyosho_10x6_static_jb0762.txt,2297.0,0.0967,0.0561,0.722631549998716,73.68791075430612,4.0765874908037345,0.17726383933348208,18.075881094306627,0.171,33.95,0.172,34.54,0.185,34.06,0.188,32.17,0.187,29.53,0.185,27.27,0.18,25.24,0.175,23.35,0.169,21.52,0.162,19.94,0.155,18.49,0.146,17.29,0.135,16.11,0.123,15.07,0.11,14.18,0.094,13.36,0.069,12.44,0.042,11.5
kyosho_10x6,kyosho,2,10.0,6.0,kyosho_10x6_static_jb0762.txt,2599.0,0.0957,0.0542,0.91557294566636,93.36245768599473,5.705175988194127,0.1604811048004443,16.36451844416231,0.171,33.95,0.172,34.54,0.185,34.06,0.188,32.17,0.187,29.53,0.185,27.27,0.18,25.24,0.175,23.35,0.169,21.52,0.162,19.94,0.155,18.49,0.146,17.29,0.135,16.11,0.123,15.07,0.11,14.18,0.094,13.36,0.069,12.44,0.042,11.5
kyosho_10x6,kyosho,2,10.0,6.0,kyosho_10x6_static_jb0762.txt,2868.0,0.0979,0.0545,1.1405371614588955,116.3024235043461,7.708766019064438,0.14795327275964137,15.0870350996152,0.171,33.95,0.172,34.54,0.185,34.06,0.188,32.17,0.187,29.53,0.185,27.27,0.18,25.24,0.175,23.35,0.169,21.52,0.162,19.94,0.155,18.49,0.146,17.29,0.135,16.11,0.123,15.07,0.11,14.18,0.094,13.36,0.069,12.44,0.042,11.5
kyosho_10x6,kyosho,2,10.0,6.0,kyosho_10x6_static_jb0762.txt,3164.0,0.0981,0.0537,1.3909464532630524,141.83706497764808,10.19846079760445,0.13638788057015194,13.907693307108131,0.171,33.95,0.172,34.54,0.185,34.06,0.188,32.17,0.187,29.53,0.185,27.27,0.18,25.24,0.175,23.35,0.169,21.52,0.162,19.94,0.155,18.49,0.146,17.29,0.135,16.11,0.123,15.07,0.11,14.18,0.094,13.36,0.069,12.44,0.042,11.5
kyosho_10x6,kyosho,2,10.0,6.0,kyosho_10x6_static_jb0762.txt,3452.0,0.0991,0.053,1.6725676129121598,170.55443121883212,13.071913079001195,0.12795124958404008,13.047396367163108,0.171,33.95,0.172,34.54,0.185,34.06,0.188,32.17,0.187,29.53,0.185,27.27,0.18,25.24,0.175,23.35,0.169,21.52,0.162,19.94,0.155,18.49,0.146,17.29,0.135,16.11,0.123,15.07,0.11,14.18,0.094,13.36,0.069,12.44,0.042,11.5
kyosho_10x6,kyosho,2,10.0,6.0,kyosho_10x6_static_jb0762.txt,3710.0,0.0996,0.0524,1.9416708562554674,197.99532523904367,16.043677980158957,0.12102404814262108,12.341018405125205,0.171,33.95,0.172,34.54,0.185,34.06,0.188,32.17,0.187,29.53,0.185,27.27,0.18,25.24,0.175,23.35,0.169,21.52,0.162,19.94,0.155,18.49,0.146,17.29,0.135,16.11,0.123,15.07,0.11,14.18,0.094,13.36,0.069,12.44,0.042,11.5
kyosho_10x6,kyosho,2,10.0,6.0,kyosho_10x6_static_jb0762.txt,3989.0,0.1006,0.0519,2.2672244048120223,231.1925484046053,19.751968641264458,0.11478473087869796,11.704785107931656,0.171,33.95,0.172,34.54,0.185,34.06,0.188,32.17,0.187,29.53,0.185,27.27,0.18,25.24,0.175,23.35,0.169,21.52,0.162,19.94,0.155,18.49,0.146,17.29,0.135,16.11,0.123,15.07,0.11,14.18,0.094,13.36,0.069,12.44,0.042,11.5
kyosho_10x6,kyosho,2,10.0,6.0,kyosho_10x6_static_jb0762.txt,4270.0,0.1017,0.0516,2.6263049812209847,267.80857695757317,24.087085119155198,0.10903374020679744,11.118347265049477,0.171,33.95,0.172,34.54,0.185,34.06,0.188,32.17,0.187,29.53,0.185,27.27,0.18,25.24,0.175,23.35,0.169,21.52,0.162,19.94,0.155,18.49,0.146,17.29,0.135,16.11,0.123,15.07,0.11,14.18,0.094,13.36,0.069,12.44,0.042,11.5
kyosho_10x6,kyosho,2,10.0,6.0,kyosho_10x6_static_jb0762.txt,4544.0,0.102,0.0513,2.982945176750962,304.17575591572677,28.85913128563794,0.10336226503933113,10.540017747072767,0.171,33.95,0.172,34.54,0.185,34.06,0.188,32.17,0.187,29.53,0.185,27.27,0.18,25.24,0.175,23.35,0.169,21.52,0.162,19.94,0.155,18.49,0.146,17.29,0.135,16.11,0.123,15.07,0.11,14.18,0.094,13.36,0.069,12.44,0.042,11.5
kyosho_10x6,kyosho,2,10.0,6.0,kyosho_10x6_static_jb0762.txt,4841.0,0.1023,0.051,3.3955822399421214,346.25302625688914,34.69176091228312,0.09787863604063599,9.98084320748023,0.171,33.95,0.172,34.54,0.185,34.06,0.188,32.17,0.187,29.53,0.185,27.27,0.18,25.24,0.175,23.35,0.169,21.52,0.162,19.94,0.155,18.49,0.146,17.29,0.135,16.11,0.123,15.07,0.11,14.18,0.094,13.36,0.069,12.44,0.042,11.5
kyosho_10x6,kyosho,2,10.0,6.0,kyosho_10x6_static_jb0762.txt,5113.0,0.1028,0.0509,3.8063888675541317,388.14364411436446,40.793980237528785,0.09330761169640442,9.514728444107257,0.171,33.95,0.172,34.54,0.185,34.06,0.188,32.17,0.187,29.53,0.185,27.27,0.18,25.24,0.175,23.35,0.169,21.52,0.162,19.94,0.155,18.49,0.146,17.29,0.135,16.11,0.123,15.07,0.11,14.18,0.094,13.36,0.069,12.44,0.042,11.5
kyosho_10x6,kyosho,2,10.0,6.0,kyosho_10x6_static_jb0762.txt,5411.0,0.103,0.0507,4.271306602056133,435.5520592716303,48.16055485720636,0.08868889934346363,9.04375085716974,0.171,33.95,0.172,34.54,0.185,34.06,0.188,32.17,0.187,29.53,0.185,27.27,0.18,25.24,0.175,23.35,0.169,21.52,0.162,19.94,0.155,18.49,0.146,17.29,0.135,16.11,0.123,15.07,0.11,14.18,0.094,13.36,0.069,12.44,0.042,11.5
kyosho_10x6,kyosho,2,10.0,6.0,kyosho_10x6_static_jb0762.txt,5669.0,0.1033,0.0507,4.701989878355319,479.4695312217036,55.38322622028713,0.08489916892261071,8.657305901873801,0.171,33.95,0.172,34.54,0.185,34.06,0.188,32.17,0.187,29.53,0.185,27.27,0.18,25.24,0.175,23.35,0.169,21.52,0.162,19.94,0.155,18.49,0.146,17.29,0.135,16.11,0.123,15.07,0.11,14.18,0.094,13.36,0.069,12.44,0.042,11.5
kyosho_10x6,kyosho,2,10.0,6.0,kyosho_10x6_static_jb0762.txt,5959.0,0.1033,0.0506,5.195358809140065,529.7791609917826,64.19801409158573,0.08092709537289265,8.252267122094972,0.171,33.95,0.172,34.54,0.185,34.06,0.188,32.17,0.187,29.53,0.185,27.27,0.18,25.24,0.175,23.35,0.169,21.52,0.162,19.94,0.155,18.49,0.146,17.29,0.135,16.11,0.123,15.07,0.11,14.18,0.094,13.36,0.069,12.44,0.042,11.5
kyosho_10x6,kyosho,2,10.0,6.0,kyosho_10x6_static_jb0762.txt,6251.0,0.1039,0.0508,5.750200654785103,586.3572835560669,74.39832014665276,0.077289388301381,7.881324234206484,0.171,33.95,0.172,34.54,0.185,34.06,0.188,32.17,0.187,29.53,0.185,27.27,0.18,25.24,0.175,23.35,0.169,21.52,0.162,19.94,0.155,18.49,0.146,17.29,0.135,16.11,0.123,15.07,0.11,14.18,0.094,13.36,0.069,12.44,0.042,11.5
kyosho_10x6,kyosho,2,10.0,6.0,kyosho_10x6_static_jb0762.txt,6528.0,0.1035,0.0504,6.246965330482028,637.0131829403546,84.06629245958669,0.07430998974392906,7.577510132810804,0.171,33.95,0.172,34.54,0.185,34.06,0.188,32.17,0.187,29.53,0.185,27.27,0.18,25.24,0.175,23.35,0.169,21.52,0.162,19.94,0.155,18.49,0.146,17.29,0.135,16.11,0.123,15.07,0.11,14.18,0.094,13.36,0.069,12.44,0.042,11.5
kyosho_10x7,kyosho,2,10.0,7.0,kyosho_10x7_static_rd0770.txt,2012.0,0.0923,0.0626,0.5292076435053115,53.964161411420974,3.057096747591407,0.1731079148614639,17.652094737903763,0.187,33.63,0.174,36.86,0.182,37.5,0.187,36.22,0.185,33.95,0.182,31.74,0.178,29.61,0.174,27.62,0.169,25.75,0.163,24.03,0.156,22.41,0.147,20.97,0.136,19.32,0.124,17.65,0.11,16.13,0.094,14.44,0.071,13.32,0.048,12.22
kyosho_10x7,kyosho,2,10.0,7.0,kyosho_10x7_static_rd0770.txt,2345.0,0.0962,0.0632,0.7492542594487083,76.4026716002619,4.886484663877935,0.15333195763150045,15.63550831644858,0.187,33.63,0.174,36.86,0.182,37.5,0.187,36.22,0.185,33.95,0.182,31.74,0.178,29.61,0.174,27.62,0.169,25.75,0.163,24.03,0.156,22.41,0.147,20.97,0.136,19.32,0.124,17.65,0.11,16.13,0.094,14.44,0.071,13.32,0.048,12.22
kyosho_10x7,kyosho,2,10.0,7.0,kyosho_10x7_static_rd0770.txt,2546.0,0.0987,0.0635,0.9061548217451425,92.40207632016464,6.283474311269026,0.14421238583247,14.705570794559817,0.187,33.63,0.174,36.86,0.182,37.5,0.187,36.22,0.185,33.95,0.182,31.74,0.178,29.61,0.174,27.62,0.169,25.75,0.163,24.03,0.156,22.41,0.147,20.97,0.136,19.32,0.124,17.65,0.11,16.13,0.094,14.44,0.071,13.32,0.048,12.22
kyosho_10x7,kyosho,2,10.0,7.0,kyosho_10x7_static_rd0770.txt,2896.0,0.0995,0.0622,1.1819215472447082,120.52245641933875,9.058097225997603,0.13048232070776197,13.305493793269056,0.187,33.63,0.174,36.86,0.182,37.5,0.187,36.22,0.185,33.95,0.182,31.74,0.178,29.61,0.174,27.62,0.169,25.75,0.163,24.03,0.156,22.41,0.147,20.97,0.136,19.32,0.124,17.65,0.11,16.13,0.094,14.44,0.071,13.32,0.048,12.22
kyosho_10x7,kyosho,2,10.0,7.0,kyosho_10x7_static_rd0770.txt,3206.0,0.1011,0.0619,1.4717927051458917,150.08108835799095,12.230159578450596,0.1203412511263691,12.271392486360696,0.187,33.63,0.174,36.86,0.182,37.5,0.187,36.22,0.185,33.95,0.182,31.74,0.178,29.61,0.174,27.62,0.169,25.75,0.163,24.03,0.156,22.41,0.147,20.97,0.136,19.32,0.124,17.65,0.11,16.13,0.094,14.44,0.071,13.32,0.048,12.22
kyosho_10x7,kyosho,2,10.0,7.0,kyosho_10x7_static_rd0770.txt,3523.0,0.1028,0.0605,1.8071194300391542,184.27489815983586,15.861498878633812,0.11393118921903587,11.617748081050705,0.187,33.63,0.174,36.86,0.182,37.5,0.187,36.22,0.185,33.95,0.182,31.74,0.178,29.61,0.174,27.62,0.169,25.75,0.163,24.03,0.156,22.41,0.147,20.97,0.136,19.32,0.124,17.65,0.11,16.13,0.094,14.44,0.071,13.32,0.048,12.22
kyosho_10x7,kyosho,2,10.0,7.0,kyosho_10x7_static_rd0770.txt,3821.0,0.1044,0.0596,2.1588527861030116,220.14171874218127,19.93555328583955,0.10829159116624414,11.042669124139655,0.187,33.63,0.174,36.86,0.182,37.5,0.187,36.22,0.185,33.95,0.182,31.74,0.178,29.61,0.174,27.62,0.169,25.75,0.163,24.03,0.156,22.41,0.147,20.97,0.136,19.32,0.124,17.65,0.11,16.13,0.094,14.44,0.071,13.32,0.048,12.22
kyosho_10x7,kyosho,2,10.0,7.0,kyosho_10x7_static_rd0770.txt,4101.0,0.1067,0.0583,2.5416304938793663,259.1741822007889,24.109532170959646,0.10542014983355026,10.749863595983365,0.187,33.63,0.174,36.86,0.182,37.5,0.187,36.22,0.185,33.95,0.182,31.74,0.178,29.61,0.174,27.62,0.169,25.75,0.163,24.03,0.156,22.41,0.147,20.97,0.136,19.32,0.124,17.65,0.11,16.13,0.094,14.44,0.071,13.32,0.048,12.22
kyosho_10x7,kyosho,2,10.0,7.0,kyosho_10x7_static_rd0770.txt,4406.0,0.1115,0.0566,3.065718731596321,312.61630950388985,29.026911598429223,0.10561642843747182,10.769878443451315,0.187,33.63,0.174,36.86,0.182,37.5,0.187,36.22,0.185,33.95,0.182,31.74,0.178,29.61,0.174,27.62,0.169,25.75,0.163,24.03,0.156,22.41,0.147,20.97,0.136,19.32,0.124,17.65,0.11,16.13,0.094,14.44,0.071,13.32,0.048,12.22
kyosho_10x7,kyosho,2,10.0,7.0,kyosho_10x7_static_rd0770.txt,4716.0,0.1118,0.0562,3.5217445469025477,359.11800124431363,35.343424382545486,0.09964355770353077,10.160815130909208,0.187,33.63,0.174,36.86,0.182,37.5,0.187,36.22,0.185,33.95,0.182,31.74,0.178,29.61,0.174,27.62,0.169,25.75,0.163,24.03,0.156,22.41,0.147,20.97,0.136,19.32,0.124,17.65,0.11,16.13,0.094,14.44,0.071,13.32,0.048,12.22
kyosho_10x7,kyosho,2,10.0,7.0,kyosho_10x7_static_rd0770.txt,5018.0,0.1125,0.0561,4.012197387686758,409.13027258918777,42.50164630795975,0.0944009876373977,9.626221761498341,0.187,33.63,0.174,36.86,0.182,37.5,0.187,36.22,0.185,33.95,0.182,31.74,0.178,29.61,0.174,27.62,0.169,25.75,0.163,24.03,0.156,22.41,0.147,20.97,0.136,19.32,0.124,17.65,0.11,16.13,0.094,14.44,0.071,13.32,0.048,12.22
kyosho_10x7,kyosho,2,10.0,7.0,kyosho_10x7_static_rd0770.txt,5335.0,0.117,0.0534,4.716536109085126,480.95283395299384,48.61781637003032,0.09701250408260952,9.892522327462439,0.187,33.63,0.174,36.86,0.182,37.5,0.187,36.22,0.185,33.95,0.182,31.74,0.178,29.61,0.174,27.62,0.169,25.75,0.163,24.03,0.156,22.41,0.147,20.97,0.136,19.32,0.124,17.65,0.11,16.13,0.094,14.44,0.071,13.32,0.048,12.22
kyosho_10x7,kyosho,2,10.0,7.0,kyosho_10x7_static_rd0770.txt,5621.0,0.1177,0.0533,5.267106354892692,537.0953745563156,56.756928596099705,0.09280111671255312,9.46308032942474,0.187,33.63,0.174,36.86,0.182,37.5,0.187,36.22,0.185,33.95,0.182,31.74,0.178,29.61,0.174,27.62,0.169,25.75,0.163,24.03,0.156,22.41,0.147,20.97,0.136,19.32,0.124,17.65,0.11,16.13,0.094,14.44,0.071,13.32,0.048,12.22
kyosho_10x7,kyosho,2,10.0,7.0,kyosho_10x7_static_rd0770.txt,5915.0,0.1174,0.0531,5.817629363676811,593.2330983237713,65.88851031575199,0.08829505077285058,9.00358947987851,0.187,33.63,0.174,36.86,0.182,37.5,0.187,36.22,0.185,33.95,0.182,31.74,0.178,29.61,0.174,27.62,0.169,25.75,0.163,24.03,0.156,22.41,0.147,20.97,0.136,19.32,0.124,17.65,0.11,16.13,0.094,14.44,0.071,13.32,0.048,12.22
kyosho_10x7,kyosho,2,10.0,7.0,kyosho_10x7_static_rd0770.txt,6203.0,0.1174,0.0529,6.397939273855806,652.4082407198999,75.70279882233179,0.0845139066637581,8.618020084713752,0.187,33.63,0.174,36.86,0.182,37.5,0.187,36.22,0.185,33.95,0.182,31.74,0.178,29.61,0.174,27.62,0.169,25.75,0.163,24.03,0.156,22.41,0.147,20.97,0.136,19.32,0.124,17.65,0.11,16.13,0.094,14.44,0.071,13.32,0.048,12.22
kyosho_10x7,kyosho,2,10.0,7.0,kyosho_10x7_static_rd0770.txt,6515.0,0.1177,0.0528,7.07577081067449,721.5278214960757,87.54434613242802,0.0808249889715436,8.241855166804527,0.187,33.63,0.174,36.86,0.182,37.5,0.187,36.22,0.185,33.95,0.182,31.74,0.178,29.61,0.174,27.62,0.169,25.75,0.163,24.03,0.156,22.41,0.147,20.97,0.136,19.32,0.124,17.65,0.11,16.13,0.094,14.44,0.071,13.32,0.048,12.22
kyosho_11x7,kyosho,2,11.0,7.0,kyosho_11x7_static_kt0704.txt,2066.0,0.0985,0.0522,0.8718385332331443,88.90278874367337,4.445041305413753,0.1961373299661592,20.00044153366942,0.165,37.61,0.165,39.49,0.183,41.2,0.186,38.26,0.184,34.89,0.182,31.83,0.178,28.82,0.174,26.17,0.168,24.03,0.162,22.2,0.154,20.46,0.144,18.9,0.134,17.31,0.123,15.74,0.109,14.17,0.093,12.84,0.066,11.64,0.039,10.45
kyosho_11x7,kyosho,2,11.0,7.0,kyosho_11x7_static_kt0704.txt,2391.0,0.1037,0.0514,1.2293544105067236,125.35926238896297,6.784474176777344,0.18120113342235056,18.477373356074764,0.165,37.61,0.165,39.49,0.183,41.2,0.186,38.26,0.184,34.89,0.182,31.83,0.178,28.82,0.174,26.17,0.168,24.03,0.162,22.2,0.154,20.46,0.144,18.9,0.134,17.31,0.123,15.74,0.109,14.17,0.093,12.84,0.066,11.64,0.039,10.45
kyosho_11x7,kyosho,2,11.0,7.0,kyosho_11x7_static_kt0704.txt,2662.0,0.1062,0.0502,1.5605576395715473,159.1325926357673,9.144126321778101,0.17066230109429334,17.402711536997177,0.165,37.61,0.165,39.49,0.183,41.2,0.186,38.26,0.184,34.89,0.182,31.83,0.178,28.82,0.174,26.17,0.168,24.03,0.162,22.2,0.154,20.46,0.144,18.9,0.134,17.31,0.123,15.74,0.109,14.17,0.093,12.84,0.066,11.64,0.039,10.45
kyosho_11x7,kyosho,2,11.0,7.0,kyosho_11x7_static_kt0704.txt,2920.0,0.1081,0.0502,1.9113076228427683,194.89913710010742,12.068870239646554,0.15836673896485132,16.148913131890232,0.165,37.61,0.165,39.49,0.183,41.2,0.186,38.26,0.184,34.89,0.182,31.83,0.178,28.82,0.174,26.17,0.168,24.03,0.162,22.2,0.154,20.46,0.144,18.9,0.134,17.31,0.123,15.74,0.109,14.17,0.093,12.84,0.066,11.64,0.039,10.45
kyosho_11x7,kyosho,2,11.0,7.0,kyosho_11x7_static_kt0704.txt,3202.0,0.109,0.05,2.3174391961280083,236.31303208822672,15.85069588300402,0.14620425584045763,14.908685008688762,0.165,37.61,0.165,39.49,0.183,41.2,0.186,38.26,0.184,34.89,0.182,31.83,0.178,28.82,0.174,26.17,0.168,24.03,0.162,22.2,0.154,20.46,0.144,18.9,0.134,17.31,0.123,15.74,0.109,14.17,0.093,12.84,0.066,11.64,0.039,10.45
kyosho_11x7,kyosho,2,11.0,7.0,kyosho_11x7_static_kt0704.txt,3471.0,0.1093,0.0492,2.7306660091502626,278.45044017582586,19.867503135157246,0.1374438443811349,14.01537164894586,0.165,37.61,0.165,39.49,0.183,41.2,0.186,38.26,0.184,34.89,0.182,31.83,0.178,28.82,0.174,26.17,0.168,24.03,0.162,22.2,0.154,20.46,0.144,18.9,0.134,17.31,0.123,15.74,0.109,14.17,0.093,12.84,0.066,11.64,0.039,10.45
kyosho_11x7,kyosho,2,11.0,7.0,kyosho_11x7_static_kt0704.txt,3744.0,0.1098,0.0486,3.1916349729517974,325.45619278263194,24.62964407735598,0.12958510333838422,13.214003083457065,0.165,37.61,0.165,39.49,0.183,41.2,0.186,38.26,0.184,34.89,0.182,31.83,0.178,28.82,0.174,26.17,0.168,24.03,0.162,22.2,0.154,20.46,0.144,18.9,0.134,17.31,0.123,15.74,0.109,14.17,0.093,12.84,0.066,11.64,0.039,10.45
kyosho_11x7,kyosho,2,11.0,7.0,kyosho_11x7_static_kt0704.txt,4029.0,0.1109,0.0487,3.7330626280950883,380.6664485930556,30.756372335759153,0.12137525802270288,12.37683184601295,0.165,37.61,0.165,39.49,0.183,41.2,0.186,38.26,0.184,34.89,0.182,31.83,0.178,28.82,0.174,26.17,0.168,24.03,0.162,22.2,0.154,20.46,0.144,18.9,0.134,17.31,0.123,15.74,0.109,14.17,0.093,12.84,0.066,11.64,0.039,10.45
kyosho_11x7,kyosho,2,11.0,7.0,kyosho_11x7_static_kt0704.txt,4296.0,0.1109,0.0482,4.244233672224952,432.7913887234634,36.90236522292497,0.11501251062325656,11.728012177783093,0.165,37.61,0.165,39.49,0.183,41.2,0.186,38.26,0.184,34.89,0.182,31.83,0.178,28.82,0.174,26.17,0.168,24.03,0.162,22.2,0.154,20.46,0.144,18.9,0.134,17.31,0.123,15.74,0.109,14.17,0.093,12.84,0.066,11.64,0.039,10.45
kyosho_11x7,kyosho,2,11.0,7.0,kyosho_11x7_static_kt0704.txt,4586.0,0.1112,0.048,4.849668832141711,494.52859357086385,44.70516838286336,0.10848116688898803,11.06200046794655,0.165,37.61,0.165,39.49,0.183,41.2,0.186,38.26,0.184,34.89,0.182,31.83,0.178,28.82,0.174,26.17,0.168,24.03,0.162,22.2,0.154,20.46,0.144,18.9,0.134,17.31,0.123,15.74,0.109,14.17,0.093,12.84,0.066,11.64,0.039,10.45
kyosho_11x7,kyosho,2,11.0,7.0,kyosho_11x7_static_kt0704.txt,4848.0,0.1114,0.0479,5.429372116419991,553.6418773403753,52.70328592998707,0.10301771551080445,10.50488347303151,0.165,37.61,0.165,39.49,0.183,41.2,0.186,38.26,0.184,34.89,0.182,31.83,0.178,28.82,0.174,26.17,0.168,24.03,0.162,22.2,0.154,20.46,0.144,18.9,0.134,17.31,0.123,15.74,0.109,14.17,0.093,12.84,0.066,11.64,0.039,10.45
kyosho_11x7,kyosho,2,11.0,7.0,kyosho_11x7_static_kt0704.txt,5117.0,0.1113,0.0477,6.043175312665157,616.2323844192622,61.713329315208455,0.09792333973425565,9.985401715596627,0.165,37.61,0.165,39.49,0.183,41.2,0.186,38.26,0.184,34.89,0.182,31.83,0.178,28.82,0.174,26.17,0.168,24.03,0.162,22.2,0.154,20.46,0.144,18.9,0.134,17.31,0.123,15.74,0.109,14.17,0.093,12.84,0.066,11.64,0.039,10.45
kyosho_11x7,kyosho,2,11.0,7.0,kyosho_11x7_static_kt0704.txt,5403.0,0.1118,0.0478,6.767853258075111,690.1289694314686,72.802642933953,0.09296164239827047,9.479449393857278,0.165,37.61,0.165,39.49,0.183,41.2,0.186,38.26,0.184,34.89,0.182,31.83,0.178,28.82,0.174,26.17,0.168,24.03,0.162,22.2,0.154,20.46,0.144,18.9,0.134,17.31,0.123,15.74,0.109,14.17,0.093,12.84,0.066,11.64,0.039,10.45
kyosho_11x7,kyosho,2,11.0,7.0,kyosho_11x7_static_kt0704.txt,5666.0,0.1118,0.0476,7.4427621259484535,758.9505209167712,83.60861123260038,0.0890190856686111,9.077420492075388,0.165,37.61,0.165,39.49,0.183,41.2,0.186,38.26,0.184,34.89,0.182,31.83,0.178,28.82,0.174,26.17,0.168,24.03,0.162,22.2,0.154,20.46,0.144,18.9,0.134,17.31,0.123,15.74,0.109,14.17,0.093,12.84,0.066,11.64,0.039,10.45
kyosho_11x7,kyosho,2,11.0,7.0,kyosho_11x7_static_kt0704.txt,5940.0,0.1123,0.0478,8.216594249972891,837.8594372158578,96.7389964945347,0.08493569860875175,8.661030893195104,0.165,37.61,0.165,39.49,0.183,41.2,0.186,38.26,0.184,34.89,0.182,31.83,0.178,28.82,0.174,26.17,0.168,24.03,0.162,22.2,0.154,20.46,0.144,18.9,0.134,17.31,0.123,15.74,0.109,14.17,0.093,12.84,0.066,11.64,0.039,10.45
kyosho_11x7,kyosho,2,11.0,7.0,kyosho_11x7_static_kt0704.txt,6191.0,0.1122,0.0478,8.91771646432252,909.3540061409882,109.52787330635498,0.08141960758590847,8.302489390965158,0.165,37.61,0.165,39.49,0.183,41.2,0.186,38.26,0.184,34.89,0.182,31.83,0.178,28.82,0.174,26.17,0.168,24.03,0.162,22.2,0.154,20.46,0.144,18.9,0.134,17.31,0.123,15.74,0.109,14.17,0.093,12.84,0.066,11.64,0.039,10.45
kyosho_11x9,kyosho,2,11.0,9.0,kyosho_11x9_static_rd0606.txt,1655.0,0.0948,0.0733,0.538447702990014,54.90638525796414,3.2085758872791317,0.16781516844428354,17.112384804625798,0.16,39.34,0.156,43.0,0.172,45.97,0.175,43.02,0.173,39.36,0.171,36.13,0.169,33.19,0.166,30.5,0.162,27.95,0.157,25.61,0.15,23.55,0.142,21.63,0.133,19.87,0.122,18.05,0.109,16.61,0.093,14.87,0.07,13.05,0.046,11.23
kyosho_11x9,kyosho,2,11.0,9.0,kyosho_11x9_static_rd0606.txt,2015.0,0.0981,0.0735,0.8259586454680066,84.2243422033015,5.806665877870348,0.14224318444355458,14.504768136270245,0.16,39.34,0.156,43.0,0.172,45.97,0.175,43.02,0.173,39.36,0.171,36.13,0.169,33.19,0.166,30.5,0.162,27.95,0.157,25.61,0.15,23.55,0.142,21.63,0.133,19.87,0.122,18.05,0.109,16.61,0.093,14.87,0.07,13.05,0.046,11.23
kyosho_11x9,kyosho,2,11.0,9.0,kyosho_11x9_static_rd0606.txt,2285.0,0.0992,0.0725,1.0740469743440169,109.5223113238483,8.352393875050744,0.12859151405111288,13.11268517292989,0.16,39.34,0.156,43.0,0.172,45.97,0.175,43.02,0.173,39.36,0.171,36.13,0.169,33.19,0.166,30.5,0.162,27.95,0.157,25.61,0.15,23.55,0.142,21.63,0.133,19.87,0.122,18.05,0.109,16.61,0.093,14.87,0.07,13.05,0.046,11.23
kyosho_11x9,kyosho,2,11.0,9.0,kyosho_11x9_static_rd0606.txt,2569.0,0.1009,0.0704,1.3808883632094426,140.81142522772228,11.526018660966942,0.11980618840101695,12.21683127276052,0.16,39.34,0.156,43.0,0.172,45.97,0.175,43.02,0.173,39.36,0.171,36.13,0.169,33.19,0.166,30.5,0.162,27.95,0.157,25.61,0.15,23.55,0.142,21.63,0.133,19.87,0.122,18.05,0.109,16.61,0.093,14.87,0.07,13.05,0.046,11.23
kyosho_11x9,kyosho,2,11.0,9.0,kyosho_11x9_static_rd0606.txt,2846.0,0.1031,0.0701,1.7316800427570145,176.582221528964,15.604039882273998,0.11097639174353702,11.31644259186746,0.16,39.34,0.156,43.0,0.172,45.97,0.175,43.02,0.173,39.36,0.171,36.13,0.169,33.19,0.166,30.5,0.162,27.95,0.157,25.61,0.15,23.55,0.142,21.63,0.133,19.87,0.122,18.05,0.109,16.61,0.093,14.87,0.07,13.05,0.046,11.23
kyosho_11x9,kyosho,2,11.0,9.0,kyosho_11x9_static_rd0606.txt,3151.0,0.1059,0.0691,2.1803788542501077,222.33676681130743,20.87553446655279,0.10444661226487664,10.650590391711406,0.16,39.34,0.156,43.0,0.172,45.97,0.175,43.02,0.173,39.36,0.171,36.13,0.169,33.19,0.166,30.5,0.162,27.95,0.157,25.61,0.15,23.55,0.142,21.63,0.133,19.87,0.122,18.05,0.109,16.61,0.093,14.87,0.07,13.05,0.046,11.23
kyosho_11x9,kyosho,2,11.0,9.0,kyosho_11x9_static_rd0606.txt,3424.0,0.1083,0.0664,2.6329048449659376,268.4815757639905,25.738527293313194,0.10229430825476793,10.431116462274879,0.16,39.34,0.156,43.0,0.172,45.97,0.175,43.02,0.173,39.36,0.171,36.13,0.169,33.19,0.166,30.5,0.162,27.95,0.157,25.61,0.15,23.55,0.142,21.63,0.133,19.87,0.122,18.05,0.109,16.61,0.093,14.87,0.07,13.05,0.046,11.23
kyosho_11x9,kyosho,2,11.0,9.0,kyosho_11x9_static_rd0606.txt,3707.0,0.1104,0.0649,3.145961768283651,320.79882205275516,31.924698271722537,0.09854319503687221,10.048609365774473,0.16,39.34,0.156,43.0,0.172,45.97,0.175,43.02,0.173,39.36,0.171,36.13,0.169,33.19,0.166,30.5,0.162,27.95,0.157,25.61,0.15,23.55,0.142,21.63,0.133,19.87,0.122,18.05,0.109,16.61,0.093,14.87,0.07,13.05,0.046,11.23
kyosho_11x9,kyosho,2,11.0,9.0,kyosho_11x9_static_rd0606.txt,4000.0,0.1173,0.0604,3.8918598262011237,396.8592563414748,37.32770240443983,0.10426197101641643,10.631762224247469,0.16,39.34,0.156,43.0,0.172,45.97,0.175,43.02,0.173,39.36,0.171,36.13,0.169,33.19,0.166,30.5,0.162,27.95,0.157,25.61,0.15,23.55,0.142,21.63,0.133,19.87,0.122,18.05,0.109,16.61,0.093,14.87,0.07,13.05,0.046,11.23
kyosho_11x9,kyosho,2,11.0,9.0,kyosho_11x9_static_rd0606.txt,4292.0,0.1182,0.0597,4.5151907065091645,460.4213168114662,45.57931746214311,0.09906227117725828,10.101540401386641,0.16,39.34,0.156,43.0,0.172,45.97,0.175,43.02,0.173,39.36,0.171,36.13,0.169,33.19,0.166,30.5,0.162,27.95,0.157,25.61,0.15,23.55,0.142,21.63,0.133,19.87,0.122,18.05,0.109,16.61,0.093,14.87,0.07,13.05,0.046,11.23
kyosho_11x9,kyosho,2,11.0,9.0,kyosho_11x9_static_rd0606.txt,4565.0,0.1186,0.0593,5.1251366319152805,522.6184917291105,54.474265780660794,0.09408362937008659,9.593860224448369,0.16,39.34,0.156,43.0,0.172,45.97,0.175,43.02,0.173,39.36,0.171,36.13,0.169,33.19,0.166,30.5,0.162,27.95,0.157,25.61,0.15,23.55,0.142,21.63,0.133,19.87,0.122,18.05,0.109,16.61,0.093,14.87,0.07,13.05,0.046,11.23
kyosho_11x9,kyosho,2,11.0,9.0,kyosho_11x9_static_rd0606.txt,4851.0,0.1187,0.0589,5.792318887082588,590.6521479896385,64.92672023639068,0.08921317549990858,9.097212146850207,0.16,39.34,0.156,43.0,0.172,45.97,0.175,43.02,0.173,39.36,0.171,36.13,0.169,33.19,0.166,30.5,0.162,27.95,0.157,25.61,0.15,23.55,0.142,21.63,0.133,19.87,0.122,18.05,0.109,16.61,0.093,14.87,0.07,13.05,0.046,11.23
kyosho_11x9,kyosho,2,11.0,9.0,kyosho_11x9_static_rd0606.txt,5127.0,0.1189,0.0588,6.481084511182467,660.8866953732893,76.52117407338777,0.08469661619366649,8.636651271705068,0.16,39.34,0.156,43.0,0.172,45.97,0.175,43.02,0.173,39.36,0.171,36.13,0.169,33.19,0.166,30.5,0.162,27.95,0.157,25.61,0.15,23.55,0.142,21.63,0.133,19.87,0.122,18.05,0.109,16.61,0.093,14.87,0.07,13.05,0.046,11.23
kyosho_11x9,kyosho,2,11.0,9.0,kyosho_11x9_static_rd0606.txt,5438.0,0.1187,0.0585,7.278943033295524,742.2456224394186,90.8422374285245,0.08012729804263861,8.170710491619323,0.16,39.34,0.156,43.0,0.172,45.97,0.175,43.02,0.173,39.36,0.171,36.13,0.169,33.19,0.166,30.5,0.162,27.95,0.157,25.61,0.15,23.55,0.142,21.63,0.133,19.87,0.122,18.05,0.109,16.61,0.093,14.87,0.07,13.05,0.046,11.23
kyosho_11x9,kyosho,2,11.0,9.0,kyosho_11x9_static_rd0606.txt,5736.0,0.1191,0.0585,8.125858245505759,828.6069397302606,106.60992565721286,0.07622046629722973,7.772324524402292,0.16,39.34,0.156,43.0,0.172,45.97,0.175,43.02,0.173,39.36,0.171,36.13,0.169,33.19,0.166,30.5,0.162,27.95,0.157,25.61,0.15,23.55,0.142,21.63,0.133,19.87,0.122,18.05,0.109,16.61,0.093,14.87,0.07,13.05,0.046,11.23
kyosho_11x9,kyosho,2,11.0,9.0,kyosho_11x9_static_rd0606.txt,6008.0,0.1192,0.0585,8.922268705657338,909.8182055704383,122.50674039719358,0.07283083915815078,7.426678749435412,0.16,39.34,0.156,43.0,0.172,45.97,0.175,43.02,0.173,39.36,0.171,36.13,0.169,33.19,0.166,30.5,0.162,27.95,0.157,25.61,0.15,23.55,0.142,21.63,0.133,19.87,0.122,18.05,0.109,16.61,0.093,14.87,0.07,13.05,0.046,11.23
kyosho_9x6,kyosho,2,9.0,6.0,kyosho_9x6_static_jb1039.txt,2356.0,0.0939,0.0539,0.48434481697491993,49.38942625411532,2.4956178965508355,0.1940781149407236,19.790460038924977,0.18,32.09,0.176,33.23,0.183,34.11,0.187,32.99,0.187,30.98,0.186,29.15,0.183,27.3,0.178,25.48,0.171,23.71,0.162,21.9,0.153,20.27,0.143,18.76,0.133,17.44,0.121,15.94,0.108,14.44,0.093,13.21,0.074,11.7,0.055,10.17
kyosho_9x6,kyosho,2,9.0,6.0,kyosho_9x6_static_jb1039.txt,2695.0,0.0987,0.0524,0.6661517664897139,67.92857565934483,3.6313746991909843,0.183443412390939,18.70602217790367,0.18,32.09,0.176,33.23,0.183,34.11,0.187,32.99,0.187,30.98,0.186,29.15,0.183,27.3,0.178,25.48,0.171,23.71,0.162,21.9,0.153,20.27,0.143,18.76,0.133,17.44,0.121,15.94,0.108,14.44,0.093,13.21,0.074,11.7,0.055,10.17
kyosho_9x6,kyosho,2,9.0,6.0,kyosho_9x6_static_jb1039.txt,2979.0,0.1031,0.0509,0.8502334046669772,86.69967875543405,4.764230442370317,0.17846185547732785,18.19804474283551,0.18,32.09,0.176,33.23,0.183,34.11,0.187,32.99,0.187,30.98,0.186,29.15,0.183,27.3,0.178,25.48,0.171,23.71,0.162,21.9,0.153,20.27,0.143,18.76,0.133,17.44,0.121,15.94,0.108,14.44,0.093,13.21,0.074,11.7,0.055,10.17
kyosho_9x6,kyosho,2,9.0,6.0,kyosho_9x6_static_jb1039.txt,3244.0,0.1045,0.0503,1.0219189996726126,104.20673723163493,6.079585765925498,0.16809023493018285,17.140433780157636,0.18,32.09,0.176,33.23,0.183,34.11,0.187,32.99,0.187,30.98,0.186,29.15,0.183,27.3,0.178,25.48,0.171,23.71,0.162,21.9,0.153,20.27,0.143,18.76,0.133,17.44,0.121,15.94,0.108,14.44,0.093,13.21,0.074,11.7,0.055,10.17
kyosho_9x6,kyosho,2,9.0,6.0,kyosho_9x6_static_jb1039.txt,3590.0,0.1079,0.0498,1.2922568233814973,131.7735234133468,8.157858279013745,0.1584063830461304,16.15295570313312,0.18,32.09,0.176,33.23,0.183,34.11,0.187,32.99,0.187,30.98,0.186,29.15,0.183,27.3,0.178,25.48,0.171,23.71,0.162,21.9,0.153,20.27,0.143,18.76,0.133,17.44,0.121,15.94,0.108,14.44,0.093,13.21,0.074,11.7,0.055,10.17
kyosho_9x6,kyosho,2,9.0,6.0,kyosho_9x6_static_jb1039.txt,3886.0,0.1091,0.0496,1.530977595698082,156.1162676039302,10.30513138383459,0.1485645877450616,15.149371879802136,0.18,32.09,0.176,33.23,0.183,34.11,0.187,32.99,0.187,30.98,0.186,29.15,0.183,27.3,0.178,25.48,0.171,23.71,0.162,21.9,0.153,20.27,0.143,18.76,0.133,17.44,0.121,15.94,0.108,14.44,0.093,13.21,0.074,11.7,0.055,10.17
kyosho_9x6,kyosho,2,9.0,6.0,kyosho_9x6_static_jb1039.txt,4163.0,0.1095,0.049,1.7634592689764534,179.8228007501495,12.516381169695583,0.14089210332185365,14.36699620378556,0.18,32.09,0.176,33.23,0.183,34.11,0.187,32.99,0.187,30.98,0.186,29.15,0.183,27.3,0.178,25.48,0.171,23.71,0.162,21.9,0.153,20.27,0.143,18.76,0.133,17.44,0.121,15.94,0.108,14.44,0.093,13.21,0.074,11.7,0.055,10.17
kyosho_9x6,kyosho,2,9.0,6.0,kyosho_9x6_static_jb1039.txt,4467.0,0.1106,0.0487,2.0508104610543425,209.12446768818535,15.368811588908281,0.13343975551983595,13.607068215938773,0.18,32.09,0.176,33.23,0.183,34.11,0.187,32.99,0.187,30.98,0.186,29.15,0.183,27.3,0.178,25.48,0.171,23.71,0.162,21.9,0.153,20.27,0.143,18.76,0.133,17.44,0.121,15.94,0.108,14.44,0.093,13.21,0.074,11.7,0.055,10.17
kyosho_9x6,kyosho,2,9.0,6.0,kyosho_9x6_static_jb1039.txt,4758.0,0.111,0.0483,2.3351261447817597,238.11659891826056,18.41975764341355,0.12677290277034362,12.927238432119392,0.18,32.09,0.176,33.23,0.183,34.11,0.187,32.99,0.187,30.98,0.186,29.15,0.183,27.3,0.178,25.48,0.171,23.71,0.162,21.9,0.153,20.27,0.143,18.76,0.133,17.44,0.121,15.94,0.108,14.44,0.093,13.21,0.074,11.7,0.055,10.17
kyosho_9x6,kyosho,2,9.0,6.0,kyosho_9x6_static_jb1039.txt,5046.0,0.1119,0.0483,2.647665223216503,269.98671546516937,21.971127136183757,0.12050657241230571,12.288250565922688,0.18,32.09,0.176,33.23,0.183,34.11,0.187,32.99,0.187,30.98,0.186,29.15,0.183,27.3,0.178,25.48,0.171,23.71,0.162,21.9,0.153,20.27,0.143,18.76,0.133,17.44,0.121,15.94,0.108,14.44,0.093,13.21,0.074,11.7,0.055,10.17
kyosho_9x6,kyosho,2,9.0,6.0,kyosho_9x6_static_jb1039.txt,5352.0,0.1119,0.048,2.978521835261142,303.72470061245605,26.052716853803826,0.11432672653586463,11.658081662531512,0.18,32.09,0.176,33.23,0.183,34.11,0.187,32.99,0.187,30.98,0.186,29.15,0.183,27.3,0.178,25.48,0.171,23.71,0.162,21.9,0.153,20.27,0.143,18.76,0.133,17.44,0.121,15.94,0.108,14.44,0.093,13.21,0.074,11.7,0.055,10.17
kyosho_9x6,kyosho,2,9.0,6.0,kyosho_9x6_static_jb1039.txt,5639.0,0.1117,0.0478,3.300622489199356,336.56982651561503,30.345734111243324,0.10876726452224632,11.09117430745936,0.18,32.09,0.176,33.23,0.183,34.11,0.187,32.99,0.187,30.98,0.186,29.15,0.183,27.3,0.178,25.48,0.171,23.71,0.162,21.9,0.153,20.27,0.143,18.76,0.133,17.44,0.121,15.94,0.108,14.44,0.093,13.21,0.074,11.7,0.055,10.17
kyosho_9x6,kyosho,2,9.0,6.0,kyosho_9x6_static_jb1039.txt,5975.0,0.1116,0.0475,3.702358813302577,377.53553081863606,35.87325679004181,0.10320665433226929,10.524149870982374,0.18,32.09,0.176,33.23,0.183,34.11,0.187,32.99,0.187,30.98,0.186,29.15,0.183,27.3,0.178,25.48,0.171,23.71,0.162,21.9,0.153,20.27,0.143,18.76,0.133,17.44,0.121,15.94,0.108,14.44,0.093,13.21,0.074,11.7,0.055,10.17
kyosho_9x6,kyosho,2,9.0,6.0,kyosho_9x6_static_jb1039.txt,6245.0,0.1121,0.0475,4.062646080483017,414.2746075859766,40.959477281215506,0.09918696111745043,10.114255236747558,0.18,32.09,0.176,33.23,0.183,34.11,0.187,32.99,0.187,30.98,0.186,29.15,0.183,27.3,0.178,25.48,0.171,23.71,0.162,21.9,0.153,20.27,0.143,18.76,0.133,17.44,0.121,15.94,0.108,14.44,0.093,13.21,0.074,11.7,0.055,10.17
kyosho_9x6,kyosho,2,9.0,6.0,kyosho_9x6_static_jb1039.txt,6509.0,0.1122,0.0474,4.41733048215972,450.4423510739876,46.27907012075176,0.09544985391093602,9.733176355935619,0.18,32.09,0.176,33.23,0.183,34.11,0.187,32.99,0.187,30.98,0.186,29.15,0.183,27.3,0.178,25.48,0.171,23.71,0.162,21.9,0.153,20.27,0.143,18.76,0.133,17.44,0.121,15.94,0.108,14.44,0.093,13.21,0.074,11.7,0.055,10.17
kyosho_9x6,kyosho,2,9.0,6.0,kyosho_9x6_static_jb1039.txt,6767.0,0.1128,0.0475,4.799985713777463,489.46232544013134,52.11294383214345,0.09210736068256453,9.392336902261684,0.18,32.09,0.176,33.23,0.183,34.11,0.187,32.99,0.187,30.98,0.186,29.15,0.183,27.3,0.178,25.48,0.171,23.71,0.162,21.9,0.153,20.27,0.143,18.76,0.133,17.44,0.121,15.94,0.108,14.44,0.093,13.21,0.074,11.7,0.055,10.17
ma_11x4,ma,2,11.0,4.0,ma_11x4_static_rd0593.txt,2013.0,0.0478,0.0238,0.4016563537807482,40.957549599582755,1.8746604977270056,0.21425551680837665,21.84798242094667,0.157,27.86,0.147,28.54,0.148,26.91,0.152,23.1,0.156,19.71,0.159,17.38,0.16,15.62,0.16,13.98,0.158,12.51,0.156,11.26,0.153,10.23,0.148,9.3,0.142,8.57,0.135,7.77,0.126,7.06,0.117,6.43,0.102,6.05,0.087,5.68
ma_11x4,ma,2,11.0,4.0,ma_11x4_static_rd0593.txt,2325.0,0.0513,0.0239,0.5750458513721939,58.63835778499222,2.9005550944467684,0.198253724769146,20.216253743036205,0.157,27.86,0.147,28.54,0.148,26.91,0.152,23.1,0.156,19.71,0.159,17.38,0.16,15.62,0.16,13.98,0.158,12.51,0.156,11.26,0.153,10.23,0.148,9.3,0.142,8.57,0.135,7.77,0.126,7.06,0.117,6.43,0.102,6.05,0.087,5.68
ma_11x4,ma,2,11.0,4.0,ma_11x4_static_rd0593.txt,2637.0,0.0543,0.0234,0.7829955326618735,79.84332393446014,4.1434356008495925,0.18897253585920917,19.269835862318853,0.157,27.86,0.147,28.54,0.148,26.91,0.152,23.1,0.156,19.71,0.159,17.38,0.16,15.62,0.16,13.98,0.158,12.51,0.156,11.26,0.153,10.23,0.148,9.3,0.142,8.57,0.135,7.77,0.126,7.06,0.117,6.43,0.102,6.05,0.087,5.68
ma_11x4,ma,2,11.0,4.0,ma_11x4_static_rd0593.txt,2943.0,0.0567,0.0233,1.0183633900669533,103.84416595544386,5.735100777696822,0.17756678209165164,18.106772658517603,0.157,27.86,0.147,28.54,0.148,26.91,0.152,23.1,0.156,19.71,0.159,17.38,0.16,15.62,0.16,13.98,0.158,12.51,0.156,11.26,0.153,10.23,0.148,9.3,0.142,8.57,0.135,7.77,0.126,7.06,0.117,6.43,0.102,6.05,0.087,5.68
ma_11x4,ma,2,11.0,4.0,ma_11x4_static_rd0593.txt,3297.0,0.0597,0.0245,1.3457098165269292,137.2242117876063,8.478856248217667,0.15871360206275578,16.184283324351924,0.157,27.86,0.147,28.54,0.148,26.91,0.152,23.1,0.156,19.71,0.159,17.38,0.16,15.62,0.16,13.98,0.158,12.51,0.156,11.26,0.153,10.23,0.148,9.3,0.142,8.57,0.135,7.77,0.126,7.06,0.117,6.43,0.102,6.05,0.087,5.68
ma_11x4,ma,2,11.0,4.0,ma_11x4_static_rd0593.txt,3577.0,0.0607,0.0235,1.6105186798591644,164.22720091561996,10.385777856812803,0.15506962521855844,15.812701097577508,0.157,27.86,0.147,28.54,0.148,26.91,0.152,23.1,0.156,19.71,0.159,17.38,0.16,15.62,0.16,13.98,0.158,12.51,0.156,11.26,0.153,10.23,0.148,9.3,0.142,8.57,0.135,7.77,0.126,7.06,0.117,6.43,0.102,6.05,0.087,5.68
ma_11x4,ma,2,11.0,4.0,ma_11x4_static_rd0593.txt,3902.0,0.0625,0.0233,1.9733028471749494,201.22089063798032,13.366941969746454,0.14762560140091482,15.053621919913002,0.157,27.86,0.147,28.54,0.148,26.91,0.152,23.1,0.156,19.71,0.159,17.38,0.16,15.62,0.16,13.98,0.158,12.51,0.156,11.26,0.153,10.23,0.148,9.3,0.142,8.57,0.135,7.77,0.126,7.06,0.117,6.43,0.102,6.05,0.087,5.68
ma_11x4,ma,2,11.0,4.0,ma_11x4_static_rd0593.txt,4197.0,0.0631,0.0231,2.304870305215051,235.0313619039174,16.490857312796543,0.1397665543698885,14.252222152303641,0.157,27.86,0.147,28.54,0.148,26.91,0.152,23.1,0.156,19.71,0.159,17.38,0.16,15.62,0.16,13.98,0.158,12.51,0.156,11.26,0.153,10.23,0.148,9.3,0.142,8.57,0.135,7.77,0.126,7.06,0.117,6.43,0.102,6.05,0.087,5.68
ma_11x4,ma,2,11.0,4.0,ma_11x4_static_rd0593.txt,4510.0,0.0641,0.0231,2.703648996730368,275.6954716167466,20.462370879424228,0.1321278464094794,13.473290716960369,0.157,27.86,0.147,28.54,0.148,26.91,0.152,23.1,0.156,19.71,0.159,17.38,0.16,15.62,0.16,13.98,0.158,12.51,0.156,11.26,0.153,10.23,0.148,9.3,0.142,8.57,0.135,7.77,0.126,7.06,0.117,6.43,0.102,6.05,0.087,5.68
ma_11x4,ma,2,11.0,4.0,ma_11x4_static_rd0593.txt,4843.0,0.065,0.023,3.1614148560041797,322.3745984616745,25.228160750535537,0.12531293451255934,12.778363101829814,0.157,27.86,0.147,28.54,0.148,26.91,0.152,23.1,0.156,19.71,0.159,17.38,0.16,15.62,0.16,13.98,0.158,12.51,0.156,11.26,0.153,10.23,0.148,9.3,0.142,8.57,0.135,7.77,0.126,7.06,0.117,6.43,0.102,6.05,0.087,5.68
ma_11x4,ma,2,11.0,4.0,ma_11x4_static_rd0593.txt,5142.0,0.0654,0.0229,3.585758924426101,365.6456511067593,30.063950361925613,0.1192710499205478,12.162262334288243,0.157,27.86,0.147,28.54,0.148,26.91,0.152,23.1,0.156,19.71,0.159,17.38,0.16,15.62,0.16,13.98,0.158,12.51,0.156,11.26,0.153,10.23,0.148,9.3,0.142,8.57,0.135,7.77,0.126,7.06,0.117,6.43,0.102,6.05,0.087,5.68
ma_11x4,ma,2,11.0,4.0,ma_11x4_static_rd0593.txt,5462.0,0.0658,0.0227,4.070694217550095,415.0952891711334,35.71867095967637,0.1139654446310613,11.621241160953161,0.157,27.86,0.147,28.54,0.148,26.91,0.152,23.1,0.156,19.71,0.159,17.38,0.16,15.62,0.16,13.98,0.158,12.51,0.156,11.26,0.153,10.23,0.148,9.3,0.142,8.57,0.135,7.77,0.126,7.06,0.117,6.43,0.102,6.05,0.087,5.68
ma_11x4,ma,2,11.0,4.0,ma_11x4_static_rd0593.txt,5751.0,0.066,0.0227,4.526576514130413,461.5823460743897,41.69368744711409,0.10856743049825231,11.070796908042228,0.157,27.86,0.147,28.54,0.148,26.91,0.152,23.1,0.156,19.71,0.159,17.38,0.16,15.62,0.16,13.98,0.158,12.51,0.156,11.26,0.153,10.23,0.148,9.3,0.142,8.57,0.135,7.77,0.126,7.06,0.117,6.43,0.102,6.05,0.087,5.68
ma_11x4,ma,2,11.0,4.0,ma_11x4_static_rd0593.txt,6096.0,0.066,0.0225,5.085961253436722,518.6237148706972,49.218881434008516,0.10333354000041337,10.53708860828248,0.157,27.86,0.147,28.54,0.148,26.91,0.152,23.1,0.156,19.71,0.159,17.38,0.16,15.62,0.16,13.98,0.158,12.51,0.156,11.26,0.153,10.23,0.148,9.3,0.142,8.57,0.135,7.77,0.126,7.06,0.117,6.43,0.102,6.05,0.087,5.68
ma_11x4,ma,2,11.0,4.0,ma_11x4_static_rd0593.txt,6406.0,0.0664,0.0225,5.6504253683259735,576.1830358303778,57.11598456163347,0.09892896728810896,10.087947187684783,0.157,27.86,0.147,28.54,0.148,26.91,0.152,23.1,0.156,19.71,0.159,17.38,0.16,15.62,0.16,13.98,0.158,12.51,0.156,11.26,0.153,10.23,0.148,9.3,0.142,8.57,0.135,7.77,0.126,7.06,0.117,6.43,0.102,6.05,0.087,5.68
ma_11x4,ma,2,11.0,4.0,ma_11x4_static_rd0593.txt,6705.0,0.0666,0.0223,6.208847437607153,633.126239603448,64.91058991254366,0.09565230336024605,9.753820454512608,0.157,27.86,0.147,28.54,0.148,26.91,0.152,23.1,0.156,19.71,0.159,17.38,0.16,15.62,0.16,13.98,0.158,12.51,0.156,11.26,0.153,10.23,0.148,9.3,0.142,8.57,0.135,7.77,0.126,7.06,0.117,6.43,0.102,6.05,0.087,5.68
ma_11x6,ma,2,11.0,6.0,ma_11x6_static_kt0689.txt,2085.0,0.0826,0.0387,0.744614280425332,75.92952541646046,3.387220658215924,0.21983046147856403,22.41646856761117,0.152,32.31,0.147,35.95,0.149,34.78,0.154,30.11,0.158,25.94,0.16,23.28,0.16,21.16,0.16,19.17,0.159,17.5,0.156,16.06,0.153,14.73,0.148,13.49,0.142,12.51,0.135,11.53,0.127,10.51,0.117,9.47,0.104,8.58,0.091,7.7
ma_11x6,ma,2,11.0,6.0,ma_11x6_static_kt0689.txt,2436.0,0.0875,0.0384,1.0767176096983262,109.79464034082244,5.360155916907514,0.20087430783534505,20.483478847042065,0.152,32.31,0.147,35.95,0.149,34.78,0.154,30.11,0.158,25.94,0.16,23.28,0.16,21.16,0.16,19.17,0.159,17.5,0.156,16.06,0.153,14.73,0.148,13.49,0.142,12.51,0.135,11.53,0.127,10.51,0.117,9.47,0.104,8.58,0.091,7.7
ma_11x6,ma,2,11.0,6.0,ma_11x6_static_kt0689.txt,2705.0,0.0896,0.038,1.3595079250718836,138.63122728677823,7.262727530005211,0.1871897189389546,19.08803913048336,0.152,32.31,0.147,35.95,0.149,34.78,0.154,30.11,0.158,25.94,0.16,23.28,0.16,21.16,0.16,19.17,0.159,17.5,0.156,16.06,0.153,14.73,0.148,13.49,0.142,12.51,0.135,11.53,0.127,10.51,0.117,9.47,0.104,8.58,0.091,7.7
ma_11x6,ma,2,11.0,6.0,ma_11x6_static_kt0689.txt,2992.0,0.091,0.0377,1.6892882673324283,172.259463459227,9.75080483993907,0.1732460340517885,17.6661789756735,0.152,32.31,0.147,35.95,0.149,34.78,0.154,30.11,0.158,25.94,0.16,23.28,0.16,21.16,0.16,19.17,0.159,17.5,0.156,16.06,0.153,14.73,0.148,13.49,0.142,12.51,0.135,11.53,0.127,10.51,0.117,9.47,0.104,8.58,0.091,7.7
ma_11x6,ma,2,11.0,6.0,ma_11x6_static_kt0689.txt,3256.0,0.0919,0.0375,2.0203355177971294,206.01688831528907,12.49967734900516,0.16163101345635345,16.48177649414973,0.152,32.31,0.147,35.95,0.149,34.78,0.154,30.11,0.158,25.94,0.16,23.28,0.16,21.16,0.16,19.17,0.159,17.5,0.156,16.06,0.153,14.73,0.148,13.49,0.142,12.51,0.135,11.53,0.127,10.51,0.117,9.47,0.104,8.58,0.091,7.7
ma_11x6,ma,2,11.0,6.0,ma_11x6_static_kt0689.txt,3553.0,0.0931,0.0372,2.4371333407281215,248.5184380729527,16.1117572087777,0.1512642791936046,15.424663793813853,0.152,32.31,0.147,35.95,0.149,34.78,0.154,30.11,0.158,25.94,0.16,23.28,0.16,21.16,0.16,19.17,0.159,17.5,0.156,16.06,0.153,14.73,0.148,13.49,0.142,12.51,0.135,11.53,0.127,10.51,0.117,9.47,0.104,8.58,0.091,7.7
ma_11x6,ma,2,11.0,6.0,ma_11x6_static_kt0689.txt,3831.0,0.0935,0.0371,2.845608240804312,290.17128589317576,20.14302593958639,0.1412701472628269,14.40554595736841,0.152,32.31,0.147,35.95,0.149,34.78,0.154,30.11,0.158,25.94,0.16,23.28,0.16,21.16,0.16,19.17,0.159,17.5,0.156,16.06,0.153,14.73,0.148,13.49,0.142,12.51,0.135,11.53,0.127,10.51,0.117,9.47,0.104,8.58,0.091,7.7
ma_11x6,ma,2,11.0,6.0,ma_11x6_static_kt0689.txt,4139.0,0.0936,0.0368,3.3251090777705508,339.0667636522718,25.196977276381926,0.1319646019956251,13.45664441941184,0.152,32.31,0.147,35.95,0.149,34.78,0.154,30.11,0.158,25.94,0.16,23.28,0.16,21.16,0.16,19.17,0.159,17.5,0.156,16.06,0.153,14.73,0.148,13.49,0.142,12.51,0.135,11.53,0.127,10.51,0.117,9.47,0.104,8.58,0.091,7.7
ma_11x6,ma,2,11.0,6.0,ma_11x6_static_kt0689.txt,4401.0,0.0946,0.0368,3.7995579142652702,387.4470807324898,30.29118551688094,0.1254344407269177,12.790753287505694,0.152,32.31,0.147,35.95,0.149,34.78,0.154,30.11,0.158,25.94,0.16,23.28,0.16,21.16,0.16,19.17,0.159,17.5,0.156,16.06,0.153,14.73,0.148,13.49,0.142,12.51,0.135,11.53,0.127,10.51,0.117,9.47,0.104,8.58,0.091,7.7
ma_11x6,ma,2,11.0,6.0,ma_11x6_static_kt0689.txt,4686.0,0.0945,0.0367,4.303041871457306,438.78815614479015,36.46592743997461,0.11800171210619571,12.032825899384166,0.152,32.31,0.147,35.95,0.149,34.78,0.154,30.11,0.158,25.94,0.16,23.28,0.16,21.16,0.16,19.17,0.159,17.5,0.156,16.06,0.153,14.73,0.148,13.49,0.142,12.51,0.135,11.53,0.127,10.51,0.117,9.47,0.104,8.58,0.091,7.7
ma_11x6,ma,2,11.0,6.0,ma_11x6_static_kt0689.txt,4991.0,0.0948,0.0366,4.896916200379768,499.3464843121523,43.93980663856927,0.11144601160081975,11.36433049010822,0.152,32.31,0.147,35.95,0.149,34.78,0.154,30.11,0.158,25.94,0.16,23.28,0.16,21.16,0.16,19.17,0.159,17.5,0.156,16.06,0.153,14.73,0.148,13.49,0.142,12.51,0.135,11.53,0.127,10.51,0.117,9.47,0.104,8.58,0.091,7.7
ma_11x6,ma,2,11.0,6.0,ma_11x6_static_kt0689.txt,5275.0,0.0951,0.0365,5.487374994921793,559.556524901143,51.73382656604985,0.10606938166300005,10.816066818230492,0.152,32.31,0.147,35.95,0.149,34.78,0.154,30.11,0.158,25.94,0.16,23.28,0.16,21.16,0.16,19.17,0.159,17.5,0.156,16.06,0.153,14.73,0.148,13.49,0.142,12.51,0.135,11.53,0.127,10.51,0.117,9.47,0.104,8.58,0.091,7.7
ma_11x6,ma,2,11.0,6.0,ma_11x6_static_kt0689.txt,5568.0,0.0951,0.0364,6.113897664996285,623.4440573484611,60.67550643356533,0.100763850594152,10.275053213294244,0.152,32.31,0.147,35.95,0.149,34.78,0.154,30.11,0.158,25.94,0.16,23.28,0.16,21.16,0.16,19.17,0.159,17.5,0.156,16.06,0.153,14.73,0.148,13.49,0.142,12.51,0.135,11.53,0.127,10.51,0.117,9.47,0.104,8.58,0.091,7.7
ma_11x6,ma,2,11.0,6.0,ma_11x6_static_kt0689.txt,5847.0,0.0953,0.0364,6.756134445732278,688.9339831371854,70.26111081122357,0.09615752395211274,9.805338617378284,0.152,32.31,0.147,35.95,0.149,34.78,0.154,30.11,0.158,25.94,0.16,23.28,0.16,21.16,0.16,19.17,0.159,17.5,0.156,16.06,0.153,14.73,0.148,13.49,0.142,12.51,0.135,11.53,0.127,10.51,0.117,9.47,0.104,8.58,0.091,7.7
ma_11x6,ma,2,11.0,6.0,ma_11x6_static_kt0689.txt,6105.0,0.0954,0.0364,7.373249097102046,751.8621646639828,79.9784042877752,0.09219050020767988,9.400814774431625,0.152,32.31,0.147,35.95,0.149,34.78,0.154,30.11,0.158,25.94,0.16,23.28,0.16,21.16,0.16,19.17,0.159,17.5,0.156,16.06,0.153,14.73,0.148,13.49,0.142,12.51,0.135,11.53,0.127,10.51,0.117,9.47,0.104,8.58,0.091,7.7
ma_11x6,ma,2,11.0,6.0,ma_11x6_static_kt0689.txt,6418.0,0.095,0.0361,8.114508618411739,827.449599854358,92.15537837967139,0.08805246922193445,8.97885304583466,0.152,32.31,0.147,35.95,0.149,34.78,0.154,30.11,0.158,25.94,0.16,23.28,0.16,21.16,0.16,19.17,0.159,17.5,0.156,16.06,0.153,14.73,0.148,13.49,0.142,12.51,0.135,11.53,0.127,10.51,0.117,9.47,0.104,8.58,0.091,7.7
ma_11x7,ma,2,11.0,7.0,ma_11x7_static_rd0586.txt,2002.0,0.0823,0.0404,0.6840174427191152,69.75036763003833,3.13031419763319,0.21851398918239465,22.282225753177148,0.15,34.62,0.145,39.58,0.147,38.36,0.152,32.99,0.157,28.34,0.159,25.34,0.16,22.92,0.159,20.66,0.158,18.64,0.156,16.87,0.152,15.32,0.146,14.01,0.14,12.93,0.133,11.97,0.124,10.96,0.115,9.99,0.102,8.93,0.089,7.86
ma_11x7,ma,2,11.0,7.0,ma_11x7_static_rd0586.txt,2296.0,0.0865,0.0402,0.9455817246413356,96.4225015312401,4.698465591385924,0.20125330413719467,20.52212571440754,0.15,34.62,0.145,39.58,0.147,38.36,0.152,32.99,0.157,28.34,0.159,25.34,0.16,22.92,0.159,20.66,0.158,18.64,0.156,16.87,0.152,15.32,0.146,14.01,0.14,12.93,0.133,11.97,0.124,10.96,0.115,9.99,0.102,8.93,0.089,7.86
ma_11x7,ma,2,11.0,7.0,ma_11x7_static_rd0586.txt,2590.0,0.0902,0.0403,1.2547154933890696,127.9453731283435,6.761120634061303,0.18557803673373907,18.923693283000727,0.15,34.62,0.145,39.58,0.147,38.36,0.152,32.99,0.157,28.34,0.159,25.34,0.16,22.92,0.159,20.66,0.158,18.64,0.156,16.87,0.152,15.32,0.146,14.01,0.14,12.93,0.133,11.97,0.124,10.96,0.115,9.99,0.102,8.93,0.089,7.86
ma_11x7,ma,2,11.0,7.0,ma_11x7_static_rd0586.txt,2893.0,0.0924,0.0398,1.603644257961327,163.52620496921244,9.305564408881272,0.17233175630172434,17.57294859118296,0.15,34.62,0.145,39.58,0.147,38.36,0.152,32.99,0.157,28.34,0.159,25.34,0.16,22.92,0.159,20.66,0.158,18.64,0.156,16.87,0.152,15.32,0.146,14.01,0.14,12.93,0.133,11.97,0.124,10.96,0.115,9.99,0.102,8.93,0.089,7.86
ma_11x7,ma,2,11.0,7.0,ma_11x7_static_rd0586.txt,3180.0,0.0949,0.0396,1.9900301096465236,202.92659671208045,12.296765534655837,0.16183362234874235,16.502436851395977,0.15,34.62,0.145,39.58,0.147,38.36,0.152,32.99,0.157,28.34,0.159,25.34,0.16,22.92,0.159,20.66,0.158,18.64,0.156,16.87,0.152,15.32,0.146,14.01,0.14,12.93,0.133,11.97,0.124,10.96,0.115,9.99,0.102,8.93,0.089,7.86
ma_11x7,ma,2,11.0,7.0,ma_11x7_static_rd0586.txt,3479.0,0.0956,0.0394,2.39941817839306,244.67256182213706,16.020418410559344,0.14977250386990895,15.272545045444568,0.15,34.62,0.145,39.58,0.147,38.36,0.152,32.99,0.157,28.34,0.159,25.34,0.16,22.92,0.159,20.66,0.158,18.64,0.156,16.87,0.152,15.32,0.146,14.01,0.14,12.93,0.133,11.97,0.124,10.96,0.115,9.99,0.102,8.93,0.089,7.86
ma_11x7,ma,2,11.0,7.0,ma_11x7_static_rd0586.txt,3770.0,0.0972,0.0393,2.8647594478445844,292.1241655248821,20.334380572677837,0.14088255295535287,14.366022337429488,0.15,34.62,0.145,39.58,0.147,38.36,0.152,32.99,0.157,28.34,0.159,25.34,0.16,22.92,0.159,20.66,0.158,18.64,0.156,16.87,0.152,15.32,0.146,14.01,0.14,12.93,0.133,11.97,0.124,10.96,0.115,9.99,0.102,8.93,0.089,7.86
ma_11x7,ma,2,11.0,7.0,ma_11x7_static_rd0586.txt,4068.0,0.0982,0.0392,3.3698655304703,343.6306516976032,25.482571192934937,0.13224197452275138,13.484928545706373,0.15,34.62,0.145,39.58,0.147,38.36,0.152,32.99,0.157,28.34,0.159,25.34,0.16,22.92,0.159,20.66,0.158,18.64,0.156,16.87,0.152,15.32,0.146,14.01,0.14,12.93,0.133,11.97,0.124,10.96,0.115,9.99,0.102,8.93,0.089,7.86
ma_11x7,ma,2,11.0,7.0,ma_11x7_static_rd0586.txt,4359.0,0.0991,0.0391,3.904690246030013,398.167595053358,31.271715825363245,0.12486331955162734,12.732515135303835,0.15,34.62,0.145,39.58,0.147,38.36,0.152,32.99,0.157,28.34,0.159,25.34,0.16,22.92,0.159,20.66,0.158,18.64,0.156,16.87,0.152,15.32,0.146,14.01,0.14,12.93,0.133,11.97,0.124,10.96,0.115,9.99,0.102,8.93,0.089,7.86
ma_11x7,ma,2,11.0,7.0,ma_11x7_static_rd0586.txt,4660.0,0.0997,0.0391,4.489584880015323,457.81024916921916,38.20752042124227,0.11750526677777404,11.982202564359293,0.15,34.62,0.145,39.58,0.147,38.36,0.152,32.99,0.157,28.34,0.159,25.34,0.16,22.92,0.159,20.66,0.158,18.64,0.156,16.87,0.152,15.32,0.146,14.01,0.14,12.93,0.133,11.97,0.124,10.96,0.115,9.99,0.102,8.93,0.089,7.86
ma_11x7,ma,2,11.0,7.0,ma_11x7_static_rd0586.txt,4933.0,0.1004,0.0391,5.066349414468995,516.6238638545268,45.32360544388256,0.11178169443606813,11.398560613060335,0.15,34.62,0.145,39.58,0.147,38.36,0.152,32.99,0.157,28.34,0.159,25.34,0.16,22.92,0.159,20.66,0.158,18.64,0.156,16.87,0.152,15.32,0.146,14.01,0.14,12.93,0.133,11.97,0.124,10.96,0.115,9.99,0.102,8.93,0.089,7.86
ma_11x7,ma,2,11.0,7.0,ma_11x7_static_rd0586.txt,5225.0,0.1005,0.0389,5.689549056693332,580.172541764347,53.58248266317907,0.10618300560013225,10.8276532353181,0.15,34.62,0.145,39.58,0.147,38.36,0.152,32.99,0.157,28.34,0.159,25.34,0.16,22.92,0.159,20.66,0.158,18.64,0.156,16.87,0.152,15.32,0.146,14.01,0.14,12.93,0.133,11.97,0.124,10.96,0.115,9.99,0.102,8.93,0.089,7.86
ma_11x7,ma,2,11.0,7.0,ma_11x7_static_rd0586.txt,5543.0,0.1011,0.039,6.441397610271575,656.8397577431208,64.13773061788206,0.10043070667167739,10.241081987394002,0.15,34.62,0.145,39.58,0.147,38.36,0.152,32.99,0.157,28.34,0.159,25.34,0.16,22.92,0.159,20.66,0.158,18.64,0.156,16.87,0.152,15.32,0.146,14.01,0.14,12.93,0.133,11.97,0.124,10.96,0.115,9.99,0.102,8.93,0.089,7.86
ma_11x7,ma,2,11.0,7.0,ma_11x7_static_rd0586.txt,5830.0,0.1011,0.0387,7.125698786534622,726.6190581426505,74.05100819075732,0.09622689765652667,9.812412766492807,0.15,34.62,0.145,39.58,0.147,38.36,0.152,32.99,0.157,28.34,0.159,25.34,0.16,22.92,0.159,20.66,0.158,18.64,0.156,16.87,0.152,15.32,0.146,14.01,0.14,12.93,0.133,11.97,0.124,10.96,0.115,9.99,0.102,8.93,0.089,7.86
ma_11x7,ma,2,11.0,7.0,ma_11x7_static_rd0586.txt,6121.0,0.1015,0.0388,7.885876953034893,804.1356582558666,85.92374756619135,0.09177761883535177,9.358712591491669,0.15,34.62,0.145,39.58,0.147,38.36,0.152,32.99,0.157,28.34,0.159,25.34,0.16,22.92,0.159,20.66,0.158,18.64,0.156,16.87,0.152,15.32,0.146,14.01,0.14,12.93,0.133,11.97,0.124,10.96,0.115,9.99,0.102,8.93,0.089,7.86
ma_11x7,ma,2,11.0,7.0,ma_11x7_static_rd0586.txt,6422.0,0.1015,0.0386,8.680521953135035,885.1668972722628,98.72168396175627,0.08792923301934129,8.966286450453651,0.15,34.62,0.145,39.58,0.147,38.36,0.152,32.99,0.157,28.34,0.159,25.34,0.16,22.92,0.159,20.66,0.158,18.64,0.156,16.87,0.152,15.32,0.146,14.01,0.14,12.93,0.133,11.97,0.124,10.96,0.115,9.99,0.102,8.93,0.089,7.86
ma_11x8,ma,2,11.0,8.0,ma_11x8_static_pg0598.txt,1670.0,0.0929,0.0525,0.5372641363263297,54.78569504635424,2.3611472017911055,0.22754368550964335,23.202998527493424,0.159,35.04,0.145,41.53,0.146,41.45,0.151,37.33,0.155,32.95,0.158,29.67,0.159,26.92,0.159,24.5,0.158,22.46,0.156,20.65,0.153,19.0,0.148,17.5,0.143,16.29,0.136,15.19,0.128,14.03,0.119,12.94,0.104,11.33,0.09,9.7
ma_11x8,ma,2,11.0,8.0,ma_11x8_static_pg0598.txt,1993.0,0.1003,0.0504,0.8261420452149806,84.24304377284605,3.852714070323467,0.21443118542809983,21.865895634910988,0.159,35.04,0.145,41.53,0.146,41.45,0.151,37.33,0.155,32.95,0.158,29.67,0.159,26.92,0.159,24.5,0.158,22.46,0.156,20.65,0.153,19.0,0.148,17.5,0.143,16.29,0.136,15.19,0.128,14.03,0.119,12.94,0.104,11.33,0.09,9.7
ma_11x8,ma,2,11.0,8.0,ma_11x8_static_pg0598.txt,2302.0,0.1043,0.0503,1.1461306906573638,116.87280474549046,5.9251355387802445,0.1934353540363581,19.724916667399988,0.159,35.04,0.145,41.53,0.146,41.45,0.151,37.33,0.155,32.95,0.158,29.67,0.159,26.92,0.159,24.5,0.158,22.46,0.156,20.65,0.153,19.0,0.148,17.5,0.143,16.29,0.136,15.19,0.128,14.03,0.119,12.94,0.104,11.33,0.09,9.7
ma_11x8,ma,2,11.0,8.0,ma_11x8_static_pg0598.txt,2569.0,0.106,0.0495,1.4506854955421298,147.928751973623,8.10423187099238,0.17900345382942384,18.253272404890954,0.159,35.04,0.145,41.53,0.146,41.45,0.151,37.33,0.155,32.95,0.158,29.67,0.159,26.92,0.159,24.5,0.158,22.46,0.156,20.65,0.153,19.0,0.148,17.5,0.143,16.29,0.136,15.19,0.128,14.03,0.119,12.94,0.104,11.33,0.09,9.7
ma_11x8,ma,2,11.0,8.0,ma_11x8_static_pg0598.txt,2867.0,0.1088,0.0494,1.854485646548828,189.1049080520696,11.241502831474968,0.16496776937657062,16.822030905209285,0.159,35.04,0.145,41.53,0.146,41.45,0.151,37.33,0.155,32.95,0.158,29.67,0.159,26.92,0.159,24.5,0.158,22.46,0.156,20.65,0.153,19.0,0.148,17.5,0.143,16.29,0.136,15.19,0.128,14.03,0.119,12.94,0.104,11.33,0.09,9.7
ma_11x8,ma,2,11.0,8.0,ma_11x8_static_pg0598.txt,3138.0,0.1093,0.0489,2.231851195696145,227.58548492055343,14.590898062227735,0.15296187980874607,15.597770880855958,0.159,35.04,0.145,41.53,0.146,41.45,0.151,37.33,0.155,32.95,0.158,29.67,0.159,26.92,0.159,24.5,0.158,22.46,0.156,20.65,0.153,19.0,0.148,17.5,0.143,16.29,0.136,15.19,0.128,14.03,0.119,12.94,0.104,11.33,0.09,9.7
ma_11x8,ma,2,11.0,8.0,ma_11x8_static_pg0598.txt,3441.0,0.11,0.0492,2.7008547292986718,275.41053563639696,19.356795732060643,0.13953005273622063,14.228105697278952,0.159,35.04,0.145,41.53,0.146,41.45,0.151,37.33,0.155,32.95,0.158,29.67,0.159,26.92,0.159,24.5,0.158,22.46,0.156,20.65,0.153,19.0,0.148,17.5,0.143,16.29,0.136,15.19,0.128,14.03,0.119,12.94,0.104,11.33,0.09,9.7
ma_11x8,ma,2,11.0,8.0,ma_11x8_static_pg0598.txt,3721.0,0.11,0.0483,3.15828429148845,322.05536972242817,24.029265017690737,0.131434910271424,13.40263089550703,0.159,35.04,0.145,41.53,0.146,41.45,0.151,37.33,0.155,32.95,0.158,29.67,0.159,26.92,0.159,24.5,0.158,22.46,0.156,20.65,0.153,19.0,0.148,17.5,0.143,16.29,0.136,15.19,0.128,14.03,0.119,12.94,0.104,11.33,0.09,9.7
ma_11x8,ma,2,11.0,8.0,ma_11x8_static_pg0598.txt,4012.0,0.1104,0.0479,3.684937422961661,375.75904340031116,29.86982188530891,0.12336656834147547,12.579888987725216,0.159,35.04,0.145,41.53,0.146,41.45,0.151,37.33,0.155,32.95,0.158,29.67,0.159,26.92,0.159,24.5,0.158,22.46,0.156,20.65,0.153,19.0,0.148,17.5,0.143,16.29,0.136,15.19,0.128,14.03,0.119,12.94,0.104,11.33,0.09,9.7
ma_11x8,ma,2,11.0,8.0,ma_11x8_static_pg0598.txt,4296.0,0.1105,0.0476,4.228925345183563,431.2303737956961,36.442999680730885,0.11604218594057154,11.833009839300022,0.159,35.04,0.145,41.53,0.146,41.45,0.151,37.33,0.155,32.95,0.158,29.67,0.159,26.92,0.159,24.5,0.158,22.46,0.156,20.65,0.153,19.0,0.148,17.5,0.143,16.29,0.136,15.19,0.128,14.03,0.119,12.94,0.104,11.33,0.09,9.7
ma_11x8,ma,2,11.0,8.0,ma_11x8_static_pg0598.txt,4576.0,0.1103,0.0474,4.789462079145761,488.3892133547911,43.85819311232881,0.10920336063273463,11.135643734887514,0.159,35.04,0.145,41.53,0.146,41.45,0.151,37.33,0.155,32.95,0.158,29.67,0.159,26.92,0.159,24.5,0.158,22.46,0.156,20.65,0.153,19.0,0.148,17.5,0.143,16.29,0.136,15.19,0.128,14.03,0.119,12.94,0.104,11.33,0.09,9.7
ma_11x8,ma,2,11.0,8.0,ma_11x8_static_pg0598.txt,4877.0,0.1105,0.0474,5.450131540803655,555.7587495019865,53.094673547843065,0.10264930880293666,10.46731644373325,0.159,35.04,0.145,41.53,0.146,41.45,0.151,37.33,0.155,32.95,0.158,29.67,0.159,26.92,0.159,24.5,0.158,22.46,0.156,20.65,0.153,19.0,0.148,17.5,0.143,16.29,0.136,15.19,0.128,14.03,0.119,12.94,0.104,11.33,0.09,9.7
ma_11x8,ma,2,11.0,8.0,ma_11x8_static_pg0598.txt,5139.0,0.1102,0.0471,6.035010429014223,615.3997979956687,61.72642242702228,0.09777029336422788,9.969795329111154,0.159,35.04,0.145,41.53,0.146,41.45,0.151,37.33,0.155,32.95,0.158,29.67,0.159,26.92,0.159,24.5,0.158,22.46,0.156,20.65,0.153,19.0,0.148,17.5,0.143,16.29,0.136,15.19,0.128,14.03,0.119,12.94,0.104,11.33,0.09,9.7
ma_11x8,ma,2,11.0,8.0,ma_11x8_static_pg0598.txt,5441.0,0.1102,0.0469,6.765162632562701,689.854601985663,72.94967591984064,0.09273739118452659,9.456582134013818,0.159,35.04,0.145,41.53,0.146,41.45,0.151,37.33,0.155,32.95,0.158,29.67,0.159,26.92,0.159,24.5,0.158,22.46,0.156,20.65,0.153,19.0,0.148,17.5,0.143,16.29,0.136,15.19,0.128,14.03,0.119,12.94,0.104,11.33,0.09,9.7
ma_11x8,ma,2,11.0,8.0,ma_11x8_static_pg0598.txt,5732.0,0.1102,0.047,7.508153673994715,765.6186030902211,85.47335467172579,0.08784203805771976,8.957395038848105,0.159,35.04,0.145,41.53,0.146,41.45,0.151,37.33,0.155,32.95,0.158,29.67,0.159,26.92,0.159,24.5,0.158,22.46,0.156,20.65,0.153,19.0,0.148,17.5,0.143,16.29,0.136,15.19,0.128,14.03,0.119,12.94,0.104,11.33,0.09,9.7
ma_11x8,ma,2,11.0,8.0,ma_11x8_static_pg0598.txt,6005.0,0.1102,0.047,8.240371910565727,840.2840838171779,98.2768526482574,0.0838485532301165,8.550172916349265,0.159,35.04,0.145,41.53,0.146,41.45,0.151,37.33,0.155,32.95,0.158,29.67,0.159,26.92,0.159,24.5,0.158,22.46,0.156,20.65,0.153,19.0,0.148,17.5,0.143,16.29,0.136,15.19,0.128,14.03,0.119,12.94,0.104,11.33,0.09,9.7
ma_9x4,ma,2,9.0,4.0,ma_9x4_static_rd0894.txt,2985.0,0.0641,0.0311,0.530744121479229,54.1208385615097,2.9285784566164272,0.1812292650996386,18.480241988817653,0.153,30.18,0.148,32.66,0.149,31.47,0.154,26.99,0.159,23.27,0.161,21.06,0.161,19.25,0.161,17.6,0.16,16.14,0.158,14.96,0.154,13.83,0.149,12.99,0.143,12.28,0.135,11.69,0.127,10.92,0.118,10.17,0.105,9.28,0.091,8.38
ma_9x4,ma,2,9.0,4.0,ma_9x4_static_rd0894.txt,3313.0,0.0685,0.0316,0.6986697423172384,71.24448637579995,4.068317680682262,0.1717343130883699,17.512026338083842,0.153,30.18,0.148,32.66,0.149,31.47,0.154,26.99,0.159,23.27,0.161,21.06,0.161,19.25,0.161,17.6,0.16,16.14,0.158,14.96,0.154,13.83,0.149,12.99,0.143,12.28,0.135,11.69,0.127,10.92,0.118,10.17,0.105,9.28,0.091,8.38
ma_9x4,ma,2,9.0,4.0,ma_9x4_static_rd0894.txt,3558.0,0.0693,0.0309,0.815236497162574,83.13098735680116,4.927649151658046,0.16544126257208566,16.870313774029427,0.153,30.18,0.148,32.66,0.149,31.47,0.154,26.99,0.159,23.27,0.161,21.06,0.161,19.25,0.161,17.6,0.16,16.14,0.158,14.96,0.154,13.83,0.149,12.99,0.143,12.28,0.135,11.69,0.127,10.92,0.118,10.17,0.105,9.28,0.091,8.38
ma_9x4,ma,2,9.0,4.0,ma_9x4_static_rd0894.txt,3793.0,0.071,0.031,0.9492104839000297,96.79253199614851,5.989267214243233,0.1584852453473252,16.160997419845227,0.153,30.18,0.148,32.66,0.149,31.47,0.154,26.99,0.159,23.27,0.161,21.06,0.161,19.25,0.161,17.6,0.16,16.14,0.158,14.96,0.154,13.83,0.149,12.99,0.143,12.28,0.135,11.69,0.127,10.92,0.118,10.17,0.105,9.28,0.091,8.38
ma_9x4,ma,2,9.0,4.0,ma_9x4_static_rd0894.txt,4072.0,0.0724,0.0308,1.1155591353898637,113.7553736892684,7.362706564711869,0.1515148166757777,15.45021150706691,0.153,30.18,0.148,32.66,0.149,31.47,0.154,26.99,0.159,23.27,0.161,21.06,0.161,19.25,0.161,17.6,0.16,16.14,0.158,14.96,0.154,13.83,0.149,12.99,0.143,12.28,0.135,11.69,0.127,10.92,0.118,10.17,0.105,9.28,0.091,8.38
ma_9x4,ma,2,9.0,4.0,ma_9x4_static_rd0894.txt,4357.0,0.0735,0.0306,1.2965848749633984,132.21486185021374,8.960816298243909,0.1446949509742205,14.754778744445913,0.153,30.18,0.148,32.66,0.149,31.47,0.154,26.99,0.159,23.27,0.161,21.06,0.161,19.25,0.161,17.6,0.16,16.14,0.158,14.96,0.154,13.83,0.149,12.99,0.143,12.28,0.135,11.69,0.127,10.92,0.118,10.17,0.105,9.28,0.091,8.38
ma_9x4,ma,2,9.0,4.0,ma_9x4_static_rd0894.txt,4634.0,0.074,0.0304,1.4766659842763037,150.57802453195575,10.710386414887854,0.13787233504700452,14.059065536855556,0.153,30.18,0.148,32.66,0.149,31.47,0.154,26.99,0.159,23.27,0.161,21.06,0.161,19.25,0.161,17.6,0.16,16.14,0.158,14.96,0.154,13.83,0.149,12.99,0.143,12.28,0.135,11.69,0.127,10.92,0.118,10.17,0.105,9.28,0.091,8.38
ma_9x4,ma,2,9.0,4.0,ma_9x4_static_rd0894.txt,4898.0,0.0752,0.0304,1.6764626968490954,170.95161924297244,12.647171093463609,0.13255633884130305,13.516984784947262,0.153,30.18,0.148,32.66,0.149,31.47,0.154,26.99,0.159,23.27,0.161,21.06,0.161,19.25,0.161,17.6,0.16,16.14,0.158,14.96,0.154,13.83,0.149,12.99,0.143,12.28,0.135,11.69,0.127,10.92,0.118,10.17,0.105,9.28,0.091,8.38
ma_9x4,ma,2,9.0,4.0,ma_9x4_static_rd0894.txt,5134.0,0.0758,0.0303,1.8566046185051572,189.32098305794105,14.516893453891589,0.1278926944254352,13.041425402704817,0.153,30.18,0.148,32.66,0.149,31.47,0.154,26.99,0.159,23.27,0.161,21.06,0.161,19.25,0.161,17.6,0.16,16.14,0.158,14.96,0.154,13.83,0.149,12.99,0.143,12.28,0.135,11.69,0.127,10.92,0.118,10.17,0.105,9.28,0.091,8.38
ma_9x4,ma,2,9.0,4.0,ma_9x4_static_rd0894.txt,5418.0,0.0761,0.0301,2.0758747689501136,211.6803158010242,16.949112624702106,0.122476899818618,12.489168046031828,0.153,30.18,0.148,32.66,0.149,31.47,0.154,26.99,0.159,23.27,0.161,21.06,0.161,19.25,0.161,17.6,0.16,16.14,0.158,14.96,0.154,13.83,0.149,12.99,0.143,12.28,0.135,11.69,0.127,10.92,0.118,10.17,0.105,9.28,0.091,8.38
ma_9x4,ma,2,9.0,4.0,ma_9x4_static_rd0894.txt,5682.0,0.0769,0.0301,2.307104629973868,235.25919962207973,19.54940984928385,0.1180140294648528,12.034081920416535,0.153,30.18,0.148,32.66,0.149,31.47,0.154,26.99,0.159,23.27,0.161,21.06,0.161,19.25,0.161,17.6,0.16,16.14,0.158,14.96,0.154,13.83,0.149,12.99,0.143,12.28,0.135,11.69,0.127,10.92,0.118,10.17,0.105,9.28,0.091,8.38
ma_9x4,ma,2,9.0,4.0,ma_9x4_static_rd0894.txt,5952.0,0.0774,0.0301,2.548034464471566,259.8272054648189,22.470810178039006,0.11339308392902499,11.562876612199375,0.153,30.18,0.148,32.66,0.149,31.47,0.154,26.99,0.159,23.27,0.161,21.06,0.161,19.25,0.161,17.6,0.16,16.14,0.158,14.96,0.154,13.83,0.149,12.99,0.143,12.28,0.135,11.69,0.127,10.92,0.118,10.17,0.105,9.28,0.091,8.38
ma_9x4,ma,2,9.0,4.0,ma_9x4_static_rd0894.txt,6228.0,0.0779,0.0301,2.807845178745466,286.32052522986606,25.743985084126038,0.10906800829669558,11.12184163773517,0.153,30.18,0.148,32.66,0.149,31.47,0.154,26.99,0.159,23.27,0.161,21.06,0.161,19.25,0.161,17.6,0.16,16.14,0.158,14.96,0.154,13.83,0.149,12.99,0.143,12.28,0.135,11.69,0.127,10.92,0.118,10.17,0.105,9.28,0.091,8.38
ma_9x4,ma,2,9.0,4.0,ma_9x4_static_rd0894.txt,6490.0,0.0783,0.0299,3.0647118517149323,312.5136363299325,28.938015609661328,0.10590608191847609,10.79941487852387,0.153,30.18,0.148,32.66,0.149,31.47,0.154,26.99,0.159,23.27,0.161,21.06,0.161,19.25,0.161,17.6,0.16,16.14,0.158,14.96,0.154,13.83,0.149,12.99,0.143,12.28,0.135,11.69,0.127,10.92,0.118,10.17,0.105,9.28,0.091,8.38
ma_9x4,ma,2,9.0,4.0,ma_9x4_static_rd0894.txt,6756.0,0.0783,0.0298,3.321081520067074,338.6560670633778,32.534838450741205,0.10207770126460897,10.409028696303935,0.153,30.18,0.148,32.66,0.149,31.47,0.154,26.99,0.159,23.27,0.161,21.06,0.161,19.25,0.161,17.6,0.16,16.14,0.158,14.96,0.154,13.83,0.149,12.99,0.143,12.28,0.135,11.69,0.127,10.92,0.118,10.17,0.105,9.28,0.091,8.38
ma_9x4,ma,2,9.0,4.0,ma_9x4_static_rd0894.txt,7007.0,0.0788,0.0298,3.5952487557028645,366.61334458789344,36.29744738638982,0.09904963060986344,10.100251422235264,0.153,30.18,0.148,32.66,0.149,31.47,0.154,26.99,0.159,23.27,0.161,21.06,0.161,19.25,0.161,17.6,0.16,16.14,0.158,14.96,0.154,13.83,0.149,12.99,0.143,12.28,0.135,11.69,0.127,10.92,0.118,10.17,0.105,9.28,0.091,8.38
ma_9x6,ma,2,9.0,6.0,ma_9x6_static_rd0886.txt,2510.0,0.0821,0.0484,0.4806501611451486,49.01267620901619,2.709754797962034,0.17737773229763754,18.08749494451597,0.152,33.41,0.146,37.35,0.148,37.66,0.152,34.46,0.156,30.73,0.159,27.7,0.159,25.27,0.159,23.09,0.157,21.22,0.155,19.54,0.152,18.03,0.146,16.76,0.141,15.68,0.133,14.8,0.124,13.79,0.114,12.5,0.098,11.42,0.081,10.34
ma_9x6,ma,2,9.0,6.0,ma_9x6_static_rd0886.txt,2785.0,0.0846,0.0482,0.6097604532202509,62.178262018145944,3.68626119602259,0.16541433739914346,16.867568170490788,0.152,33.41,0.146,37.35,0.148,37.66,0.152,34.46,0.156,30.73,0.159,27.7,0.159,25.27,0.159,23.09,0.157,21.22,0.155,19.54,0.152,18.03,0.146,16.76,0.141,15.68,0.133,14.8,0.124,13.79,0.114,12.5,0.098,11.42,0.081,10.34
ma_9x6,ma,2,9.0,6.0,ma_9x6_static_rd0886.txt,3100.0,0.0891,0.0478,0.7956820922620829,81.13699298558457,5.041693568615225,0.15782039932280706,16.09320199281172,0.152,33.41,0.146,37.35,0.148,37.66,0.152,34.46,0.156,30.73,0.159,27.7,0.159,25.27,0.159,23.09,0.157,21.22,0.155,19.54,0.152,18.03,0.146,16.76,0.141,15.68,0.133,14.8,0.124,13.79,0.114,12.5,0.098,11.42,0.081,10.34
ma_9x6,ma,2,9.0,6.0,ma_9x6_static_rd0886.txt,3329.0,0.094,0.0477,0.9680414111612925,98.71275217952028,6.230504762967997,0.15537126573034687,15.84345986961367,0.152,33.41,0.146,37.35,0.148,37.66,0.152,34.46,0.156,30.73,0.159,27.7,0.159,25.27,0.159,23.09,0.157,21.22,0.155,19.54,0.152,18.03,0.146,16.76,0.141,15.68,0.133,14.8,0.124,13.79,0.114,12.5,0.098,11.42,0.081,10.34
ma_9x6,ma,2,9.0,6.0,ma_9x6_static_rd0886.txt,3654.0,0.0971,0.0471,1.2047441000157924,122.84970912756063,8.135607799995125,0.14808286358353143,15.100249686032585,0.152,33.41,0.146,37.35,0.148,37.66,0.152,34.46,0.156,30.73,0.159,27.7,0.159,25.27,0.159,23.09,0.157,21.22,0.155,19.54,0.152,18.03,0.146,16.76,0.141,15.68,0.133,14.8,0.124,13.79,0.114,12.5,0.098,11.42,0.081,10.34
ma_9x6,ma,2,9.0,6.0,ma_9x6_static_rd0886.txt,3942.0,0.0997,0.0468,1.4396830460883858,146.80681436457772,10.149839639538211,0.14184293518098257,14.463954070042531,0.152,33.41,0.146,37.35,0.148,37.66,0.152,34.46,0.156,30.73,0.159,27.7,0.159,25.27,0.159,23.09,0.157,21.22,0.155,19.54,0.152,18.03,0.146,16.76,0.141,15.68,0.133,14.8,0.124,13.79,0.114,12.5,0.098,11.42,0.081,10.34
ma_9x6,ma,2,9.0,6.0,ma_9x6_static_rd0886.txt,4222.0,0.1011,0.0465,1.6746579122520113,170.76758243151448,12.389994330562478,0.13516212094795896,13.782700611111743,0.152,33.41,0.146,37.35,0.148,37.66,0.152,34.46,0.156,30.73,0.159,27.7,0.159,25.27,0.159,23.09,0.157,21.22,0.155,19.54,0.152,18.03,0.146,16.76,0.141,15.68,0.133,14.8,0.124,13.79,0.114,12.5,0.098,11.42,0.081,10.34
ma_9x6,ma,2,9.0,6.0,ma_9x6_static_rd0886.txt,4524.0,0.1023,0.0463,1.945625808019227,198.3986180825488,15.177919588073891,0.1281879111777618,13.071529133573831,0.152,33.41,0.146,37.35,0.148,37.66,0.152,34.46,0.156,30.73,0.159,27.7,0.159,25.27,0.159,23.09,0.157,21.22,0.155,19.54,0.152,18.03,0.146,16.76,0.141,15.68,0.133,14.8,0.124,13.79,0.114,12.5,0.098,11.42,0.081,10.34
ma_9x6,ma,2,9.0,6.0,ma_9x6_static_rd0886.txt,4800.0,0.1034,0.0461,2.2138159172383816,225.74639833565814,18.050452991241773,0.12264600330598589,12.506411802805841,0.152,33.41,0.146,37.35,0.148,37.66,0.152,34.46,0.156,30.73,0.159,27.7,0.159,25.27,0.159,23.09,0.157,21.22,0.155,19.54,0.152,18.03,0.146,16.76,0.141,15.68,0.133,14.8,0.124,13.79,0.114,12.5,0.098,11.42,0.081,10.34
ma_9x6,ma,2,9.0,6.0,ma_9x6_static_rd0886.txt,5094.0,0.104,0.0459,2.5077816066848957,255.72255629444265,21.480924825953956,0.11674458278699956,11.904634384524744,0.152,33.41,0.146,37.35,0.148,37.66,0.152,34.46,0.156,30.73,0.159,27.7,0.159,25.27,0.159,23.09,0.157,21.22,0.155,19.54,0.152,18.03,0.146,16.76,0.141,15.68,0.133,14.8,0.124,13.79,0.114,12.5,0.098,11.42,0.081,10.34
ma_9x6,ma,2,9.0,6.0,ma_9x6_static_rd0886.txt,5370.0,0.1046,0.0457,2.8029719268023823,285.8235918282372,25.055468338408225,0.11187066587398921,11.407633174834345,0.152,33.41,0.146,37.35,0.148,37.66,0.152,34.46,0.156,30.73,0.159,27.7,0.159,25.27,0.159,23.09,0.157,21.22,0.155,19.54,0.152,18.03,0.146,16.76,0.141,15.68,0.133,14.8,0.124,13.79,0.114,12.5,0.098,11.42,0.081,10.34
ma_9x6,ma,2,9.0,6.0,ma_9x6_static_rd0886.txt,5666.0,0.1052,0.0456,3.1383933317104282,320.0270563046941,29.366894366663416,0.10686841082089552,10.897545116925304,0.152,33.41,0.146,37.35,0.148,37.66,0.152,34.46,0.156,30.73,0.159,27.7,0.159,25.27,0.159,23.09,0.157,21.22,0.155,19.54,0.152,18.03,0.146,16.76,0.141,15.68,0.133,14.8,0.124,13.79,0.114,12.5,0.098,11.42,0.081,10.34
ma_9x6,ma,2,9.0,6.0,ma_9x6_static_rd0886.txt,5944.0,0.1054,0.0454,3.4604828764063233,352.87104938040244,33.756368792575785,0.10251348116469819,10.453465879245023,0.152,33.41,0.146,37.35,0.148,37.66,0.152,34.46,0.156,30.73,0.159,27.7,0.159,25.27,0.159,23.09,0.157,21.22,0.155,19.54,0.152,18.03,0.146,16.76,0.141,15.68,0.133,14.8,0.124,13.79,0.114,12.5,0.098,11.42,0.081,10.34
ma_9x6,ma,2,9.0,6.0,ma_9x6_static_rd0886.txt,6261.0,0.1056,0.0452,3.8467132902247574,392.25559087198565,39.27652115702329,0.09793925675968126,9.987024800485514,0.152,33.41,0.146,37.35,0.148,37.66,0.152,34.46,0.156,30.73,0.159,27.7,0.159,25.27,0.159,23.09,0.157,21.22,0.155,19.54,0.152,18.03,0.146,16.76,0.141,15.68,0.133,14.8,0.124,13.79,0.114,12.5,0.098,11.42,0.081,10.34
ma_9x6,ma,2,9.0,6.0,ma_9x6_static_rd0886.txt,6532.0,0.1055,0.045,4.182956073382326,426.54281262024506,44.40322457137538,0.09420388077128246,9.606122454791644,0.152,33.41,0.146,37.35,0.148,37.66,0.152,34.46,0.156,30.73,0.159,27.7,0.159,25.27,0.159,23.09,0.157,21.22,0.155,19.54,0.152,18.03,0.146,16.76,0.141,15.68,0.133,14.8,0.124,13.79,0.114,12.5,0.098,11.42,0.081,10.34
ma_9x6,ma,2,9.0,6.0,ma_9x6_static_rd0886.txt,6806.0,0.1052,0.0447,4.52833055429491,461.7612083937849,49.89382796559243,0.09075933314673146,9.254876348878717,0.152,33.41,0.146,37.35,0.148,37.66,0.152,34.46,0.156,30.73,0.159,27.7,0.159,25.27,0.159,23.09,0.157,21.22,0.155,19.54,0.152,18.03,0.146,16.76,0.141,15.68,0.133,14.8,0.124,13.79,0.114,12.5,0.098,11.42,0.081,10.34
mae_10x7,mae,2,10.0,7.0,mae_10x7_static_jb0754.txt,2182.0,0.1075,0.0649,0.7249138730841035,73.92064293964846,4.04259147856628,0.1793191018502807,18.285459545337165,0.15,33.12,0.158,38.03,0.164,38.18,0.168,35.49,0.17,31.84,0.172,28.33,0.175,25.5,0.177,23.22,0.176,21.3,0.172,19.6,0.165,18.07,0.156,16.72,0.144,15.62,0.133,14.79,0.121,13.95,0.11,13.15,0.089,13.26,0.067,13.46
mae_10x7,mae,2,10.0,7.0,mae_10x7_static_jb0754.txt,2484.0,0.1128,0.0661,0.9857816668510974,100.52175481444708,6.07445269948222,0.16228320733078133,16.548281760925633,0.15,33.12,0.158,38.03,0.164,38.18,0.168,35.49,0.17,31.84,0.172,28.33,0.175,25.5,0.177,23.22,0.176,21.3,0.172,19.6,0.165,18.07,0.156,16.72,0.144,15.62,0.133,14.79,0.121,13.95,0.11,13.15,0.089,13.26,0.067,13.46
mae_10x7,mae,2,10.0,7.0,mae_10x7_static_jb0754.txt,2780.0,0.1143,0.0652,1.2511352972127883,127.58029471968393,8.399102941911154,0.14896058613232113,15.189752477382301,0.15,33.12,0.158,38.03,0.164,38.18,0.168,35.49,0.17,31.84,0.172,28.33,0.175,25.5,0.177,23.22,0.176,21.3,0.172,19.6,0.165,18.07,0.156,16.72,0.144,15.62,0.133,14.79,0.121,13.95,0.11,13.15,0.089,13.26,0.067,13.46
mae_10x7,mae,2,10.0,7.0,mae_10x7_static_jb0754.txt,3048.0,0.1167,0.0645,1.5355686456362312,156.58442440958243,10.951043984319499,0.14022121067497947,14.298584192867033,0.15,33.12,0.158,38.03,0.164,38.18,0.168,35.49,0.17,31.84,0.172,28.33,0.175,25.5,0.177,23.22,0.176,21.3,0.172,19.6,0.165,18.07,0.156,16.72,0.144,15.62,0.133,14.79,0.121,13.95,0.11,13.15,0.089,13.26,0.067,13.46
mae_10x7,mae,2,10.0,7.0,mae_10x7_static_jb0754.txt,3295.0,0.1211,0.0641,1.8621876213942397,189.89029091425104,13.749129640916616,0.13544040023104276,13.811077200781385,0.15,33.12,0.158,38.03,0.164,38.18,0.168,35.49,0.17,31.84,0.172,28.33,0.175,25.5,0.177,23.22,0.176,21.3,0.172,19.6,0.165,18.07,0.156,16.72,0.144,15.62,0.133,14.79,0.121,13.95,0.11,13.15,0.089,13.26,0.067,13.46
mae_10x7,mae,2,10.0,7.0,mae_10x7_static_jb0754.txt,3584.0,0.1219,0.0635,2.217727398967827,226.14525846928635,17.527850038438647,0.12652592269470253,12.902053473378018,0.15,33.12,0.158,38.03,0.164,38.18,0.168,35.49,0.17,31.84,0.172,28.33,0.175,25.5,0.177,23.22,0.176,21.3,0.172,19.6,0.165,18.07,0.156,16.72,0.144,15.62,0.133,14.79,0.121,13.95,0.11,13.15,0.089,13.26,0.067,13.46
mae_10x7,mae,2,10.0,7.0,mae_10x7_static_jb0754.txt,3851.0,0.1239,0.0638,2.6024763888578732,265.3787367610625,21.847017433514562,0.11912273136494719,12.147138050705104,0.15,33.12,0.158,38.03,0.164,38.18,0.168,35.49,0.17,31.84,0.172,28.33,0.175,25.5,0.177,23.22,0.176,21.3,0.172,19.6,0.165,18.07,0.156,16.72,0.144,15.62,0.133,14.79,0.121,13.95,0.11,13.15,0.089,13.26,0.067,13.46
mae_10x7,mae,2,10.0,7.0,mae_10x7_static_jb0754.txt,4113.0,0.1257,0.0634,3.0117654792546995,307.1146088883258,26.449429383387553,0.11386882626459757,11.61138882947771,0.15,33.12,0.158,38.03,0.164,38.18,0.168,35.49,0.17,31.84,0.172,28.33,0.175,25.5,0.177,23.22,0.176,21.3,0.172,19.6,0.165,18.07,0.156,16.72,0.144,15.62,0.133,14.79,0.121,13.95,0.11,13.15,0.089,13.26,0.067,13.46
mae_10x7,mae,2,10.0,7.0,mae_10x7_static_jb0754.txt,4387.0,0.1264,0.063,3.445488440180868,351.3420424080464,31.892926596617826,0.10803299690114529,11.016299847669215,0.15,33.12,0.158,38.03,0.164,38.18,0.168,35.49,0.17,31.84,0.172,28.33,0.175,25.5,0.177,23.22,0.176,21.3,0.172,19.6,0.165,18.07,0.156,16.72,0.144,15.62,0.133,14.79,0.121,13.95,0.11,13.15,0.089,13.26,0.067,13.46
mae_10x7,mae,2,10.0,7.0,mae_10x7_static_jb0754.txt,4654.0,0.1342,0.0628,4.1169323260934165,419.81026406503923,37.95680959036177,0.10846360298782365,11.060209448468505,0.15,33.12,0.158,38.03,0.164,38.18,0.168,35.49,0.17,31.84,0.172,28.33,0.175,25.5,0.177,23.22,0.176,21.3,0.172,19.6,0.165,18.07,0.156,16.72,0.144,15.62,0.133,14.79,0.121,13.95,0.11,13.15,0.089,13.26,0.067,13.46
mae_10x7,mae,2,10.0,7.0,mae_10x7_static_jb0754.txt,4953.0,0.1342,0.0625,4.662916367997616,475.48514202073255,45.53401244842754,0.10240512788717886,10.442416919863447,0.15,33.12,0.158,38.03,0.164,38.18,0.168,35.49,0.17,31.84,0.172,28.33,0.175,25.5,0.177,23.22,0.176,21.3,0.172,19.6,0.165,18.07,0.156,16.72,0.144,15.62,0.133,14.79,0.121,13.95,0.11,13.15,0.089,13.26,0.067,13.46
mae_10x7,mae,2,10.0,7.0,mae_10x7_static_jb0754.txt,5217.0,0.1344,0.0625,5.180949946689552,528.3098659266469,53.210023185278445,0.09736793251619855,9.928765941090848,0.15,33.12,0.158,38.03,0.164,38.18,0.168,35.49,0.17,31.84,0.172,28.33,0.175,25.5,0.177,23.22,0.176,21.3,0.172,19.6,0.165,18.07,0.156,16.72,0.144,15.62,0.133,14.79,0.121,13.95,0.11,13.15,0.089,13.26,0.067,13.46
mae_10x7,mae,2,10.0,7.0,mae_10x7_static_jb0754.txt,5503.0,0.1343,0.0623,5.760278650523409,587.3849531209343,62.24973482540752,0.0925349909791475,9.435943056920305,0.15,33.12,0.158,38.03,0.164,38.18,0.168,35.49,0.17,31.84,0.172,28.33,0.175,25.5,0.177,23.22,0.176,21.3,0.172,19.6,0.165,18.07,0.156,16.72,0.144,15.62,0.133,14.79,0.121,13.95,0.11,13.15,0.089,13.26,0.067,13.46
mae_10x7,mae,2,10.0,7.0,mae_10x7_static_jb0754.txt,5749.0,0.1335,0.0619,6.249342647412206,637.2556018020636,70.52100545036953,0.08861675478819282,9.036394159900969,0.15,33.12,0.158,38.03,0.164,38.18,0.168,35.49,0.17,31.84,0.172,28.33,0.175,25.5,0.177,23.22,0.176,21.3,0.172,19.6,0.165,18.07,0.156,16.72,0.144,15.62,0.133,14.79,0.121,13.95,0.11,13.15,0.089,13.26,0.067,13.46
mae_10x7,mae,2,10.0,7.0,mae_10x7_static_jb0754.txt,6015.0,0.1339,0.062,6.861519387216804,699.6802564807355,80.90018321744957,0.08481463346966593,8.64868568467988,0.15,33.12,0.158,38.03,0.164,38.18,0.168,35.49,0.17,31.84,0.172,28.33,0.175,25.5,0.177,23.22,0.176,21.3,0.172,19.6,0.165,18.07,0.156,16.72,0.144,15.62,0.133,14.79,0.121,13.95,0.11,13.15,0.089,13.26,0.067,13.46
mae_10x7,mae,2,10.0,7.0,mae_10x7_static_jb0754.txt,6305.0,0.1337,0.0618,7.527834170065066,767.6254551824596,92.87411074034499,0.08105417225593889,8.265225357888667,0.15,33.12,0.158,38.03,0.164,38.18,0.168,35.49,0.17,31.84,0.172,28.33,0.175,25.5,0.177,23.22,0.176,21.3,0.172,19.6,0.165,18.07,0.156,16.72,0.144,15.62,0.133,14.79,0.121,13.95,0.11,13.15,0.089,13.26,0.067,13.46
mae_11x7,mae,2,11.0,7.0,mae_11x7_static_rd0577.txt,2003.0,0.1091,0.0648,0.9076655330646823,92.55612600273105,5.028427585118863,0.18050683194699454,18.40657430896326,0.154,32.48,0.155,37.51,0.161,38.3,0.165,35.96,0.167,32.45,0.17,28.98,0.173,26.06,0.175,23.68,0.175,21.62,0.172,19.84,0.167,18.22,0.158,16.86,0.147,15.73,0.136,14.82,0.125,14.11,0.114,13.4,0.095,13.3,0.077,13.23
mae_11x7,mae,2,11.0,7.0,mae_11x7_static_rd0577.txt,2268.0,0.1099,0.0641,1.1722574133917003,119.53698902190865,7.2210695281114665,0.1623384747686098,16.553917471165978,0.154,32.48,0.155,37.51,0.161,38.3,0.165,35.96,0.167,32.45,0.17,28.98,0.173,26.06,0.175,23.68,0.175,21.62,0.172,19.84,0.167,18.22,0.158,16.86,0.147,15.73,0.136,14.82,0.125,14.11,0.114,13.4,0.095,13.3,0.077,13.23
mae_11x7,mae,2,11.0,7.0,mae_11x7_static_rd0577.txt,2534.0,0.1111,0.0638,1.4793348045291563,150.8501684600915,10.02431849713165,0.14757460120131377,15.048421346873171,0.154,32.48,0.155,37.51,0.161,38.3,0.165,35.96,0.167,32.45,0.17,28.98,0.173,26.06,0.175,23.68,0.175,21.62,0.172,19.84,0.167,18.22,0.158,16.86,0.147,15.73,0.136,14.82,0.125,14.11,0.114,13.4,0.095,13.3,0.077,13.23
mae_11x7,mae,2,11.0,7.0,mae_11x7_static_rd0577.txt,2779.0,0.1131,0.0641,1.8112520646225496,184.69630960853604,13.284279859519916,0.13634552145666756,13.903373879629392,0.154,32.48,0.155,37.51,0.161,38.3,0.165,35.96,0.167,32.45,0.17,28.98,0.173,26.06,0.175,23.68,0.175,21.62,0.172,19.84,0.167,18.22,0.158,16.86,0.147,15.73,0.136,14.82,0.125,14.11,0.114,13.4,0.095,13.3,0.077,13.23
mae_11x7,mae,2,11.0,7.0,mae_11x7_static_rd0577.txt,3077.0,0.1138,0.0638,2.234274092025744,227.8325515875191,17.94806004971129,0.12448554806688894,12.693993164524986,0.154,32.48,0.155,37.51,0.161,38.3,0.165,35.96,0.167,32.45,0.17,28.98,0.173,26.06,0.175,23.68,0.175,21.62,0.172,19.84,0.167,18.22,0.158,16.86,0.147,15.73,0.136,14.82,0.125,14.11,0.114,13.4,0.095,13.3,0.077,13.23
mae_11x7,mae,2,11.0,7.0,mae_11x7_static_rd0577.txt,3320.0,0.1143,0.0641,2.6125318446466816,266.4041078907356,22.650960726490542,0.11533867707391755,11.761271899569941,0.154,32.48,0.155,37.51,0.161,38.3,0.165,35.96,0.167,32.45,0.17,28.98,0.173,26.06,0.175,23.68,0.175,21.62,0.172,19.84,0.167,18.22,0.158,16.86,0.147,15.73,0.136,14.82,0.125,14.11,0.114,13.4,0.095,13.3,0.077,13.23
mae_11x7,mae,2,11.0,7.0,mae_11x7_static_rd0577.txt,3571.0,0.1172,0.0644,3.099177904625126,316.0281956249205,28.318468626643767,0.10944016590322359,11.159791152251136,0.154,32.48,0.155,37.51,0.161,38.3,0.165,35.96,0.167,32.45,0.17,28.98,0.173,26.06,0.175,23.68,0.175,21.62,0.172,19.84,0.167,18.22,0.158,16.86,0.147,15.73,0.136,14.82,0.125,14.11,0.114,13.4,0.095,13.3,0.077,13.23
mae_11x7,mae,2,11.0,7.0,mae_11x7_static_rd0577.txt,3823.0,0.1192,0.0644,3.6126346783844947,368.3862153114973,34.74666345617694,0.10397069298296248,10.602060130927736,0.154,32.48,0.155,37.51,0.161,38.3,0.165,35.96,0.167,32.45,0.17,28.98,0.173,26.06,0.175,23.68,0.175,21.62,0.172,19.84,0.167,18.22,0.158,16.86,0.147,15.73,0.136,14.82,0.125,14.11,0.114,13.4,0.095,13.3,0.077,13.23
mae_11x7,mae,2,11.0,7.0,mae_11x7_static_rd0577.txt,4087.0,0.1235,0.0642,4.277750276769975,436.20913122931637,42.32171786251415,0.10107695275193285,10.306980747954995,0.154,32.48,0.155,37.51,0.161,38.3,0.165,35.96,0.167,32.45,0.17,28.98,0.173,26.06,0.175,23.68,0.175,21.62,0.172,19.84,0.167,18.22,0.158,16.86,0.147,15.73,0.136,14.82,0.125,14.11,0.114,13.4,0.095,13.3,0.077,13.23
mae_11x7,mae,2,11.0,7.0,mae_11x7_static_rd0577.txt,4347.0,0.129,0.0641,5.054848988175049,515.4511467397174,50.84418573410431,0.0994184274011188,10.137858228968996,0.154,32.48,0.155,37.51,0.161,38.3,0.165,35.96,0.167,32.45,0.17,28.98,0.173,26.06,0.175,23.68,0.175,21.62,0.172,19.84,0.167,18.22,0.158,16.86,0.147,15.73,0.136,14.82,0.125,14.11,0.114,13.4,0.095,13.3,0.077,13.23
mae_11x7,mae,2,11.0,7.0,mae_11x7_static_rd0577.txt,4626.0,0.1305,0.0642,5.791098656519698,590.5277191007835,61.3714324060751,0.0943614712819778,9.622192214668395,0.154,32.48,0.155,37.51,0.161,38.3,0.165,35.96,0.167,32.45,0.17,28.98,0.173,26.06,0.175,23.68,0.175,21.62,0.172,19.84,0.167,18.22,0.158,16.86,0.147,15.73,0.136,14.82,0.125,14.11,0.114,13.4,0.095,13.3,0.077,13.23
mae_11x7,mae,2,11.0,7.0,mae_11x7_static_rd0577.txt,4866.0,0.1321,0.0647,6.486138557119954,661.4020646316484,71.98382846163521,0.09010549585559807,9.188203500236888,0.154,32.48,0.155,37.51,0.161,38.3,0.165,35.96,0.167,32.45,0.17,28.98,0.173,26.06,0.175,23.68,0.175,21.62,0.172,19.84,0.167,18.22,0.158,16.86,0.147,15.73,0.136,14.82,0.125,14.11,0.114,13.4,0.095,13.3,0.077,13.23
mae_11x7,mae,2,11.0,7.0,mae_11x7_static_rd0577.txt,5146.0,0.1329,0.0646,7.297997995397107,744.188687818685,85.00729759513655,0.0858514292520533,8.754409431564634,0.154,32.48,0.155,37.51,0.161,38.3,0.165,35.96,0.167,32.45,0.17,28.98,0.173,26.06,0.175,23.68,0.175,21.62,0.172,19.84,0.167,18.22,0.158,16.86,0.147,15.73,0.136,14.82,0.125,14.11,0.114,13.4,0.095,13.3,0.077,13.23
mae_11x7,mae,2,11.0,7.0,mae_11x7_static_rd0577.txt,5373.0,0.1337,0.0644,8.003948460627468,816.1756013141561,96.46077247481931,0.08297620115697152,8.461217761108179,0.154,32.48,0.155,37.51,0.161,38.3,0.165,35.96,0.167,32.45,0.17,28.98,0.173,26.06,0.175,23.68,0.175,21.62,0.172,19.84,0.167,18.22,0.158,16.86,0.147,15.73,0.136,14.82,0.125,14.11,0.114,13.4,0.095,13.3,0.077,13.23
mae_11x7,mae,2,11.0,7.0,mae_11x7_static_rd0577.txt,5644.0,0.1399,0.0636,9.241254266324972,942.3456803623025,110.41611880081392,0.08369479353821348,8.534493791275663,0.154,32.48,0.155,37.51,0.161,38.3,0.165,35.96,0.167,32.45,0.17,28.98,0.173,26.06,0.175,23.68,0.175,21.62,0.172,19.84,0.167,18.22,0.158,16.86,0.147,15.73,0.136,14.82,0.125,14.11,0.114,13.4,0.095,13.3,0.077,13.23
mae_11x7,mae,2,11.0,7.0,mae_11x7_static_rd0577.txt,5895.0,0.1409,0.0637,10.153547550436198,1035.3737056422121,126.01005672502754,0.08057727941979052,8.216595822201315,0.154,32.48,0.155,37.51,0.161,38.3,0.165,35.96,0.167,32.45,0.17,28.98,0.173,26.06,0.175,23.68,0.175,21.62,0.172,19.84,0.167,18.22,0.158,16.86,0.147,15.73,0.136,14.82,0.125,14.11,0.114,13.4,0.095,13.3,0.077,13.23
mae_9x6,mae,2,9.0,6.0,mae_9x6_static_kj1017.txt,2472.0,0.1004,0.0681,0.5701237562438569,58.136443764573734,3.6421344936179514,0.1565356131803685,15.962190266846324,0.151,28.09,0.147,30.38,0.152,30.77,0.16,29.88,0.166,28.62,0.173,27.54,0.179,26.27,0.183,24.83,0.183,23.12,0.18,21.44,0.173,19.99,0.164,18.79,0.152,17.79,0.14,17.16,0.128,16.47,0.116,16.04,0.096,16.44,0.075,16.87
mae_9x6,mae,2,9.0,6.0,mae_9x6_static_kj1017.txt,2810.0,0.101,0.0675,0.7410926495148898,75.57041900291026,5.302567435748188,0.13976109846688303,14.251665805028532,0.151,28.09,0.147,30.38,0.152,30.77,0.16,29.88,0.166,28.62,0.173,27.54,0.179,26.27,0.183,24.83,0.183,23.12,0.18,21.44,0.173,19.99,0.164,18.79,0.152,17.79,0.14,17.16,0.128,16.47,0.116,16.04,0.096,16.44,0.075,16.87
mae_9x6,mae,2,9.0,6.0,mae_9x6_static_kj1017.txt,3029.0,0.1026,0.0676,0.8747509032761762,89.19976783878045,6.651322162751249,0.13151534114148888,13.410832561729938,0.151,28.09,0.147,30.38,0.152,30.77,0.16,29.88,0.166,28.62,0.173,27.54,0.179,26.27,0.183,24.83,0.183,23.12,0.18,21.44,0.173,19.99,0.164,18.79,0.152,17.79,0.14,17.16,0.128,16.47,0.116,16.04,0.096,16.44,0.075,16.87
mae_9x6,mae,2,9.0,6.0,mae_9x6_static_kj1017.txt,3326.0,0.1035,0.0681,1.0639551760886405,108.49323429393735,8.871096722076,0.11993502149976056,12.229968592716226,0.151,28.09,0.147,30.38,0.152,30.77,0.16,29.88,0.166,28.62,0.173,27.54,0.179,26.27,0.183,24.83,0.183,23.12,0.18,21.44,0.173,19.99,0.164,18.79,0.152,17.79,0.14,17.16,0.128,16.47,0.116,16.04,0.096,16.44,0.075,16.87
mae_9x6,mae,2,9.0,6.0,mae_9x6_static_kj1017.txt,3599.0,0.1051,0.0676,1.2650418746549146,128.99837096816086,11.157212474994932,0.11338332737590795,11.561881720659752,0.151,28.09,0.147,30.38,0.152,30.77,0.16,29.88,0.166,28.62,0.173,27.54,0.179,26.27,0.183,24.83,0.183,23.12,0.18,21.44,0.173,19.99,0.164,18.79,0.152,17.79,0.14,17.16,0.128,16.47,0.116,16.04,0.096,16.44,0.075,16.87
mae_9x6,mae,2,9.0,6.0,mae_9x6_static_kj1017.txt,3886.0,0.106,0.0672,1.487475940824901,151.6803333273749,13.961790907130734,0.10653905009171849,10.8639596693793,0.151,28.09,0.147,30.38,0.152,30.77,0.16,29.88,0.166,28.62,0.173,27.54,0.179,26.27,0.183,24.83,0.183,23.12,0.18,21.44,0.173,19.99,0.164,18.79,0.152,17.79,0.14,17.16,0.128,16.47,0.116,16.04,0.096,16.44,0.075,16.87
mae_9x6,mae,2,9.0,6.0,mae_9x6_static_kj1017.txt,4149.0,0.1073,0.067,1.7164259972234712,175.02674177455822,16.94215204871683,0.10131097822094391,10.33084470445503,0.151,28.09,0.147,30.38,0.152,30.77,0.16,29.88,0.166,28.62,0.173,27.54,0.179,26.27,0.183,24.83,0.183,23.12,0.18,21.44,0.173,19.99,0.164,18.79,0.152,17.79,0.14,17.16,0.128,16.47,0.116,16.04,0.096,16.44,0.075,16.87
mae_9x6,mae,2,9.0,6.0,mae_9x6_static_kj1017.txt,4417.0,0.1089,0.067,1.9743364815878242,201.32629201489036,20.44186276339576,0.09658300246116373,9.848725350773583,0.151,28.09,0.147,30.38,0.152,30.77,0.16,29.88,0.166,28.62,0.173,27.54,0.179,26.27,0.183,24.83,0.183,23.12,0.18,21.44,0.173,19.99,0.164,18.79,0.152,17.79,0.14,17.16,0.128,16.47,0.116,16.04,0.096,16.44,0.075,16.87
mae_9x6,mae,2,9.0,6.0,mae_9x6_static_kj1017.txt,4678.0,0.1104,0.0669,2.245060249922112,228.93243359578574,24.24768257277476,0.09258865226332434,9.44141498506874,0.151,28.09,0.147,30.38,0.152,30.77,0.16,29.88,0.166,28.62,0.173,27.54,0.179,26.27,0.183,24.83,0.183,23.12,0.18,21.44,0.173,19.99,0.164,18.79,0.152,17.79,0.14,17.16,0.128,16.47,0.116,16.04,0.096,16.44,0.075,16.87
mae_9x6,mae,2,9.0,6.0,mae_9x6_static_kj1017.txt,4982.0,0.1118,0.0668,2.5786223474184595,262.94630148098076,29.24496459471149,0.08817320804295876,8.991164979168092,0.151,28.09,0.147,30.38,0.152,30.77,0.16,29.88,0.166,28.62,0.173,27.54,0.179,26.27,0.183,24.83,0.183,23.12,0.18,21.44,0.173,19.99,0.164,18.79,0.152,17.79,0.14,17.16,0.128,16.47,0.116,16.04,0.096,16.44,0.075,16.87
mae_9x6,mae,2,9.0,6.0,mae_9x6_static_kj1017.txt,5240.0,0.1134,0.0668,2.8934375993844963,295.0485231332307,34.02779370980019,0.08503159576141342,8.670809681329855,0.151,28.09,0.147,30.38,0.152,30.77,0.16,29.88,0.166,28.62,0.173,27.54,0.179,26.27,0.183,24.83,0.183,23.12,0.18,21.44,0.173,19.99,0.164,18.79,0.152,17.79,0.14,17.16,0.128,16.47,0.116,16.04,0.096,16.44,0.075,16.87
mae_9x6,mae,2,9.0,6.0,mae_9x6_static_kj1017.txt,5506.0,0.1142,0.0667,3.217192222955644,328.0623070014372,39.418302948205145,0.08161671057181152,8.32258830200033,0.151,28.09,0.147,30.38,0.152,30.77,0.16,29.88,0.166,28.62,0.173,27.54,0.179,26.27,0.183,24.83,0.183,23.12,0.18,21.44,0.173,19.99,0.164,18.79,0.152,17.79,0.14,17.16,0.128,16.47,0.116,16.04,0.096,16.44,0.075,16.87
mae_9x6,mae,2,9.0,6.0,mae_9x6_static_kj1017.txt,5813.0,0.1153,0.0663,3.620499112672115,369.1881644263959,46.10817842900156,0.0785218422420882,8.00699956071525,0.151,28.09,0.147,30.38,0.152,30.77,0.16,29.88,0.166,28.62,0.173,27.54,0.179,26.27,0.183,24.83,0.183,23.12,0.18,21.44,0.173,19.99,0.164,18.79,0.152,17.79,0.14,17.16,0.128,16.47,0.116,16.04,0.096,16.44,0.075,16.87
mae_9x6,mae,2,9.0,6.0,mae_9x6_static_kj1017.txt,6071.0,0.1167,0.0662,3.9969601097746756,407.5765026563277,52.44476647142131,0.07621275445954624,7.7715381358105216,0.151,28.09,0.147,30.38,0.152,30.77,0.16,29.88,0.166,28.62,0.173,27.54,0.179,26.27,0.183,24.83,0.183,23.12,0.18,21.44,0.173,19.99,0.164,18.79,0.152,17.79,0.14,17.16,0.128,16.47,0.116,16.04,0.096,16.44,0.075,16.87
mae_9x6,mae,2,9.0,6.0,mae_9x6_static_kj1017.txt,6331.0,0.1204,0.065,4.484454336684314,457.28707934761763,58.39743407337257,0.0767919756722511,7.8306022619601094,0.151,28.09,0.147,30.38,0.152,30.77,0.16,29.88,0.166,28.62,0.173,27.54,0.179,26.27,0.183,24.83,0.183,23.12,0.18,21.44,0.173,19.99,0.164,18.79,0.152,17.79,0.14,17.16,0.128,16.47,0.116,16.04,0.096,16.44,0.075,16.87
mae_9x6,mae,2,9.0,6.0,mae_9x6_static_kj1017.txt,6627.0,0.122,0.0652,4.978886934837312,507.7051730037589,67.18339947826928,0.07410888662232329,7.557003321452616,0.151,28.09,0.147,30.38,0.152,30.77,0.16,29.88,0.166,28.62,0.173,27.54,0.179,26.27,0.183,24.83,0.183,23.12,0.18,21.44,0.173,19.99,0.164,18.79,0.152,17.79,0.14,17.16,0.128,16.47,0.116,16.04,0.096,16.44,0.075,16.87
magf_10x6,magf,2,10.0,6.0,magf_10x6_static_pg0728.txt,2207.0,0.0938,0.0458,0.6471067933953305,65.98652887533771,2.952047886794761,0.21920606243889162,22.35279758519899,0.144,34.81,0.149,37.19,0.159,36.17,0.166,33.67,0.169,30.44,0.17,26.94,0.171,23.85,0.171,21.32,0.169,19.16,0.168,17.23,0.165,15.52,0.16,14.07,0.154,12.84,0.146,11.53,0.138,10.48,0.128,9.38,0.111,8.49,0.093,7.63
magf_10x6,magf,2,10.0,6.0,magf_10x6_static_pg0728.txt,2462.0,0.096,0.0447,0.8241680692560918,84.04175424391529,3.999655531885448,0.2060597625684972,21.012248073347905,0.144,34.81,0.149,37.19,0.159,36.17,0.166,33.67,0.169,30.44,0.17,26.94,0.171,23.85,0.171,21.32,0.169,19.16,0.168,17.23,0.165,15.52,0.16,14.07,0.154,12.84,0.146,11.53,0.138,10.48,0.128,9.38,0.111,8.49,0.093,7.63
magf_10x6,magf,2,10.0,6.0,magf_10x6_static_pg0728.txt,2782.0,0.0984,0.0441,1.0786431856571164,109.99099444327231,5.693258288526117,0.1894597313160647,19.319515972943332,0.144,34.81,0.149,37.19,0.159,36.17,0.166,33.67,0.169,30.44,0.17,26.94,0.171,23.85,0.171,21.32,0.169,19.16,0.168,17.23,0.165,15.52,0.16,14.07,0.154,12.84,0.146,11.53,0.138,10.48,0.128,9.38,0.111,8.49,0.093,7.63
magf_10x6,magf,2,10.0,6.0,magf_10x6_static_pg0728.txt,3077.0,0.0989,0.0433,1.3262327204578745,135.23810072327194,7.563473781056984,0.17534703746570476,17.880421700142737,0.144,34.81,0.149,37.19,0.159,36.17,0.166,33.67,0.169,30.44,0.17,26.94,0.171,23.85,0.171,21.32,0.169,19.16,0.168,17.23,0.165,15.52,0.16,14.07,0.154,12.84,0.146,11.53,0.138,10.48,0.128,9.38,0.111,8.49,0.093,7.63
magf_10x6,magf,2,10.0,6.0,magf_10x6_static_pg0728.txt,3359.0,0.1007,0.0433,1.6092293047185753,164.09572124207304,9.8394048093056,0.16354945608058014,16.67740319890892,0.144,34.81,0.149,37.19,0.159,36.17,0.166,33.67,0.169,30.44,0.17,26.94,0.171,23.85,0.171,21.32,0.169,19.16,0.168,17.23,0.165,15.52,0.16,14.07,0.154,12.84,0.146,11.53,0.138,10.48,0.128,9.38,0.111,8.49,0.093,7.63
magf_10x6,magf,2,10.0,6.0,magf_10x6_static_pg0728.txt,3634.0,0.1013,0.043,1.8947318070252928,193.20887428686584,12.372975277042467,0.15313469594826457,15.615393222789086,0.144,34.81,0.149,37.19,0.159,36.17,0.166,33.67,0.169,30.44,0.17,26.94,0.171,23.85,0.171,21.32,0.169,19.16,0.168,17.23,0.165,15.52,0.16,14.07,0.154,12.84,0.146,11.53,0.138,10.48,0.128,9.38,0.111,8.49,0.093,7.63
magf_10x6,magf,2,10.0,6.0,magf_10x6_static_pg0728.txt,3921.0,0.1023,0.043,2.2276028903681584,227.1522783384906,15.54210730721483,0.1433269534391954,14.61528181786802,0.144,34.81,0.149,37.19,0.159,36.17,0.166,33.67,0.169,30.44,0.17,26.94,0.171,23.85,0.171,21.32,0.169,19.16,0.168,17.23,0.165,15.52,0.16,14.07,0.154,12.84,0.146,11.53,0.138,10.48,0.128,9.38,0.111,8.49,0.093,7.63
magf_10x6,magf,2,10.0,6.0,magf_10x6_static_pg0728.txt,4220.0,0.102,0.0425,2.57272595603027,262.3450368913207,19.150371512150873,0.13434339664887862,13.699213966938622,0.144,34.81,0.149,37.19,0.159,36.17,0.166,33.67,0.169,30.44,0.17,26.94,0.171,23.85,0.171,21.32,0.169,19.16,0.168,17.23,0.165,15.52,0.16,14.07,0.154,12.84,0.146,11.53,0.138,10.48,0.128,9.38,0.111,8.49,0.093,7.63
magf_10x6,magf,2,10.0,6.0,magf_10x6_static_pg0728.txt,4515.0,0.1026,0.0425,2.962315592169306,302.0721237292354,23.453794449458492,0.12630432139894962,12.879456429968403,0.144,34.81,0.149,37.19,0.159,36.17,0.166,33.67,0.169,30.44,0.17,26.94,0.171,23.85,0.171,21.32,0.169,19.16,0.168,17.23,0.165,15.52,0.16,14.07,0.154,12.84,0.146,11.53,0.138,10.48,0.128,9.38,0.111,8.49,0.093,7.63
magf_10x6,magf,2,10.0,6.0,magf_10x6_static_pg0728.txt,4799.0,0.103,0.0424,3.3597516738851185,342.5993253440389,28.09758715668676,0.11957438391949443,12.193193793955576,0.144,34.81,0.149,37.19,0.159,36.17,0.166,33.67,0.169,30.44,0.17,26.94,0.171,23.85,0.171,21.32,0.169,19.16,0.168,17.23,0.165,15.52,0.16,14.07,0.154,12.84,0.146,11.53,0.138,10.48,0.128,9.38,0.111,8.49,0.093,7.63
magf_10x6,magf,2,10.0,6.0,magf_10x6_static_pg0728.txt,5071.0,0.1031,0.0423,3.7550380387662488,382.90731684787863,33.0728879629786,0.1135382565613742,11.577680100888093,0.144,34.81,0.149,37.19,0.159,36.17,0.166,33.67,0.169,30.44,0.17,26.94,0.171,23.85,0.171,21.32,0.169,19.16,0.168,17.23,0.165,15.52,0.16,14.07,0.154,12.84,0.146,11.53,0.138,10.48,0.128,9.38,0.111,8.49,0.093,7.63
magf_10x6,magf,2,10.0,6.0,magf_10x6_static_pg0728.txt,5356.0,0.1031,0.0421,4.188979706003391,427.15705220471733,38.78418962338736,0.10800740576715266,11.013690278245138,0.144,34.81,0.149,37.19,0.159,36.17,0.166,33.67,0.169,30.44,0.17,26.94,0.171,23.85,0.171,21.32,0.169,19.16,0.168,17.23,0.165,15.52,0.16,14.07,0.154,12.84,0.146,11.53,0.138,10.48,0.128,9.38,0.111,8.49,0.093,7.63
magf_10x6,magf,2,10.0,6.0,magf_10x6_static_pg0728.txt,5657.0,0.103,0.042,4.668507239402128,476.0552522423181,45.588861568896675,0.10240455845441095,10.442358853880883,0.144,34.81,0.149,37.19,0.159,36.17,0.166,33.67,0.169,30.44,0.17,26.94,0.171,23.85,0.171,21.32,0.169,19.16,0.168,17.23,0.165,15.52,0.16,14.07,0.154,12.84,0.146,11.53,0.138,10.48,0.128,9.38,0.111,8.49,0.093,7.63
magf_10x6,magf,2,10.0,6.0,magf_10x6_static_pg0728.txt,5922.0,0.1035,0.0421,5.140976401173183,524.2336986813217,52.42497422867376,0.0980634988726677,9.999693970180205,0.144,34.81,0.149,37.19,0.159,36.17,0.166,33.67,0.169,30.44,0.17,26.94,0.171,23.85,0.171,21.32,0.169,19.16,0.168,17.23,0.165,15.52,0.16,14.07,0.154,12.84,0.146,11.53,0.138,10.48,0.128,9.38,0.111,8.49,0.093,7.63
magf_10x6,magf,2,10.0,6.0,magf_10x6_static_pg0728.txt,6213.0,0.1032,0.0419,5.642230950467388,575.3474377557462,60.25165830035997,0.09364440929310786,9.549072241092306,0.144,34.81,0.149,37.19,0.159,36.17,0.166,33.67,0.169,30.44,0.17,26.94,0.171,23.85,0.171,21.32,0.169,19.16,0.168,17.23,0.165,15.52,0.16,14.07,0.154,12.84,0.146,11.53,0.138,10.48,0.128,9.38,0.111,8.49,0.093,7.63
magf_10x6,magf,2,10.0,6.0,magf_10x6_static_pg0728.txt,6505.0,0.1028,0.0417,6.161070393510143,628.2543369560598,68.8222518138529,0.08952148805264769,9.128651277719475,0.144,34.81,0.149,37.19,0.159,36.17,0.166,33.67,0.169,30.44,0.17,26.94,0.171,23.85,0.171,21.32,0.169,19.16,0.168,17.23,0.165,15.52,0.16,14.07,0.154,12.84,0.146,11.53,0.138,10.48,0.128,9.38,0.111,8.49,0.093,7.63
magf_10x8,magf,2,10.0,8.0,magf_10x8_static_pg0719.txt,1971.0,0.1202,0.0622,0.6613725574674947,67.4412319668281,2.8556250182707017,0.23160343295633615,23.616977556692262,0.143,35.08,0.148,37.41,0.159,37.08,0.168,35.79,0.173,33.98,0.177,32.05,0.178,29.74,0.178,27.08,0.176,24.4,0.173,22.05,0.17,20.07,0.164,18.27,0.156,16.69,0.148,15.25,0.139,13.91,0.129,12.38,0.111,11.07,0.093,9.79
magf_10x8,magf,2,10.0,8.0,magf_10x8_static_pg0719.txt,2285.0,0.1252,0.0613,0.9258597238248241,94.41141713274402,4.385004146603471,0.21114226871187222,21.53051946504385,0.143,35.08,0.148,37.41,0.159,37.08,0.168,35.79,0.173,33.98,0.177,32.05,0.178,29.74,0.178,27.08,0.176,24.4,0.173,22.05,0.17,20.07,0.164,18.27,0.156,16.69,0.148,15.25,0.139,13.91,0.129,12.38,0.111,11.07,0.093,9.79
magf_10x8,magf,2,10.0,8.0,magf_10x8_static_pg0719.txt,2575.0,0.1268,0.0606,1.1908091820027686,121.42874294512079,6.203763666749212,0.19194947550714092,19.573399224724135,0.143,35.08,0.148,37.41,0.159,37.08,0.168,35.79,0.173,33.98,0.177,32.05,0.178,29.74,0.178,27.08,0.176,24.4,0.173,22.05,0.17,20.07,0.164,18.27,0.156,16.69,0.148,15.25,0.139,13.91,0.129,12.38,0.111,11.07,0.093,9.79
magf_10x8,magf,2,10.0,8.0,magf_10x8_static_pg0719.txt,2866.0,0.1265,0.0596,1.4716731012076134,150.0688921504911,8.412512810523182,0.17493858664520578,17.838771307756044,0.143,35.08,0.148,37.41,0.159,37.08,0.168,35.79,0.173,33.98,0.177,32.05,0.178,29.74,0.178,27.08,0.176,24.4,0.173,22.05,0.17,20.07,0.164,18.27,0.156,16.69,0.148,15.25,0.139,13.91,0.129,12.38,0.111,11.07,0.093,9.79
magf_10x8,magf,2,10.0,8.0,magf_10x8_static_pg0719.txt,3165.0,0.1254,0.0591,1.7791535012106394,181.42316705609352,11.234649934536453,0.15836305639941137,16.148537614721786,0.143,35.08,0.148,37.41,0.159,37.08,0.168,35.79,0.173,33.98,0.177,32.05,0.178,29.74,0.178,27.08,0.176,24.4,0.173,22.05,0.17,20.07,0.164,18.27,0.156,16.69,0.148,15.25,0.139,13.91,0.129,12.38,0.111,11.07,0.093,9.79
magf_10x8,magf,2,10.0,8.0,magf_10x8_static_pg0719.txt,3463.0,0.1255,0.0588,2.13165620815997,217.36843959557754,14.641505041671138,0.1455899651089878,14.846044786852577,0.143,35.08,0.148,37.41,0.159,37.08,0.168,35.79,0.173,33.98,0.177,32.05,0.178,29.74,0.178,27.08,0.176,24.4,0.173,22.05,0.17,20.07,0.164,18.27,0.156,16.69,0.148,15.25,0.139,13.91,0.129,12.38,0.111,11.07,0.093,9.79
magf_10x8,magf,2,10.0,8.0,magf_10x8_static_pg0719.txt,3732.0,0.1237,0.0577,2.440177532913032,248.82885928559014,17.982565010211125,0.13569685590055783,13.837228401192847,0.143,35.08,0.148,37.41,0.159,37.08,0.168,35.79,0.173,33.98,0.177,32.05,0.178,29.74,0.178,27.08,0.176,24.4,0.173,22.05,0.17,20.07,0.164,18.27,0.156,16.69,0.148,15.25,0.139,13.91,0.129,12.38,0.111,11.07,0.093,9.79
magf_10x8,magf,2,10.0,8.0,magf_10x8_static_pg0719.txt,4028.0,0.1233,0.0575,2.8334167358099833,288.92809836284397,22.531346735058307,0.1257544331072428,12.823383429330384,0.143,35.08,0.148,37.41,0.159,37.08,0.168,35.79,0.173,33.98,0.177,32.05,0.178,29.74,0.178,27.08,0.176,24.4,0.173,22.05,0.17,20.07,0.164,18.27,0.156,16.69,0.148,15.25,0.139,13.91,0.129,12.38,0.111,11.07,0.093,9.79
magf_10x8,magf,2,10.0,8.0,magf_10x8_static_pg0719.txt,4300.0,0.1225,0.0571,3.208052406507804,327.13030509988675,27.22026792815574,0.11785528397350938,12.017894385290532,0.143,35.08,0.148,37.41,0.159,37.08,0.168,35.79,0.173,33.98,0.177,32.05,0.178,29.74,0.178,27.08,0.176,24.4,0.173,22.05,0.17,20.07,0.164,18.27,0.156,16.69,0.148,15.25,0.139,13.91,0.129,12.38,0.111,11.07,0.093,9.79
magf_10x8,magf,2,10.0,8.0,magf_10x8_static_pg0719.txt,4582.0,0.1223,0.057,3.636679941466447,370.83814977249597,32.876912884473924,0.11061500677528224,11.27959158074187,0.143,35.08,0.148,37.41,0.159,37.08,0.168,35.79,0.173,33.98,0.177,32.05,0.178,29.74,0.178,27.08,0.176,24.4,0.173,22.05,0.17,20.07,0.164,18.27,0.156,16.69,0.148,15.25,0.139,13.91,0.129,12.38,0.111,11.07,0.093,9.79
magf_10x8,magf,2,10.0,8.0,magf_10x8_static_pg0719.txt,4897.0,0.1219,0.0569,4.1403053146077715,422.1936455984227,40.06392545265814,0.10334247749887106,10.537999979490557,0.143,35.08,0.148,37.41,0.159,37.08,0.168,35.79,0.173,33.98,0.177,32.05,0.178,29.74,0.178,27.08,0.176,24.4,0.173,22.05,0.17,20.07,0.164,18.27,0.156,16.69,0.148,15.25,0.139,13.91,0.129,12.38,0.111,11.07,0.093,9.79
magf_10x8,magf,2,10.0,8.0,magf_10x8_static_pg0719.txt,5189.0,0.1222,0.057,4.660226248731534,475.21082619768566,47.750375199070135,0.09759559436555558,9.951980988977438,0.143,35.08,0.148,37.41,0.159,37.08,0.168,35.79,0.173,33.98,0.177,32.05,0.178,29.74,0.178,27.08,0.176,24.4,0.173,22.05,0.17,20.07,0.164,18.27,0.156,16.69,0.148,15.25,0.139,13.91,0.129,12.38,0.111,11.07,0.093,9.79
magf_10x8,magf,2,10.0,8.0,magf_10x8_static_pg0719.txt,5477.0,0.1217,0.0567,5.170642535245601,527.2588024703239,55.85501880036651,0.09257256816484452,9.439774863469639,0.143,35.08,0.148,37.41,0.159,37.08,0.168,35.79,0.173,33.98,0.177,32.05,0.178,29.74,0.178,27.08,0.176,24.4,0.173,22.05,0.17,20.07,0.164,18.27,0.156,16.69,0.148,15.25,0.139,13.91,0.129,12.38,0.111,11.07,0.093,9.79
magf_10x8,magf,2,10.0,8.0,magf_10x8_static_pg0719.txt,5727.0,0.1217,0.0568,5.653447960359881,576.4912544405971,63.97065620614671,0.08837564432888625,9.011807735453623,0.143,35.08,0.148,37.41,0.159,37.08,0.168,35.79,0.173,33.98,0.177,32.05,0.178,29.74,0.178,27.08,0.176,24.4,0.173,22.05,0.17,20.07,0.164,18.27,0.156,16.69,0.148,15.25,0.139,13.91,0.129,12.38,0.111,11.07,0.093,9.79
magf_10x8,magf,2,10.0,8.0,magf_10x8_static_pg0719.txt,6034.0,0.1219,0.0568,6.286121511225318,641.0060021745772,74.8195641369386,0.08401708274750354,8.567358144473754,0.143,35.08,0.148,37.41,0.159,37.08,0.168,35.79,0.173,33.98,0.177,32.05,0.178,29.74,0.178,27.08,0.176,24.4,0.173,22.05,0.17,20.07,0.164,18.27,0.156,16.69,0.148,15.25,0.139,13.91,0.129,12.38,0.111,11.07,0.093,9.79
magf_10x8,magf,2,10.0,8.0,magf_10x8_static_pg0719.txt,6332.0,0.1217,0.0567,6.9109992370393245,704.7257969887092,86.3091218895562,0.08007263989874502,8.165136912069364,0.143,35.08,0.148,37.41,0.159,37.08,0.168,35.79,0.173,33.98,0.177,32.05,0.178,29.74,0.178,27.08,0.176,24.4,0.173,22.05,0.17,20.07,0.164,18.27,0.156,16.69,0.148,15.25,0.139,13.91,0.129,12.38,0.111,11.07,0.093,9.79
mas_10x5,mas,2,10.0,5.0,mas_10x5_static_kt0745.txt,2389.0,0.0789,0.0464,0.6377900756704068,65.03648806375335,3.793301392500364,0.16813588209240762,17.145088495297337,0.167,34.68,0.165,33.15,0.164,30.95,0.163,29.05,0.163,27.3,0.162,25.55,0.161,24.01,0.159,22.54,0.156,21.17,0.154,19.71,0.149,18.43,0.143,17.06,0.135,15.56,0.125,13.92,0.114,12.2,0.102,10.56,0.086,8.13,0.07,5.65
mas_10x5,mas,2,10.0,5.0,mas_10x5_static_kt0745.txt,2695.0,0.0817,0.0464,0.8404425852221175,85.70129302280775,5.445593381640403,0.15433443636383787,15.737732698101583,0.167,34.68,0.165,33.15,0.164,30.95,0.163,29.05,0.163,27.3,0.162,25.55,0.161,24.01,0.159,22.54,0.156,21.17,0.154,19.71,0.149,18.43,0.143,17.06,0.135,15.56,0.125,13.92,0.114,12.2,0.102,10.56,0.086,8.13,0.07,5.65
mas_10x5,mas,2,10.0,5.0,mas_10x5_static_kt0745.txt,2965.0,0.0828,0.0465,1.0309751242661114,105.13020493910882,7.267381627692509,0.14186335286667198,14.46603609455543,0.167,34.68,0.165,33.15,0.164,30.95,0.163,29.05,0.163,27.3,0.162,25.55,0.161,24.01,0.159,22.54,0.156,21.17,0.154,19.71,0.149,18.43,0.143,17.06,0.135,15.56,0.125,13.92,0.114,12.2,0.102,10.56,0.086,8.13,0.07,5.65
mas_10x5,mas,2,10.0,5.0,mas_10x5_static_kt0745.txt,3257.0,0.0838,0.0464,1.2590645325728704,128.3888517050033,9.612186241195465,0.13098628147432576,13.356883489706043,0.167,34.68,0.165,33.15,0.164,30.95,0.163,29.05,0.163,27.3,0.162,25.55,0.161,24.01,0.159,22.54,0.156,21.17,0.154,19.71,0.149,18.43,0.143,17.06,0.135,15.56,0.125,13.92,0.114,12.2,0.102,10.56,0.086,8.13,0.07,5.65
mas_10x5,mas,2,10.0,5.0,mas_10x5_static_kt0745.txt,3526.0,0.0855,0.0466,1.5055638731478769,153.5247891122735,12.248524105336777,0.1229179826238731,12.534145974810269,0.167,34.68,0.165,33.15,0.164,30.95,0.163,29.05,0.163,27.3,0.162,25.55,0.161,24.01,0.159,22.54,0.156,21.17,0.154,19.71,0.149,18.43,0.143,17.06,0.135,15.56,0.125,13.92,0.114,12.2,0.102,10.56,0.086,8.13,0.07,5.65
mas_10x5,mas,2,10.0,5.0,mas_10x5_static_kt0745.txt,3828.0,0.0865,0.0466,1.7952644047689126,183.06602201250303,15.673017721603596,0.11454491002676087,11.680330186838614,0.167,34.68,0.165,33.15,0.164,30.95,0.163,29.05,0.163,27.3,0.162,25.55,0.161,24.01,0.159,22.54,0.156,21.17,0.154,19.71,0.149,18.43,0.143,17.06,0.135,15.56,0.125,13.92,0.114,12.2,0.102,10.56,0.086,8.13,0.07,5.65
mas_10x5,mas,2,10.0,5.0,mas_10x5_static_kt0745.txt,4088.0,0.0875,0.0466,2.071086709269194,211.1920695924902,19.08839875166244,0.10849976135839155,11.0638965761388,0.167,34.68,0.165,33.15,0.164,30.95,0.163,29.05,0.163,27.3,0.162,25.55,0.161,24.01,0.159,22.54,0.156,21.17,0.154,19.71,0.149,18.43,0.143,17.06,0.135,15.56,0.125,13.92,0.114,12.2,0.102,10.56,0.086,8.13,0.07,5.65
mas_10x5,mas,2,10.0,5.0,mas_10x5_static_kt0745.txt,4368.0,0.0891,0.0467,2.407750145869587,245.522186054319,23.335423675915635,0.10318004846659858,10.5214368277239,0.167,34.68,0.165,33.15,0.164,30.95,0.163,29.05,0.163,27.3,0.162,25.55,0.161,24.01,0.159,22.54,0.156,21.17,0.154,19.71,0.149,18.43,0.143,17.06,0.135,15.56,0.125,13.92,0.114,12.2,0.102,10.56,0.086,8.13,0.07,5.65
mas_10x5,mas,2,10.0,5.0,mas_10x5_static_kt0745.txt,4671.0,0.091,0.0465,2.8120923652804564,286.7536177267932,28.41407192103949,0.09896829898562387,10.091957904648773,0.167,34.68,0.165,33.15,0.164,30.95,0.163,29.05,0.163,27.3,0.162,25.55,0.161,24.01,0.159,22.54,0.156,21.17,0.154,19.71,0.149,18.43,0.143,17.06,0.135,15.56,0.125,13.92,0.114,12.2,0.102,10.56,0.086,8.13,0.07,5.65
mas_10x5,mas,2,10.0,5.0,mas_10x5_static_kt0745.txt,4931.0,0.0926,0.0464,3.188962748833827,325.18370175685146,33.35599567072831,0.09560388424058688,9.74888307837915,0.167,34.68,0.165,33.15,0.164,30.95,0.163,29.05,0.163,27.3,0.162,25.55,0.161,24.01,0.159,22.54,0.156,21.17,0.154,19.71,0.149,18.43,0.143,17.06,0.135,15.56,0.125,13.92,0.114,12.2,0.102,10.56,0.086,8.13,0.07,5.65
mas_10x5,mas,2,10.0,5.0,mas_10x5_static_kt0745.txt,5230.0,0.0946,0.0465,3.6649070844599536,373.71651730814847,39.88493973131265,0.0918869906573465,9.369865413504765,0.167,34.68,0.165,33.15,0.164,30.95,0.163,29.05,0.163,27.3,0.162,25.55,0.161,24.01,0.159,22.54,0.156,21.17,0.154,19.71,0.149,18.43,0.143,17.06,0.135,15.56,0.125,13.92,0.114,12.2,0.102,10.56,0.086,8.13,0.07,5.65
mas_10x5,mas,2,10.0,5.0,mas_10x5_static_kt0745.txt,5501.0,0.0959,0.0464,4.110270002364135,419.1308961127537,46.31203193732795,0.08875166626086249,9.050151301500767,0.167,34.68,0.165,33.15,0.164,30.95,0.163,29.05,0.163,27.3,0.162,25.55,0.161,24.01,0.159,22.54,0.156,21.17,0.154,19.71,0.149,18.43,0.143,17.06,0.135,15.56,0.125,13.92,0.114,12.2,0.102,10.56,0.086,8.13,0.07,5.65
mas_10x5,mas,2,10.0,5.0,mas_10x5_static_kt0745.txt,5788.0,0.098,0.0465,4.649985246921932,474.1665346394469,54.06166796752958,0.08601261155528529,8.770845452349713,0.167,34.68,0.165,33.15,0.164,30.95,0.163,29.05,0.163,27.3,0.162,25.55,0.161,24.01,0.159,22.54,0.156,21.17,0.154,19.71,0.149,18.43,0.143,17.06,0.135,15.56,0.125,13.92,0.114,12.2,0.102,10.56,0.086,8.13,0.07,5.65
mas_10x5,mas,2,10.0,5.0,mas_10x5_static_kt0745.txt,6038.0,0.1002,0.0469,5.173951975860846,527.5962714954492,61.90177315660842,0.08358325960665139,8.52312049544456,0.167,34.68,0.165,33.15,0.164,30.95,0.163,29.05,0.163,27.3,0.162,25.55,0.161,24.01,0.159,22.54,0.156,21.17,0.154,19.71,0.149,18.43,0.143,17.06,0.135,15.56,0.125,13.92,0.114,12.2,0.102,10.56,0.086,8.13,0.07,5.65
mas_10x5,mas,2,10.0,5.0,mas_10x5_static_kt0745.txt,6350.0,0.1017,0.047,5.8081370821582485,592.2651549875084,72.15558539679004,0.08049462907436453,8.208167832477404,0.167,34.68,0.165,33.15,0.164,30.95,0.163,29.05,0.163,27.3,0.162,25.55,0.161,24.01,0.159,22.54,0.156,21.17,0.154,19.71,0.149,18.43,0.143,17.06,0.135,15.56,0.125,13.92,0.114,12.2,0.102,10.56,0.086,8.13,0.07,5.65
mas_10x5,mas,2,10.0,5.0,mas_10x5_static_kt0745.txt,6617.0,0.1021,0.0468,6.331643669710193,645.6479704802551,81.29805914308542,0.07788185519369453,7.941739043780959,0.167,34.68,0.165,33.15,0.164,30.95,0.163,29.05,0.163,27.3,0.162,25.55,0.161,24.01,0.159,22.54,0.156,21.17,0.154,19.71,0.149,18.43,0.143,17.06,0.135,15.56,0.125,13.92,0.114,12.2,0.102,10.56,0.086,8.13,0.07,5.65
mas_10x7,mas,2,10.0,7.0,mas_10x7_static_kt0737.txt,2265.0,0.0979,0.0522,0.7113569171808606,72.5382181663321,3.6368554727302267,0.19559669679335298,19.945312292511,0.164,33.99,0.164,32.6,0.165,30.85,0.165,29.33,0.164,27.83,0.164,26.53,0.164,25.28,0.162,23.94,0.159,22.58,0.154,21.06,0.148,19.68,0.141,18.44,0.133,17.4,0.124,16.19,0.114,14.9,0.101,13.35,0.079,9.95,0.057,6.36
mas_10x7,mas,2,10.0,7.0,mas_10x7_static_kt0737.txt,2627.0,0.1009,0.0517,0.986233535944876,100.56783263855405,5.619810638389835,0.17549230737558222,17.895235108378728,0.164,33.99,0.164,32.6,0.165,30.85,0.165,29.33,0.164,27.83,0.164,26.53,0.164,25.28,0.162,23.94,0.159,22.58,0.154,21.06,0.148,19.68,0.141,18.44,0.133,17.4,0.124,16.19,0.114,14.9,0.101,13.35,0.079,9.95,0.057,6.36
mas_10x7,mas,2,10.0,7.0,mas_10x7_static_kt0737.txt,2883.0,0.1025,0.0515,1.2066507983823265,123.04413825132197,7.399324550725504,0.1630758037588734,16.62910410373302,0.164,33.99,0.164,32.6,0.165,30.85,0.165,29.33,0.164,27.83,0.164,26.53,0.164,25.28,0.162,23.94,0.159,22.58,0.154,21.06,0.148,19.68,0.141,18.44,0.133,17.4,0.124,16.19,0.114,14.9,0.101,13.35,0.079,9.95,0.057,6.36
mas_10x7,mas,2,10.0,7.0,mas_10x7_static_kt0737.txt,3172.0,0.1062,0.0512,1.5134195105077513,154.32584119018742,9.797616079001386,0.15446813779031085,15.751366449328861,0.164,33.99,0.164,32.6,0.165,30.85,0.165,29.33,0.164,27.83,0.164,26.53,0.164,25.28,0.162,23.94,0.159,22.58,0.154,21.06,0.148,19.68,0.141,18.44,0.133,17.4,0.124,16.19,0.114,14.9,0.101,13.35,0.079,9.95,0.057,6.36
mas_10x7,mas,2,10.0,7.0,mas_10x7_static_kt0737.txt,3453.0,0.1084,0.0506,1.8305891894839177,186.66814758188758,12.490826401411669,0.1465546898704021,14.944419334880118,0.164,33.99,0.164,32.6,0.165,30.85,0.165,29.33,0.164,27.83,0.164,26.53,0.164,25.28,0.162,23.94,0.159,22.58,0.154,21.06,0.148,19.68,0.141,18.44,0.133,17.4,0.124,16.19,0.114,14.9,0.101,13.35,0.079,9.95,0.057,6.36
mas_10x7,mas,2,10.0,7.0,mas_10x7_static_kt0737.txt,3740.0,0.1101,0.0507,2.1812175220687045,222.42228712850002,15.90280327600733,0.13715930985322083,13.98635720181926,0.164,33.99,0.164,32.6,0.165,30.85,0.165,29.33,0.164,27.83,0.164,26.53,0.164,25.28,0.162,23.94,0.159,22.58,0.154,21.06,0.148,19.68,0.141,18.44,0.133,17.4,0.124,16.19,0.114,14.9,0.101,13.35,0.079,9.95,0.057,6.36
mas_10x7,mas,2,10.0,7.0,mas_10x7_static_kt0737.txt,4019.0,0.1108,0.0507,2.534803086020275,258.47798035213606,19.733898884032715,0.1284491777786122,13.09817091245351,0.164,33.99,0.164,32.6,0.165,30.85,0.165,29.33,0.164,27.83,0.164,26.53,0.164,25.28,0.162,23.94,0.159,22.58,0.154,21.06,0.148,19.68,0.141,18.44,0.133,17.4,0.124,16.19,0.114,14.9,0.101,13.35,0.079,9.95,0.057,6.36
mas_10x7,mas,2,10.0,7.0,mas_10x7_static_kt0737.txt,4327.0,0.1107,0.0504,2.9355525939406615,299.3430574090706,24.481732183781734,0.11990787955295742,12.22720088439553,0.164,33.99,0.164,32.6,0.165,30.85,0.165,29.33,0.164,27.83,0.164,26.53,0.164,25.28,0.162,23.94,0.159,22.58,0.154,21.06,0.148,19.68,0.141,18.44,0.133,17.4,0.124,16.19,0.114,14.9,0.101,13.35,0.079,9.95,0.057,6.36
mas_10x7,mas,2,10.0,7.0,mas_10x7_static_kt0737.txt,4610.0,0.1108,0.0502,3.3351092551987582,340.0864979578917,29.488821319250633,0.11309740796664401,11.532726054936601,0.164,33.99,0.164,32.6,0.165,30.85,0.165,29.33,0.164,27.83,0.164,26.53,0.164,25.28,0.162,23.94,0.159,22.58,0.154,21.06,0.148,19.68,0.141,18.44,0.133,17.4,0.124,16.19,0.114,14.9,0.101,13.35,0.079,9.95,0.057,6.36
mas_10x7,mas,2,10.0,7.0,mas_10x7_static_kt0737.txt,4881.0,0.1112,0.0502,3.7522421437439424,382.62221489947564,35.00104901471878,0.10720370529940501,10.931735638511114,0.164,33.99,0.164,32.6,0.165,30.85,0.165,29.33,0.164,27.83,0.164,26.53,0.164,25.28,0.162,23.94,0.159,22.58,0.154,21.06,0.148,19.68,0.141,18.44,0.133,17.4,0.124,16.19,0.114,14.9,0.101,13.35,0.079,9.95,0.057,6.36
mas_10x7,mas,2,10.0,7.0,mas_10x7_static_kt0737.txt,5188.0,0.1106,0.0499,4.216222448090022,429.93503878388873,41.77835813960737,0.10091881624454967,10.290855311910763,0.164,33.99,0.164,32.6,0.165,30.85,0.165,29.33,0.164,27.83,0.164,26.53,0.164,25.28,0.162,23.94,0.159,22.58,0.154,21.06,0.148,19.68,0.141,18.44,0.133,17.4,0.124,16.19,0.114,14.9,0.101,13.35,0.079,9.95,0.057,6.36
mas_10x7,mas,2,10.0,7.0,mas_10x7_static_kt0737.txt,5498.0,0.1104,0.0497,4.726579846034581,481.9770100936183,49.524661508864995,0.09543891269581956,9.732060662491225,0.164,33.99,0.164,32.6,0.165,30.85,0.165,29.33,0.164,27.83,0.164,26.53,0.164,25.28,0.162,23.94,0.159,22.58,0.154,21.06,0.148,19.68,0.141,18.44,0.133,17.4,0.124,16.19,0.114,14.9,0.101,13.35,0.079,9.95,0.057,6.36
mas_10x7,mas,2,10.0,7.0,mas_10x7_static_kt0737.txt,5744.0,0.1107,0.0497,5.173029294085056,527.50218413883,56.47426704187622,0.09159975976756289,9.340576013986723,0.164,33.99,0.164,32.6,0.165,30.85,0.165,29.33,0.164,27.83,0.164,26.53,0.164,25.28,0.162,23.94,0.159,22.58,0.154,21.06,0.148,19.68,0.141,18.44,0.133,17.4,0.124,16.19,0.114,14.9,0.101,13.35,0.079,9.95,0.057,6.36
mas_10x7,mas,2,10.0,7.0,mas_10x7_static_kt0737.txt,6052.0,0.1104,0.0495,5.727107914669923,584.0024794063135,65.78893827189754,0.08705274876150905,8.876909929640505,0.164,33.99,0.164,32.6,0.165,30.85,0.165,29.33,0.164,27.83,0.164,26.53,0.164,25.28,0.162,23.94,0.159,22.58,0.154,21.06,0.148,19.68,0.141,18.44,0.133,17.4,0.124,16.19,0.114,14.9,0.101,13.35,0.079,9.95,0.057,6.36
mas_10x7,mas,2,10.0,7.0,mas_10x7_static_kt0737.txt,6332.0,0.1104,0.0494,6.269304155868047,639.2911091828553,75.19701272211775,0.08337171822284441,8.501549277566184,0.164,33.99,0.164,32.6,0.165,30.85,0.165,29.33,0.164,27.83,0.164,26.53,0.164,25.28,0.162,23.94,0.159,22.58,0.154,21.06,0.148,19.68,0.141,18.44,0.133,17.4,0.124,16.19,0.114,14.9,0.101,13.35,0.079,9.95,0.057,6.36
mas_10x7,mas,2,10.0,7.0,mas_10x7_static_kt0737.txt,6586.0,0.1104,0.0494,6.782362227667064,691.6084725841205,84.6141602572383,0.08015634980064544,8.17367294648483,0.164,33.99,0.164,32.6,0.165,30.85,0.165,29.33,0.164,27.83,0.164,26.53,0.164,25.28,0.162,23.94,0.159,22.58,0.154,21.06,0.148,19.68,0.141,18.44,0.133,17.4,0.124,16.19,0.114,14.9,0.101,13.35,0.079,9.95,0.057,6.36
mas_11x6,mas,2,11.0,6.0,mas_11x6_static_kt0696.txt,2197.0,0.0686,0.0398,0.686631027738191,70.0168791318331,4.075562797596189,0.1684751436398363,17.179683545332637,0.155,31.62,0.153,30.79,0.152,29.07,0.151,27.19,0.151,25.39,0.15,23.63,0.15,21.99,0.149,20.43,0.146,18.9,0.143,17.45,0.138,16.1,0.132,14.7,0.125,13.43,0.116,12.28,0.106,10.97,0.095,9.45,0.075,7.79,0.055,6.11
mas_11x6,mas,2,11.0,6.0,mas_11x6_static_kt0696.txt,2488.0,0.0702,0.0395,0.9011084437288975,91.88748897216661,5.874387216619843,0.1533961603994162,15.642055176784755,0.155,31.62,0.153,30.79,0.152,29.07,0.151,27.19,0.151,25.39,0.15,23.63,0.15,21.99,0.149,20.43,0.146,18.9,0.143,17.45,0.138,16.1,0.132,14.7,0.125,13.43,0.116,12.28,0.106,10.97,0.095,9.45,0.075,7.79,0.055,6.11
mas_11x6,mas,2,11.0,6.0,mas_11x6_static_kt0696.txt,2791.0,0.0711,0.0392,1.148493307328782,117.11372459798015,8.229622665358338,0.13955601052806882,14.230752655399023,0.155,31.62,0.153,30.79,0.152,29.07,0.151,27.19,0.151,25.39,0.15,23.63,0.15,21.99,0.149,20.43,0.146,18.9,0.143,17.45,0.138,16.1,0.132,14.7,0.125,13.43,0.116,12.28,0.106,10.97,0.095,9.45,0.075,7.79,0.055,6.11
mas_11x6,mas,2,11.0,6.0,mas_11x6_static_kt0696.txt,3060.0,0.0725,0.0392,1.407732232243564,143.54873807503725,10.845877449229688,0.1297942226282066,13.235327316484899,0.155,31.62,0.153,30.79,0.152,29.07,0.151,27.19,0.151,25.39,0.15,23.63,0.15,21.99,0.149,20.43,0.146,18.9,0.143,17.45,0.138,16.1,0.132,14.7,0.125,13.43,0.116,12.28,0.106,10.97,0.095,9.45,0.075,7.79,0.055,6.11
mas_11x6,mas,2,11.0,6.0,mas_11x6_static_kt0696.txt,3343.0,0.0741,0.0392,1.7172366792809648,175.10940833831788,14.141958004354434,0.12142849517387991,12.382260524631747,0.155,31.62,0.153,30.79,0.152,29.07,0.151,27.19,0.151,25.39,0.15,23.63,0.15,21.99,0.149,20.43,0.146,18.9,0.143,17.45,0.138,16.1,0.132,14.7,0.125,13.43,0.116,12.28,0.106,10.97,0.095,9.45,0.075,7.79,0.055,6.11
mas_11x6,mas,2,11.0,6.0,mas_11x6_static_kt0696.txt,3630.0,0.0754,0.0388,2.060268350323831,210.08890399105007,17.921152981415318,0.11496293527879488,11.722956899531939,0.155,31.62,0.153,30.79,0.152,29.07,0.151,27.19,0.151,25.39,0.15,23.63,0.15,21.99,0.149,20.43,0.146,18.9,0.143,17.45,0.138,16.1,0.132,14.7,0.125,13.43,0.116,12.28,0.106,10.97,0.095,9.45,0.075,7.79,0.055,6.11
mas_11x6,mas,2,11.0,6.0,mas_11x6_static_kt0696.txt,3908.0,0.0769,0.0386,2.4354243557764574,248.344170106658,22.24668555088138,0.1094735820401781,11.163198649913896,0.155,31.62,0.153,30.79,0.152,29.07,0.151,27.19,0.151,25.39,0.15,23.63,0.15,21.99,0.149,20.43,0.146,18.9,0.143,17.45,0.138,16.1,0.132,14.7,0.125,13.43,0.116,12.28,0.106,10.97,0.095,9.45,0.075,7.79,0.055,6.11
mas_11x6,mas,2,11.0,6.0,mas_11x6_static_kt0696.txt,4180.0,0.0787,0.0385,2.8514547949007945,290.76746849339935,27.152131060580622,0.10501771623519185,10.708826789494054,0.155,31.62,0.153,30.79,0.152,29.07,0.151,27.19,0.151,25.39,0.15,23.63,0.15,21.99,0.149,20.43,0.146,18.9,0.143,17.45,0.138,16.1,0.132,14.7,0.125,13.43,0.116,12.28,0.106,10.97,0.095,9.45,0.075,7.79,0.055,6.11
mas_11x6,mas,2,11.0,6.0,mas_11x6_static_kt0696.txt,4448.0,0.0808,0.0385,3.3149738967429445,338.03326281074015,32.716693971435724,0.10132362089021527,10.332133897938162,0.155,31.62,0.153,30.79,0.152,29.07,0.151,27.19,0.151,25.39,0.15,23.63,0.15,21.99,0.149,20.43,0.146,18.9,0.143,17.45,0.138,16.1,0.132,14.7,0.125,13.43,0.116,12.28,0.106,10.97,0.095,9.45,0.075,7.79,0.055,6.11
mas_11x6,mas,2,11.0,6.0,mas_11x6_static_kt0696.txt,4736.0,0.083,0.0384,3.8604743821575216,393.6588317271976,39.389516681924675,0.09800766059993424,9.994000050979105,0.155,31.62,0.153,30.79,0.152,29.07,0.151,27.19,0.151,25.39,0.15,23.63,0.15,21.99,0.149,20.43,0.146,18.9,0.143,17.45,0.138,16.1,0.132,14.7,0.125,13.43,0.116,12.28,0.106,10.97,0.095,9.45,0.075,7.79,0.055,6.11
mas_11x6,mas,2,11.0,6.0,mas_11x6_static_kt0696.txt,5020.0,0.0846,0.0384,4.420964141736583,450.81288123228455,46.90905912911606,0.094245423460061,9.61035863011946,0.155,31.62,0.153,30.79,0.152,29.07,0.151,27.19,0.151,25.39,0.15,23.63,0.15,21.99,0.149,20.43,0.146,18.9,0.143,17.45,0.138,16.1,0.132,14.7,0.125,13.43,0.116,12.28,0.106,10.97,0.095,9.45,0.075,7.79,0.055,6.11
mas_11x6,mas,2,11.0,6.0,mas_11x6_static_kt0696.txt,5294.0,0.0863,0.0383,5.01554192100476,511.4429413719018,54.87378676580915,0.09140141799234917,9.320350781597098,0.155,31.62,0.153,30.79,0.152,29.07,0.151,27.19,0.151,25.39,0.15,23.63,0.15,21.99,0.149,20.43,0.146,18.9,0.143,17.45,0.138,16.1,0.132,14.7,0.125,13.43,0.116,12.28,0.106,10.97,0.095,9.45,0.075,7.79,0.055,6.11
mas_11x6,mas,2,11.0,6.0,mas_11x6_static_kt0696.txt,5566.0,0.0876,0.0383,5.627684023657322,573.8640640440234,63.77386328249646,0.08824436428962444,8.998420897006058,0.155,31.62,0.153,30.79,0.152,29.07,0.151,27.19,0.151,25.39,0.15,23.63,0.15,21.99,0.149,20.43,0.146,18.9,0.143,17.45,0.138,16.1,0.132,14.7,0.125,13.43,0.116,12.28,0.106,10.97,0.095,9.45,0.075,7.79,0.055,6.11
mas_11x6,mas,2,11.0,6.0,mas_11x6_static_kt0696.txt,5842.0,0.089,0.0386,6.298720059265947,642.2906965442784,74.31668156421249,0.08475513070135686,8.642618090923696,0.155,31.62,0.153,30.79,0.152,29.07,0.151,27.19,0.151,25.39,0.15,23.63,0.15,21.99,0.149,20.43,0.146,18.9,0.143,17.45,0.138,16.1,0.132,14.7,0.125,13.43,0.116,12.28,0.106,10.97,0.095,9.45,0.075,7.79,0.055,6.11
mas_11x6,mas,2,11.0,6.0,mas_11x6_static_kt0696.txt,6127.0,0.0899,0.0386,6.9983337070029545,713.631434486084,85.73246130153409,0.08162991707876847,8.32393499092641,0.155,31.62,0.153,30.79,0.152,29.07,0.151,27.19,0.151,25.39,0.15,23.63,0.15,21.99,0.149,20.43,0.146,18.9,0.143,17.45,0.138,16.1,0.132,14.7,0.125,13.43,0.116,12.28,0.106,10.97,0.095,9.45,0.075,7.79,0.055,6.11
mas_11x6,mas,2,11.0,6.0,mas_11x6_static_kt0696.txt,6416.0,0.091,0.0387,7.76800144914987,792.1157020134165,98.70027831339144,0.07870293358733037,8.025465738792592,0.155,31.62,0.153,30.79,0.152,29.07,0.151,27.19,0.151,25.39,0.15,23.63,0.15,21.99,0.149,20.43,0.146,18.9,0.143,17.45,0.138,16.1,0.132,14.7,0.125,13.43,0.116,12.28,0.106,10.97,0.095,9.45,0.075,7.79,0.055,6.11
mas_11x7,mas,2,11.0,7.0,mas_11x7_static_jb0680.txt,2006.0,0.0802,0.0447,0.6692300301664974,68.24247119724855,3.4842928973729337,0.19207054340095217,19.58574471414318,0.163,33.97,0.16,32.37,0.159,30.04,0.159,28.05,0.16,26.18,0.159,24.33,0.158,22.5,0.157,20.92,0.153,19.54,0.149,18.22,0.143,17.05,0.138,16.06,0.13,15.07,0.121,13.93,0.109,12.81,0.095,11.99,0.075,10.97,0.055,9.92
mas_11x7,mas,2,11.0,7.0,mas_11x7_static_jb0680.txt,2282.0,0.0831,0.046,0.8973699017795964,91.50626378830655,5.278604192597757,0.17000136192025683,17.33531449784145,0.163,33.97,0.16,32.37,0.159,30.04,0.159,28.05,0.16,26.18,0.159,24.33,0.158,22.5,0.157,20.92,0.153,19.54,0.149,18.22,0.143,17.05,0.138,16.06,0.13,15.07,0.121,13.93,0.109,12.81,0.095,11.99,0.075,10.97,0.055,9.92
mas_11x7,mas,2,11.0,7.0,mas_11x7_static_jb0680.txt,2609.0,0.085,0.0449,1.1997928761608574,122.34482480366461,7.699861700391857,0.15582005532642207,15.889223672347038,0.163,33.97,0.16,32.37,0.159,30.04,0.159,28.05,0.16,26.18,0.159,24.33,0.158,22.5,0.157,20.92,0.153,19.54,0.149,18.22,0.143,17.05,0.138,16.06,0.13,15.07,0.121,13.93,0.109,12.81,0.095,11.99,0.075,10.97,0.055,9.92
mas_11x7,mas,2,11.0,7.0,mas_11x7_static_jb0680.txt,2849.0,0.0867,0.0447,1.4592953244453122,148.8067101859771,9.981578285556354,0.14619885580188824,14.90813435800077,0.163,33.97,0.16,32.37,0.159,30.04,0.159,28.05,0.16,26.18,0.159,24.33,0.158,22.5,0.157,20.92,0.153,19.54,0.149,18.22,0.143,17.05,0.138,16.06,0.13,15.07,0.121,13.93,0.109,12.81,0.095,11.99,0.075,10.97,0.055,9.92
mas_11x7,mas,2,11.0,7.0,mas_11x7_static_jb0680.txt,3122.0,0.0887,0.0449,1.7927866614292998,182.8133625070029,13.193480624791441,0.1358842834892661,13.856340696289365,0.163,33.97,0.16,32.37,0.159,30.04,0.159,28.05,0.16,26.18,0.159,24.33,0.158,22.5,0.157,20.92,0.153,19.54,0.149,18.22,0.143,17.05,0.138,16.06,0.13,15.07,0.121,13.93,0.109,12.81,0.095,11.99,0.075,10.97,0.055,9.92
mas_11x7,mas,2,11.0,7.0,mas_11x7_static_jb0680.txt,3401.0,0.0898,0.0447,2.1539161647670264,219.6383234608176,16.98015949914919,0.12684899484453904,12.934997664293011,0.163,33.97,0.16,32.37,0.159,30.04,0.159,28.05,0.16,26.18,0.159,24.33,0.158,22.5,0.157,20.92,0.153,19.54,0.149,18.22,0.143,17.05,0.138,16.06,0.13,15.07,0.121,13.93,0.109,12.81,0.095,11.99,0.075,10.97,0.055,9.92
mas_11x7,mas,2,11.0,7.0,mas_11x7_static_jb0680.txt,3695.0,0.0913,0.0441,2.5848709040283833,263.5834769292657,21.48306607018015,0.12032132171377283,12.269360251846742,0.163,33.97,0.16,32.37,0.159,30.04,0.159,28.05,0.16,26.18,0.159,24.33,0.158,22.5,0.157,20.92,0.153,19.54,0.149,18.22,0.143,17.05,0.138,16.06,0.13,15.07,0.121,13.93,0.109,12.81,0.095,11.99,0.075,10.97,0.055,9.92
mas_11x7,mas,2,11.0,7.0,mas_11x7_static_jb0680.txt,3964.0,0.0926,0.044,3.017292917576508,307.67825073562415,26.464760029960317,0.11401172404966758,11.625960348301163,0.163,33.97,0.16,32.37,0.159,30.04,0.159,28.05,0.16,26.18,0.159,24.33,0.158,22.5,0.157,20.92,0.153,19.54,0.149,18.22,0.143,17.05,0.138,16.06,0.13,15.07,0.121,13.93,0.109,12.81,0.095,11.99,0.075,10.97,0.055,9.92
mas_11x7,mas,2,11.0,7.0,mas_11x7_static_jb0680.txt,4259.0,0.0933,0.0434,3.5094262396645814,357.86188348361384,32.376283642661555,0.10839496831687882,11.05321065979502,0.163,33.97,0.16,32.37,0.159,30.04,0.159,28.05,0.16,26.18,0.159,24.33,0.158,22.5,0.157,20.92,0.153,19.54,0.149,18.22,0.143,17.05,0.138,16.06,0.13,15.07,0.121,13.93,0.109,12.81,0.095,11.99,0.075,10.97,0.055,9.92
mas_11x7,mas,2,11.0,7.0,mas_11x7_static_jb0680.txt,4532.0,0.0947,0.0432,4.033378476614809,411.29014256803384,38.830036325561686,0.103872642374008,10.592061751363413,0.163,33.97,0.16,32.37,0.159,30.04,0.159,28.05,0.16,26.18,0.159,24.33,0.158,22.5,0.157,20.92,0.153,19.54,0.149,18.22,0.143,17.05,0.138,16.06,0.13,15.07,0.121,13.93,0.109,12.81,0.095,11.99,0.075,10.97,0.055,9.92
mas_11x7,mas,2,11.0,7.0,mas_11x7_static_jb0680.txt,4828.0,0.0964,0.0432,4.659622694362656,475.14928078014987,46.946138699697634,0.09925465274511847,10.121157861769154,0.163,33.97,0.16,32.37,0.159,30.04,0.159,28.05,0.16,26.18,0.159,24.33,0.158,22.5,0.157,20.92,0.153,19.54,0.149,18.22,0.143,17.05,0.138,16.06,0.13,15.07,0.121,13.93,0.109,12.81,0.095,11.99,0.075,10.97,0.055,9.92
mas_11x7,mas,2,11.0,7.0,mas_11x7_static_jb0680.txt,5093.0,0.0974,0.0428,5.238965087026702,534.2257638466451,54.59830295149873,0.0959547239349294,9.78465877082688,0.163,33.97,0.16,32.37,0.159,30.04,0.159,28.05,0.16,26.18,0.159,24.33,0.158,22.5,0.157,20.92,0.153,19.54,0.149,18.22,0.143,17.05,0.138,16.06,0.13,15.07,0.121,13.93,0.109,12.81,0.095,11.99,0.075,10.97,0.055,9.92
mas_11x7,mas,2,11.0,7.0,mas_11x7_static_jb0680.txt,5393.0,0.0992,0.0428,5.98289950134554,610.085962213961,64.826022604716,0.09229163321999478,9.411127471664106,0.163,33.97,0.16,32.37,0.159,30.04,0.159,28.05,0.16,26.18,0.159,24.33,0.158,22.5,0.157,20.92,0.153,19.54,0.149,18.22,0.143,17.05,0.138,16.06,0.13,15.07,0.121,13.93,0.109,12.81,0.095,11.99,0.075,10.97,0.055,9.92
mas_11x7,mas,2,11.0,7.0,mas_11x7_static_jb0680.txt,5651.0,0.1001,0.0428,6.628631664908944,675.9323178566528,74.58200207316096,0.0888770947501062,9.062941447905882,0.163,33.97,0.16,32.37,0.159,30.04,0.159,28.05,0.16,26.18,0.159,24.33,0.158,22.5,0.157,20.92,0.153,19.54,0.149,18.22,0.143,17.05,0.138,16.06,0.13,15.07,0.121,13.93,0.109,12.81,0.095,11.99,0.075,10.97,0.055,9.92
mas_11x7,mas,2,11.0,7.0,mas_11x7_static_jb0680.txt,5928.0,0.1014,0.043,7.389133958136619,753.4819696977684,86.49826311779765,0.08542522926817303,8.710949128211269,0.163,33.97,0.16,32.37,0.159,30.04,0.159,28.05,0.16,26.18,0.159,24.33,0.158,22.5,0.157,20.92,0.153,19.54,0.149,18.22,0.143,17.05,0.138,16.06,0.13,15.07,0.121,13.93,0.109,12.81,0.095,11.99,0.075,10.97,0.055,9.92
mas_11x7,mas,2,11.0,7.0,mas_11x7_static_jb0680.txt,6205.0,0.103,0.0431,8.223562385690434,838.5699893123987,99.42989346933477,0.08270714267864188,8.433781431848988,0.163,33.97,0.16,32.37,0.159,30.04,0.159,28.05,0.16,26.18,0.159,24.33,0.158,22.5,0.157,20.92,0.153,19.54,0.149,18.22,0.143,17.05,0.138,16.06,0.13,15.07,0.121,13.93,0.109,12.81,0.095,11.99,0.075,10.97,0.055,9.92
mas_11x8,mas,2,11.0,8.0,mas_11x8_static_rd0672.txt,1998.0,0.0974,0.0545,0.8062860013746642,82.21829078988894,4.197563747400305,0.1920842779038257,19.58714524366891,0.166,34.91,0.165,33.87,0.165,32.22,0.165,30.68,0.164,29.13,0.163,27.99,0.163,26.77,0.161,25.44,0.158,24.01,0.153,22.52,0.147,20.96,0.14,19.49,0.132,18.3,0.123,16.95,0.113,15.53,0.101,13.76,0.082,11.03,0.063,8.25
mas_11x8,mas,2,11.0,8.0,mas_11x8_static_rd0672.txt,2285.0,0.1028,0.0548,1.113024485509727,113.4969113315686,6.31325771521077,0.17629954861941963,17.977550806791275,0.166,34.91,0.165,33.87,0.165,32.22,0.165,30.68,0.164,29.13,0.163,27.99,0.163,26.77,0.161,25.44,0.158,24.01,0.153,22.52,0.147,20.96,0.14,19.49,0.132,18.3,0.123,16.95,0.113,15.53,0.101,13.76,0.082,11.03,0.063,8.25
mas_11x8,mas,2,11.0,8.0,mas_11x8_static_rd0672.txt,2530.0,0.101,0.0511,1.3406073964805028,136.70390974292985,7.990920502202863,0.16776632881167275,17.107404548104885,0.166,34.91,0.165,33.87,0.165,32.22,0.165,30.68,0.164,29.13,0.163,27.99,0.163,26.77,0.161,25.44,0.158,24.01,0.153,22.52,0.147,20.96,0.14,19.49,0.132,18.3,0.123,16.95,0.113,15.53,0.101,13.76,0.082,11.03,0.063,8.25
mas_11x8,mas,2,11.0,8.0,mas_11x8_static_rd0672.txt,2824.0,0.1056,0.0513,1.7463548634398953,178.07863678625174,11.156443970809537,0.1565332885648128,15.961953222029218,0.166,34.91,0.165,33.87,0.165,32.22,0.165,30.68,0.164,29.13,0.163,27.99,0.163,26.77,0.161,25.44,0.158,24.01,0.153,22.52,0.147,20.96,0.14,19.49,0.132,18.3,0.123,16.95,0.113,15.53,0.101,13.76,0.082,11.03,0.063,8.25
mas_11x8,mas,2,11.0,8.0,mas_11x8_static_rd0672.txt,3077.0,0.1091,0.0515,2.141997394024681,218.4229470843439,14.487854115362564,0.14784780250881732,15.076280127139986,0.166,34.91,0.165,33.87,0.165,32.22,0.165,30.68,0.164,29.13,0.163,27.99,0.163,26.77,0.161,25.44,0.158,24.01,0.153,22.52,0.147,20.96,0.14,19.49,0.132,18.3,0.123,16.95,0.113,15.53,0.101,13.76,0.082,11.03,0.063,8.25
mas_11x8,mas,2,11.0,8.0,mas_11x8_static_rd0672.txt,3351.0,0.1091,0.051,2.540462574125698,259.0550875299616,18.5313818927521,0.13708975341549193,13.979264419092345,0.166,34.91,0.165,33.87,0.165,32.22,0.165,30.68,0.164,29.13,0.163,27.99,0.163,26.77,0.161,25.44,0.158,24.01,0.153,22.52,0.147,20.96,0.14,19.49,0.132,18.3,0.123,16.95,0.113,15.53,0.101,13.76,0.082,11.03,0.063,8.25
mas_11x8,mas,2,11.0,8.0,mas_11x8_static_rd0672.txt,3623.0,0.1117,0.0509,3.0403881852985744,310.0333126295498,23.374220190723005,0.13007442218351628,13.263899719426746,0.166,34.91,0.165,33.87,0.165,32.22,0.165,30.68,0.164,29.13,0.163,27.99,0.163,26.77,0.161,25.44,0.158,24.01,0.153,22.52,0.147,20.96,0.14,19.49,0.132,18.3,0.123,16.95,0.113,15.53,0.101,13.76,0.082,11.03,0.063,8.25
mas_11x8,mas,2,11.0,8.0,mas_11x8_static_rd0672.txt,3862.0,0.1134,0.0511,3.5073312800123326,357.64825705132057,28.423140045121663,0.12339703757024921,12.582995984382967,0.166,34.91,0.165,33.87,0.165,32.22,0.165,30.68,0.164,29.13,0.163,27.99,0.163,26.77,0.161,25.44,0.158,24.01,0.153,22.52,0.147,20.96,0.14,19.49,0.132,18.3,0.123,16.95,0.113,15.53,0.101,13.76,0.082,11.03,0.063,8.25
mas_11x8,mas,2,11.0,8.0,mas_11x8_static_rd0672.txt,4141.0,0.1127,0.0507,4.007500378983455,408.6513109964621,34.76466087723946,0.11527511783114154,11.754790660535612,0.166,34.91,0.165,33.87,0.165,32.22,0.165,30.68,0.164,29.13,0.163,27.99,0.163,26.77,0.161,25.44,0.158,24.01,0.153,22.52,0.147,20.96,0.14,19.49,0.132,18.3,0.123,16.95,0.113,15.53,0.101,13.76,0.082,11.03,0.063,8.25
mas_11x8,mas,2,11.0,8.0,mas_11x8_static_rd0672.txt,4407.0,0.1141,0.0509,4.595269011477834,468.5870313999005,42.06891200107021,0.10923194332577303,11.138558358437697,0.166,34.91,0.165,33.87,0.165,32.22,0.165,30.68,0.164,29.13,0.163,27.99,0.163,26.77,0.161,25.44,0.158,24.01,0.153,22.52,0.147,20.96,0.14,19.49,0.132,18.3,0.123,16.95,0.113,15.53,0.101,13.76,0.082,11.03,0.063,8.25
mas_11x8,mas,2,11.0,8.0,mas_11x8_static_rd0672.txt,4690.0,0.1137,0.0504,5.186153240546013,528.8404542372792,50.20690047690016,0.10329562652313352,10.533222509535218,0.166,34.91,0.165,33.87,0.165,32.22,0.165,30.68,0.164,29.13,0.163,27.99,0.163,26.77,0.161,25.44,0.158,24.01,0.153,22.52,0.147,20.96,0.14,19.49,0.132,18.3,0.123,16.95,0.113,15.53,0.101,13.76,0.082,11.03,0.063,8.25
mas_11x8,mas,2,11.0,8.0,mas_11x8_static_rd0672.txt,4942.0,0.1136,0.0504,5.7533793275638185,586.6814179728877,58.74259204805632,0.09794221070219503,9.987326018792864,0.166,34.91,0.165,33.87,0.165,32.22,0.165,30.68,0.164,29.13,0.163,27.99,0.163,26.77,0.161,25.44,0.158,24.01,0.153,22.52,0.147,20.96,0.14,19.49,0.132,18.3,0.123,16.95,0.113,15.53,0.101,13.76,0.082,11.03,0.063,8.25
mas_11x8,mas,2,11.0,8.0,mas_11x8_static_rd0672.txt,5220.0,0.1136,0.0504,6.418869295367747,654.5425089472702,69.22395237077625,0.09272613128165667,9.455433943462516,0.166,34.91,0.165,33.87,0.165,32.22,0.165,30.68,0.164,29.13,0.163,27.99,0.163,26.77,0.161,25.44,0.158,24.01,0.153,22.52,0.147,20.96,0.14,19.49,0.132,18.3,0.123,16.95,0.113,15.53,0.101,13.76,0.082,11.03,0.063,8.25
mas_11x8,mas,2,11.0,8.0,mas_11x8_static_rd0672.txt,5468.0,0.1127,0.0499,6.987472680224188,712.5239179764944,78.77717628377138,0.08869920210206435,9.044801446168096,0.166,34.91,0.165,33.87,0.165,32.22,0.165,30.68,0.164,29.13,0.163,27.99,0.163,26.77,0.161,25.44,0.158,24.01,0.153,22.52,0.147,20.96,0.14,19.49,0.132,18.3,0.123,16.95,0.113,15.53,0.101,13.76,0.082,11.03,0.063,8.25
mas_11x8,mas,2,11.0,8.0,mas_11x8_static_rd0672.txt,5733.0,0.1134,0.0501,7.728872325076968,788.1256417917402,91.15865266427775,0.08478484597113482,8.645648205160256,0.166,34.91,0.165,33.87,0.165,32.22,0.165,30.68,0.164,29.13,0.163,27.99,0.163,26.77,0.161,25.44,0.158,24.01,0.153,22.52,0.147,20.96,0.14,19.49,0.132,18.3,0.123,16.95,0.113,15.53,0.101,13.76,0.082,11.03,0.063,8.25
mas_11x8,mas,2,11.0,8.0,mas_11x8_static_rd0672.txt,6030.0,0.1127,0.0498,8.49762839677856,866.5169448056739,105.4376276258433,0.08059388842599251,8.218289469491877,0.166,34.91,0.165,33.87,0.165,32.22,0.165,30.68,0.164,29.13,0.163,27.99,0.163,26.77,0.161,25.44,0.158,24.01,0.153,22.52,0.147,20.96,0.14,19.49,0.132,18.3,0.123,16.95,0.113,15.53,0.101,13.76,0.082,11.03,0.063,8.25
mas_9x5,mas,2,9.0,5.0,mas_9x5_static_pg0900.txt,2487.0,0.0646,0.0405,0.37129797503895656,37.861856499309816,2.205696971415889,0.16833589556983053,17.16548419387156,0.165,32.55,0.162,31.32,0.161,29.47,0.161,27.7,0.16,26.0,0.159,24.49,0.159,22.96,0.157,21.62,0.155,20.39,0.151,19.03,0.146,17.78,0.14,16.76,0.133,15.42,0.125,14.45,0.115,13.25,0.104,12.15,0.08,10.62,0.056,9.06
mas_9x5,mas,2,9.0,5.0,mas_9x5_static_pg0900.txt,2835.0,0.0661,0.0403,0.49368061919127915,50.341413142232994,3.2510803538713984,0.1518512511090052,15.484518271683521,0.165,32.55,0.162,31.32,0.161,29.47,0.161,27.7,0.16,26.0,0.159,24.49,0.159,22.96,0.157,21.62,0.155,20.39,0.151,19.03,0.146,17.78,0.14,16.76,0.133,15.42,0.125,14.45,0.115,13.25,0.104,12.15,0.08,10.62,0.056,9.06
mas_9x5,mas,2,9.0,5.0,mas_9x5_static_pg0900.txt,3109.0,0.0667,0.04,0.5991088985079633,61.09210571479184,4.255843265011929,0.14077325249107453,14.354876791878423,0.165,32.55,0.162,31.32,0.161,29.47,0.161,27.7,0.16,26.0,0.159,24.49,0.159,22.96,0.157,21.62,0.155,20.39,0.151,19.03,0.146,17.78,0.14,16.76,0.133,15.42,0.125,14.45,0.115,13.25,0.104,12.15,0.08,10.62,0.056,9.06
mas_9x5,mas,2,9.0,5.0,mas_9x5_static_pg0900.txt,3411.0,0.0677,0.0399,0.7319654795922456,74.63970668803778,5.606366973204101,0.13055968028684345,13.313382274970909,0.165,32.55,0.162,31.32,0.161,29.47,0.161,27.7,0.16,26.0,0.159,24.49,0.159,22.96,0.157,21.62,0.155,20.39,0.151,19.03,0.146,17.78,0.14,16.76,0.133,15.42,0.125,14.45,0.115,13.25,0.104,12.15,0.08,10.62,0.056,9.06
mas_9x5,mas,2,9.0,5.0,mas_9x5_static_pg0900.txt,3685.0,0.0688,0.04,0.8681642833230836,88.52811952329121,7.086567623961391,0.12250843135788492,12.49238336821289,0.165,32.55,0.162,31.32,0.161,29.47,0.161,27.7,0.16,26.0,0.159,24.49,0.159,22.96,0.157,21.62,0.155,20.39,0.151,19.03,0.146,17.78,0.14,16.76,0.133,15.42,0.125,14.45,0.115,13.25,0.104,12.15,0.08,10.62,0.056,9.06
mas_9x5,mas,2,9.0,5.0,mas_9x5_static_pg0900.txt,3975.0,0.0695,0.0398,1.0204637050980097,104.05833848439678,8.850298911823979,0.11530273895435018,11.757607231251264,0.165,32.55,0.162,31.32,0.161,29.47,0.161,27.7,0.16,26.0,0.159,24.49,0.159,22.96,0.157,21.62,0.155,20.39,0.151,19.03,0.146,17.78,0.14,16.76,0.133,15.42,0.125,14.45,0.115,13.25,0.104,12.15,0.08,10.62,0.056,9.06
mas_9x5,mas,2,9.0,5.0,mas_9x5_static_pg0900.txt,4263.0,0.0711,0.0399,1.2007117433473564,122.43852318042926,10.944158180820287,0.10971257208723574,11.1875688524864,0.165,32.55,0.162,31.32,0.161,29.47,0.161,27.7,0.16,26.0,0.159,24.49,0.159,22.96,0.157,21.62,0.155,20.39,0.151,19.03,0.146,17.78,0.14,16.76,0.133,15.42,0.125,14.45,0.115,13.25,0.104,12.15,0.08,10.62,0.056,9.06
mas_9x5,mas,2,9.0,5.0,mas_9x5_static_pg0900.txt,4569.0,0.0722,0.0397,1.400612525440693,142.82273002918356,13.406562858547133,0.10447215592979192,10.653195120636704,0.165,32.55,0.162,31.32,0.161,29.47,0.161,27.7,0.16,26.0,0.159,24.49,0.159,22.96,0.157,21.62,0.155,20.39,0.151,19.03,0.146,17.78,0.14,16.76,0.133,15.42,0.125,14.45,0.115,13.25,0.104,12.15,0.08,10.62,0.056,9.06
mas_9x5,mas,2,9.0,5.0,mas_9x5_static_pg0900.txt,4885.0,0.074,0.0397,1.640965112931772,167.3318730587685,16.385046520589622,0.10015016502209609,10.212474700544641,0.165,32.55,0.162,31.32,0.161,29.47,0.161,27.7,0.16,26.0,0.159,24.49,0.159,22.96,0.157,21.62,0.155,20.39,0.151,19.03,0.146,17.78,0.14,16.76,0.133,15.42,0.125,14.45,0.115,13.25,0.104,12.15,0.08,10.62,0.056,9.06
mas_9x5,mas,2,9.0,5.0,mas_9x5_static_pg0900.txt,5141.0,0.0753,0.0399,1.8493907286853222,188.58537101714882,19.194604814542043,0.0963495079244457,9.824915534300267,0.165,32.55,0.162,31.32,0.161,29.47,0.161,27.7,0.16,26.0,0.159,24.49,0.159,22.96,0.157,21.62,0.155,20.39,0.151,19.03,0.146,17.78,0.14,16.76,0.133,15.42,0.125,14.45,0.115,13.25,0.104,12.15,0.08,10.62,0.056,9.06
mas_9x5,mas,2,9.0,5.0,mas_9x5_static_pg0900.txt,5442.0,0.0768,0.0399,2.113570735590217,215.52423463570304,22.767323363741887,0.0928335185398291,9.466384396285083,0.165,32.55,0.162,31.32,0.161,29.47,0.161,27.7,0.16,26.0,0.159,24.49,0.159,22.96,0.157,21.62,0.155,20.39,0.151,19.03,0.146,17.78,0.14,16.76,0.133,15.42,0.125,14.45,0.115,13.25,0.104,12.15,0.08,10.62,0.056,9.06
mas_9x5,mas,2,9.0,5.0,mas_9x5_static_pg0900.txt,5746.0,0.0788,0.04,2.417664051511369,246.53312308600485,26.867071070223492,0.08998614122068714,9.176032714605615,0.165,32.55,0.162,31.32,0.161,29.47,0.161,27.7,0.16,26.0,0.159,24.49,0.159,22.96,0.157,21.62,0.155,20.39,0.151,19.03,0.146,17.78,0.14,16.76,0.133,15.42,0.125,14.45,0.115,13.25,0.104,12.15,0.08,10.62,0.056,9.06
mas_9x5,mas,2,9.0,5.0,mas_9x5_static_pg0900.txt,6045.0,0.0806,0.04,2.736945467560287,279.0907667307681,31.28328669421407,0.08748906386701664,8.921401688345831,0.165,32.55,0.162,31.32,0.161,29.47,0.161,27.7,0.16,26.0,0.159,24.49,0.159,22.96,0.157,21.62,0.155,20.39,0.151,19.03,0.146,17.78,0.14,16.76,0.133,15.42,0.125,14.45,0.115,13.25,0.104,12.15,0.08,10.62,0.056,9.06
mas_9x5,mas,2,9.0,5.0,mas_9x5_static_pg0900.txt,6352.0,0.0814,0.0399,3.051995408345364,311.21691998239606,36.20493997494992,0.08429776186501149,8.595979449150475,0.165,32.55,0.162,31.32,0.161,29.47,0.161,27.7,0.16,26.0,0.159,24.49,0.159,22.96,0.157,21.62,0.155,20.39,0.151,19.03,0.146,17.78,0.14,16.76,0.133,15.42,0.125,14.45,0.115,13.25,0.104,12.15,0.08,10.62,0.056,9.06
mas_9x5,mas,2,9.0,5.0,mas_9x5_static_pg0900.txt,6629.0,0.0821,0.0398,3.3525687096958072,341.8668668399308,41.04786723522112,0.08167461394484184,8.328492802826842,0.165,32.55,0.162,31.32,0.161,29.47,0.161,27.7,0.16,26.0,0.159,24.49,0.159,22.96,0.157,21.62,0.155,20.39,0.151,19.03,0.146,17.78,0.14,16.76,0.133,15.42,0.125,14.45,0.115,13.25,0.104,12.15,0.08,10.62,0.056,9.06
mas_9x5,mas,2,9.0,5.0,mas_9x5_static_pg0900.txt,6913.0,0.0828,0.0398,3.677070382304346,374.9568285096691,46.552843204614646,0.07898702053798186,8.05443454574007,0.165,32.55,0.162,31.32,0.161,29.47,0.161,27.7,0.16,26.0,0.159,24.49,0.159,22.96,0.157,21.62,0.155,20.39,0.151,19.03,0.146,17.78,0.14,16.76,0.133,15.42,0.125,14.45,0.115,13.25,0.104,12.15,0.08,10.62,0.056,9.06
mas_9x7,mas,2,9.0,7.0,mas_9x7_static_pg0907.txt,2469.0,0.0959,0.0565,0.5432494298648537,55.39602513242073,3.0107533999533755,0.18043637511902053,18.39938971198325,0.174,32.92,0.17,32.4,0.169,31.44,0.169,30.34,0.169,29.05,0.169,27.66,0.168,26.33,0.166,24.93,0.164,23.62,0.161,22.24,0.156,20.91,0.149,19.6,0.141,18.41,0.131,17.26,0.119,16.11,0.105,15.08,0.085,13.93,0.065,12.78
mas_9x7,mas,2,9.0,7.0,mas_9x7_static_pg0907.txt,2796.0,0.0986,0.0563,0.7162914071465252,73.0413961084086,4.356957904231182,0.16440172774010775,16.76431072181711,0.174,32.92,0.17,32.4,0.169,31.44,0.169,30.34,0.169,29.05,0.169,27.66,0.168,26.33,0.166,24.93,0.164,23.62,0.161,22.24,0.156,20.91,0.149,19.6,0.141,18.41,0.131,17.26,0.119,16.11,0.105,15.08,0.085,13.93,0.065,12.78
mas_9x7,mas,2,9.0,7.0,mas_9x7_static_pg0907.txt,3080.0,0.1009,0.0553,0.8894695629477033,90.70065342881651,5.7205890260506695,0.1554856604620954,15.855124885877991,0.174,32.92,0.17,32.4,0.169,31.44,0.169,30.34,0.169,29.05,0.169,27.66,0.168,26.33,0.166,24.93,0.164,23.62,0.161,22.24,0.156,20.91,0.149,19.6,0.141,18.41,0.131,17.26,0.119,16.11,0.105,15.08,0.085,13.93,0.065,12.78
mas_9x7,mas,2,9.0,7.0,mas_9x7_static_pg0907.txt,3337.0,0.1083,0.055,1.1206741698644485,114.2769620476359,7.235937005066783,0.1548761644939314,15.792973593829842,0.174,32.92,0.17,32.4,0.169,31.44,0.169,30.34,0.169,29.05,0.169,27.66,0.168,26.33,0.166,24.93,0.164,23.62,0.161,22.24,0.156,20.91,0.149,19.6,0.141,18.41,0.131,17.26,0.119,16.11,0.105,15.08,0.085,13.93,0.065,12.78
mas_9x7,mas,2,9.0,7.0,mas_9x7_static_pg0907.txt,3614.0,0.1115,0.0548,1.3532862088455329,137.99678879592247,9.158165151519302,0.14776826869310478,15.068169935003777,0.174,32.92,0.17,32.4,0.169,31.44,0.169,30.34,0.169,29.05,0.169,27.66,0.168,26.33,0.166,24.93,0.164,23.62,0.161,22.24,0.156,20.91,0.149,19.6,0.141,18.41,0.131,17.26,0.119,16.11,0.105,15.08,0.085,13.93,0.065,12.78
mas_9x7,mas,2,9.0,7.0,mas_9x7_static_pg0907.txt,3908.0,0.1131,0.0544,1.6051299828980186,163.67770674980943,11.495451479311804,0.1396317478949607,14.238475717493813,0.174,32.92,0.17,32.4,0.169,31.44,0.169,30.34,0.169,29.05,0.169,27.66,0.168,26.33,0.166,24.93,0.164,23.62,0.161,22.24,0.156,20.91,0.149,19.6,0.141,18.41,0.131,17.26,0.119,16.11,0.105,15.08,0.085,13.93,0.065,12.78
mas_9x7,mas,2,9.0,7.0,mas_9x7_static_pg0907.txt,4200.0,0.1146,0.0544,1.8785453792402695,191.5583180026074,14.269548724502545,0.1316471470477955,13.424273023692649,0.174,32.92,0.17,32.4,0.169,31.44,0.169,30.34,0.169,29.05,0.169,27.66,0.168,26.33,0.166,24.93,0.164,23.62,0.161,22.24,0.156,20.91,0.149,19.6,0.141,18.41,0.131,17.26,0.119,16.11,0.105,15.08,0.085,13.93,0.065,12.78
mas_9x7,mas,2,9.0,7.0,mas_9x7_static_pg0907.txt,4476.0,0.1157,0.0542,2.154031285814336,219.65006254065725,17.20810264631414,0.12517540893886492,12.764339396110286,0.174,32.92,0.17,32.4,0.169,31.44,0.169,30.34,0.169,29.05,0.169,27.66,0.168,26.33,0.166,24.93,0.164,23.62,0.161,22.24,0.156,20.91,0.149,19.6,0.141,18.41,0.131,17.26,0.119,16.11,0.105,15.08,0.085,13.93,0.065,12.78
mas_9x7,mas,2,9.0,7.0,mas_9x7_static_pg0907.txt,4757.0,0.116,0.0537,2.439286342777595,248.73798318259497,20.466199716147706,0.11918609104811055,12.153598940322185,0.174,32.92,0.17,32.4,0.169,31.44,0.169,30.34,0.169,29.05,0.169,27.66,0.168,26.33,0.166,24.93,0.164,23.62,0.161,22.24,0.156,20.91,0.149,19.6,0.141,18.41,0.131,17.26,0.119,16.11,0.105,15.08,0.085,13.93,0.065,12.78
mas_9x7,mas,2,9.0,7.0,mas_9x7_static_pg0907.txt,5032.0,0.1175,0.0539,2.7647611846973175,281.9271805047919,24.314991962462862,0.1137060291430701,11.59478814305294,0.174,32.92,0.17,32.4,0.169,31.44,0.169,30.34,0.169,29.05,0.169,27.66,0.168,26.33,0.166,24.93,0.164,23.62,0.161,22.24,0.156,20.91,0.149,19.6,0.141,18.41,0.131,17.26,0.119,16.11,0.105,15.08,0.085,13.93,0.065,12.78
mas_9x7,mas,2,9.0,7.0,mas_9x7_static_pg0907.txt,5313.0,0.1178,0.0538,3.0900351127790815,315.09589031719105,28.567036602426448,0.10816785639279847,11.030051688680485,0.174,32.92,0.17,32.4,0.169,31.44,0.169,30.34,0.169,29.05,0.169,27.66,0.168,26.33,0.166,24.93,0.164,23.62,0.161,22.24,0.156,20.91,0.149,19.6,0.141,18.41,0.131,17.26,0.119,16.11,0.105,15.08,0.085,13.93,0.065,12.78
mas_9x7,mas,2,9.0,7.0,mas_9x7_static_pg0907.txt,5590.0,0.1181,0.0538,3.429351532027486,349.6965357209125,33.272173128496945,0.10306965880417097,10.510180214871642,0.174,32.92,0.17,32.4,0.169,31.44,0.169,30.34,0.169,29.05,0.169,27.66,0.168,26.33,0.166,24.93,0.164,23.62,0.161,22.24,0.156,20.91,0.149,19.6,0.141,18.41,0.131,17.26,0.119,16.11,0.105,15.08,0.085,13.93,0.065,12.78
mas_9x7,mas,2,9.0,7.0,mas_9x7_static_pg0907.txt,5879.0,0.1178,0.0534,3.7834735570376283,385.80693274845424,38.41626207235404,0.09848624912834442,10.042802499155616,0.174,32.92,0.17,32.4,0.169,31.44,0.169,30.34,0.169,29.05,0.169,27.66,0.168,26.33,0.166,24.93,0.164,23.62,0.161,22.24,0.156,20.91,0.149,19.6,0.141,18.41,0.131,17.26,0.119,16.11,0.105,15.08,0.085,13.93,0.065,12.78
mas_9x7,mas,2,9.0,7.0,mas_9x7_static_pg0907.txt,6137.0,0.1185,0.0536,4.147334735187423,422.9104470117138,43.86282785480768,0.09455237927011231,9.641659411737171,0.174,32.92,0.17,32.4,0.169,31.44,0.169,30.34,0.169,29.05,0.169,27.66,0.168,26.33,0.166,24.93,0.164,23.62,0.161,22.24,0.156,20.91,0.149,19.6,0.141,18.41,0.131,17.26,0.119,16.11,0.105,15.08,0.085,13.93,0.065,12.78
mas_9x7,mas,2,9.0,7.0,mas_9x7_static_pg0907.txt,6430.0,0.1182,0.0533,4.541276180230483,463.08129485915,50.16763125989243,0.09052203714192704,9.230678890541322,0.174,32.92,0.17,32.4,0.169,31.44,0.169,30.34,0.169,29.05,0.169,27.66,0.168,26.33,0.166,24.93,0.164,23.62,0.161,22.24,0.156,20.91,0.149,19.6,0.141,18.41,0.131,17.26,0.119,16.11,0.105,15.08,0.085,13.93,0.065,12.78
mas_9x7,mas,2,9.0,7.0,mas_9x7_static_pg0907.txt,6720.0,0.1182,0.0534,4.960146626484045,505.7941933773557,57.3736584951293,0.08645337872091831,8.815791194844143,0.174,32.92,0.17,32.4,0.169,31.44,0.169,30.34,0.169,29.05,0.169,27.66,0.168,26.33,0.166,24.93,0.164,23.62,0.161,22.24,0.156,20.91,0.149,19.6,0.141,18.41,0.131,17.26,0.119,16.11,0.105,15.08,0.085,13.93,0.065,12.78
apcff_4.2x4,apcff,2,4.2,4.0,apcff_4.2x4_static_0615rd.txt,1490.0,0.125114,0.13544,0.012241765666029449,1.2483126925126775,0.03510776017464085,0.3486911613026216,35.55660305023853,0.2027,38.363,0.1909,42.864,0.1865,45.208,0.1823,44.502,0.18,42.724,0.1817,40.263,0.186,37.416,0.1895,34.613,0.1902,32.197,0.188,30.083,0.183,28.195,0.175,26.509,0.1642,24.943,0.1506,23.468,0.1341,21.855,0.1145,19.775,0.0855,17.162,0.009,15.732
apcff_4.2x4,apcff,2,4.2,4.0,apcff_4.2x4_static_0615rd.txt,2033.333,0.121907,0.126335,0.022213207734238915,2.2651168068850134,0.08322361657428053,0.26690990668992026,27.21723592561377,0.2027,38.363,0.1909,42.864,0.1865,45.208,0.1823,44.502,0.18,42.724,0.1817,40.263,0.186,37.416,0.1895,34.613,0.1902,32.197,0.188,30.083,0.183,28.195,0.175,26.509,0.1642,24.943,0.1506,23.468,0.1341,21.855,0.1145,19.775,0.0855,17.162,0.009,15.732
apcff_4.2x4,apcff,2,4.2,4.0,apcff_4.2x4_static_0615rd.txt,2556.667,0.121578,0.118066,0.035024257930031534,3.571480365877393,0.15461254184414386,0.22652921627365458,23.099551454742915,0.2027,38.363,0.1909,42.864,0.1865,45.208,0.1823,44.502,0.18,42.724,0.1817,40.263,0.186,37.416,0.1895,34.613,0.1902,32.197,0.188,30.083,0.183,28.195,0.175,26.509,0.1642,24.943,0.1506,23.468,0.1341,21.855,0.1145,19.775,0.0855,17.162,0.009,15.732
apcff_4.2x4,apcff,2,4.2,4.0,apcff_4.2x4_static_0615rd.txt,2946.667,0.128023,0.115914,0.04899093575114965,4.995685147440732,0.2323948201189292,0.21080906935050572,21.496542585949918,0.2027,38.363,0.1909,42.864,0.1865,45.208,0.1823,44.502,0.18,42.724,0.1817,40.263,0.186,37.416,0.1895,34.613,0.1902,32.197,0.188,30.083,0.183,28.195,0.175,26.509,0.1642,24.943,0.1506,23.468,0.1341,21.855,0.1145,19.775,0.0855,17.162,0.009,15.732
apcff_4.2x4,apcff,2,4.2,4.0,apcff_4.2x4_static_0615rd.txt,3536.667,0.127437,0.113516,0.0702505122565537,7.163558631801248,0.39349295596147227,0.17853054595323448,18.205049222031427,0.2027,38.363,0.1909,42.864,0.1865,45.208,0.1823,44.502,0.18,42.724,0.1817,40.263,0.186,37.416,0.1895,34.613,0.1902,32.197,0.188,30.083,0.183,28.195,0.175,26.509,0.1642,24.943,0.1506,23.468,0.1341,21.855,0.1145,19.775,0.0855,17.162,0.009,15.732
apcff_4.2x4,apcff,2,4.2,4.0,apcff_4.2x4_static_0615rd.txt,4006.667,0.125903,0.110555,0.08907753545089443,9.083380711139323,0.5572184768435524,0.15986105836886005,16.301291304253752,0.2027,38.363,0.1909,42.864,0.1865,45.208,0.1823,44.502,0.18,42.724,0.1817,40.263,0.186,37.416,0.1895,34.613,0.1902,32.197,0.188,30.083,0.183,28.195,0.175,26.509,0.1642,24.943,0.1506,23.468,0.1341,21.855,0.1145,19.775,0.0855,17.162,0.009,15.732
apcff_4.2x4,apcff,2,4.2,4.0,apcff_4.2x4_static_0615rd.txt,4563.333,0.128415,0.109219,0.11785437131391242,12.017801319911737,0.8132836726547917,0.1449117636029774,14.77688747971809,0.2027,38.363,0.1909,42.864,0.1865,45.208,0.1823,44.502,0.18,42.724,0.1817,40.263,0.186,37.416,0.1895,34.613,0.1902,32.197,0.188,30.083,0.183,28.195,0.175,26.509,0.1642,24.943,0.1506,23.468,0.1341,21.855,0.1145,19.775,0.0855,17.162,0.009,15.732
apcff_4.2x4,apcff,2,4.2,4.0,apcff_4.2x4_static_0615rd.txt,4990.0,0.127016,0.114393,0.13938792051237872,14.213612243975133,1.113777548615992,0.12514879715934807,12.761625749807333,0.2027,38.363,0.1909,42.864,0.1865,45.208,0.1823,44.502,0.18,42.724,0.1817,40.263,0.186,37.416,0.1895,34.613,0.1902,32.197,0.188,30.083,0.183,28.195,0.175,26.509,0.1642,24.943,0.1506,23.468,0.1341,21.855,0.1145,19.775,0.0855,17.162,0.009,15.732
apcff_4.2x4,apcff,2,4.2,4.0,apcff_4.2x4_static_0615rd.txt,5463.333,0.128598,0.111736,0.16916681592727242,17.250214489889252,1.4277872842050838,0.11848180593753889,12.081781845741299,0.2027,38.363,0.1909,42.864,0.1865,45.208,0.1823,44.502,0.18,42.724,0.1817,40.263,0.186,37.416,0.1895,34.613,0.1902,32.197,0.188,30.083,0.183,28.195,0.175,26.509,0.1642,24.943,0.1506,23.468,0.1341,21.855,0.1145,19.775,0.0855,17.162,0.009,15.732
apcff_4.2x4,apcff,2,4.2,4.0,apcff_4.2x4_static_0615rd.txt,6003.333,0.129,0.110073,0.20489916768772268,20.89390033168541,1.8661883664575123,0.10979554442120548,11.196029675904157,0.2027,38.363,0.1909,42.864,0.1865,45.208,0.1823,44.502,0.18,42.724,0.1817,40.263,0.186,37.416,0.1895,34.613,0.1902,32.197,0.188,30.083,0.183,28.195,0.175,26.509,0.1642,24.943,0.1506,23.468,0.1341,21.855,0.1145,19.775,0.0855,17.162,0.009,15.732
apcff_4.2x4,apcff,2,4.2,4.0,apcff_4.2x4_static_0615rd.txt,6423.333,0.127502,0.107641,0.23184807159193924,23.64192375499679,2.23540598108445,0.10371631531533437,10.576120827737748,0.2027,38.363,0.1909,42.864,0.1865,45.208,0.1823,44.502,0.18,42.724,0.1817,40.263,0.186,37.416,0.1895,34.613,0.1902,32.197,0.188,30.083,0.183,28.195,0.175,26.509,0.1642,24.943,0.1506,23.468,0.1341,21.855,0.1145,19.775,0.0855,17.162,0.009,15.732
apcff_4.2x4,apcff,2,4.2,4.0,apcff_4.2x4_static_0615rd.txt,6946.667,0.128834,0.108129,0.27399905712625405,27.940128089230683,2.8403313114935087,0.09646728746660872,9.836925705170342,0.2027,38.363,0.1909,42.864,0.1865,45.208,0.1823,44.502,0.18,42.724,0.1817,40.263,0.186,37.416,0.1895,34.613,0.1902,32.197,0.188,30.083,0.183,28.195,0.175,26.509,0.1642,24.943,0.1506,23.468,0.1341,21.855,0.1145,19.775,0.0855,17.162,0.009,15.732
apcff_4.2x4,apcff,2,4.2,4.0,apcff_4.2x4_static_0615rd.txt,7456.667,0.129242,0.108655,0.31670781761235,32.295209639617,3.530053887942258,0.08971755890020296,9.148644939933918,0.2027,38.363,0.1909,42.864,0.1865,45.208,0.1823,44.502,0.18,42.724,0.1817,40.263,0.186,37.416,0.1895,34.613,0.1902,32.197,0.188,30.083,0.183,28.195,0.175,26.509,0.1642,24.943,0.1506,23.468,0.1341,21.855,0.1145,19.775,0.0855,17.162,0.009,15.732
apcff_4.2x4,apcff,2,4.2,4.0,apcff_4.2x4_static_0615rd.txt,7793.333,0.1313,0.110325,0.3514607319492295,35.83902065937191,4.092050732242666,0.08588865460047948,8.758205360697026,0.2027,38.363,0.1909,42.864,0.1865,45.208,0.1823,44.502,0.18,42.724,0.1817,40.263,0.186,37.416,0.1895,34.613,0.1902,32.197,0.188,30.083,0.183,28.195,0.175,26.509,0.1642,24.943,0.1506,23.468,0.1341,21.855,0.1145,19.775,0.0855,17.162,0.009,15.732
apcff_4.2x4,apcff,2,4.2,4.0,apcff_4.2x4_static_0615rd.txt,8466.667,0.129458,0.108728,0.4089963830099108,41.706024280453654,5.1710198999667165,0.07909394876096751,8.065338190000409,0.2027,38.363,0.1909,42.864,0.1865,45.208,0.1823,44.502,0.18,42.724,0.1817,40.263,0.186,37.416,0.1895,34.613,0.1902,32.197,0.188,30.083,0.183,28.195,0.175,26.509,0.1642,24.943,0.1506,23.468,0.1341,21.855,0.1145,19.775,0.0855,17.162,0.009,15.732
apcff_4.2x4,apcff,2,4.2,4.0,apcff_4.2x4_static_0615rd.txt,8846.667,0.131741,0.111847,0.4544079616844389,46.33671658358756,6.068212111568598,0.07488333521139509,7.635975099692056,0.2027,38.363,0.1909,42.864,0.1865,45.208,0.1823,44.502,0.18,42.724,0.1817,40.263,0.186,37.416,0.1895,34.613,0.1902,32.197,0.188,30.083,0.183,28.195,0.175,26.509,0.1642,24.943,0.1506,23.468,0.1341,21.855,0.1145,19.775,0.0855,17.162,0.009,15.732
apcff_4.2x4,apcff,2,4.2,4.0,apcff_4.2x4_static_0615rd.txt,9413.333,0.133007,0.110814,0.5194299157683072,52.96711066147026,7.243063141129047,0.07171412227773823,7.312805318609131,0.2027,38.363,0.1909,42.864,0.1865,45.208,0.1823,44.502,0.18,42.724,0.1817,40.263,0.186,37.416,0.1895,34.613,0.1902,32.197,0.188,30.083,0.183,28.195,0.175,26.509,0.1642,24.943,0.1506,23.468,0.1341,21.855,0.1145,19.775,0.0855,17.162,0.009,15.732
apcff_4.2x4,apcff,2,4.2,4.0,apcff_4.2x4_static_0615rd.txt,9880.0,0.129241,0.106961,0.5560064310564281,56.696877226823446,8.08339238679684,0.06878379824349386,7.013995425909344,0.2027,38.363,0.1909,42.864,0.1865,45.208,0.1823,44.502,0.18,42.724,0.1817,40.263,0.186,37.416,0.1895,34.613,0.1902,32.197,0.188,30.083,0.183,28.195,0.175,26.509,0.1642,24.943,0.1506,23.468,0.1341,21.855,0.1145,19.775,0.0855,17.162,0.009,15.732
apcff_9x4,apcff,2,9.0,4.0,apcff_9x4_static_1016rd.txt,1513.333,0.074892,0.04071,0.15938334080604202,16.25257766985077,0.499537478870203,0.31906182728574667,32.53525182256394,0.1693,33.068,0.1671,35.152,0.1665,34.443,0.1653,30.962,0.1659,27.381,0.1684,24.718,0.1717,22.898,0.1741,21.434,0.1751,20.056,0.1745,18.868,0.1714,17.733,0.1655,16.685,0.1561,15.61,0.1421,14.628,0.1233,13.853,0.0994,13.092,0.0658,11.141,0.0106,7.631
apcff_9x4,apcff,2,9.0,4.0,apcff_9x4_static_1016rd.txt,1706.667,0.078324,0.041786,0.2119975944902878,21.61773842140668,0.7354288132348659,0.28826392259203537,29.394739548371298,0.1693,33.068,0.1671,35.152,0.1665,34.443,0.1653,30.962,0.1659,27.381,0.1684,24.718,0.1717,22.898,0.1741,21.434,0.1751,20.056,0.1745,18.868,0.1714,17.733,0.1655,16.685,0.1561,15.61,0.1421,14.628,0.1233,13.853,0.0994,13.092,0.0658,11.141,0.0106,7.631
apcff_9x4,apcff,2,9.0,4.0,apcff_9x4_static_1016rd.txt,2046.667,0.078347,0.040186,0.30496867856029986,31.09815059783921,1.2197752281162115,0.2500203902577079,25.494984552085363,0.1693,33.068,0.1671,35.152,0.1665,34.443,0.1653,30.962,0.1659,27.381,0.1684,24.718,0.1717,22.898,0.1741,21.434,0.1751,20.056,0.1745,18.868,0.1714,17.733,0.1655,16.685,0.1561,15.61,0.1421,14.628,0.1233,13.853,0.0994,13.092,0.0658,11.141,0.0106,7.631
apcff_9x4,apcff,2,9.0,4.0,apcff_9x4_static_1016rd.txt,2183.333,0.08178,0.040942,0.3622643154542387,36.94067958520379,1.508663761859388,0.2401226334274494,24.485694240892602,0.1693,33.068,0.1671,35.152,0.1665,34.443,0.1653,30.962,0.1659,27.381,0.1684,24.718,0.1717,22.898,0.1741,21.434,0.1751,20.056,0.1745,18.868,0.1714,17.733,0.1655,16.685,0.1561,15.61,0.1421,14.628,0.1233,13.853,0.0994,13.092,0.0658,11.141,0.0106,7.631
apcff_9x4,apcff,2,9.0,4.0,apcff_9x4_static_1016rd.txt,2446.667,0.082766,0.040559,0.46040516554231187,46.948261184228244,2.1031744620383237,0.21890964057071288,22.322570966712682,0.1693,33.068,0.1671,35.152,0.1665,34.443,0.1653,30.962,0.1659,27.381,0.1684,24.718,0.1717,22.898,0.1741,21.434,0.1751,20.056,0.1745,18.868,0.1714,17.733,0.1655,16.685,0.1561,15.61,0.1421,14.628,0.1233,13.853,0.0994,13.092,0.0658,11.141,0.0106,7.631
apcff_9x4,apcff,2,9.0,4.0,apcff_9x4_static_1016rd.txt,2733.333,0.085657,0.040685,0.5946842567232968,60.64091781834744,2.941544496308177,0.20216735033913744,20.615332487560732,0.1693,33.068,0.1671,35.152,0.1665,34.443,0.1653,30.962,0.1659,27.381,0.1684,24.718,0.1717,22.898,0.1741,21.434,0.1751,20.056,0.1745,18.868,0.1714,17.733,0.1655,16.685,0.1561,15.61,0.1421,14.628,0.1233,13.853,0.0994,13.092,0.0658,11.141,0.0106,7.631
apcff_9x4,apcff,2,9.0,4.0,apcff_9x4_static_1016rd.txt,3020.0,0.086213,0.039909,0.7306764932995461,74.50826666594058,3.891841479709718,0.18774569753392045,19.144733169218895,0.1693,33.068,0.1671,35.152,0.1665,34.443,0.1653,30.962,0.1659,27.381,0.1684,24.718,0.1717,22.898,0.1741,21.434,0.1751,20.056,0.1745,18.868,0.1714,17.733,0.1655,16.685,0.1561,15.61,0.1421,14.628,0.1233,13.853,0.0994,13.092,0.0658,11.141,0.0106,7.631
apcff_9x4,apcff,2,9.0,4.0,apcff_9x4_static_1016rd.txt,3236.667,0.08704,0.039855,0.8473316219766563,86.40377926984816,4.784541666934694,0.17709776211845912,18.058945931430117,0.1693,33.068,0.1671,35.152,0.1665,34.443,0.1653,30.962,0.1659,27.381,0.1684,24.718,0.1717,22.898,0.1741,21.434,0.1751,20.056,0.1745,18.868,0.1714,17.733,0.1655,16.685,0.1561,15.61,0.1421,14.628,0.1233,13.853,0.0994,13.092,0.0658,11.141,0.0106,7.631
apcff_9x4,apcff,2,9.0,4.0,apcff_9x4_static_1016rd.txt,3436.667,0.087761,0.039698,0.9631966440237684,98.21872341969669,5.704852935700068,0.168838119909496,17.21669682404246,0.1693,33.068,0.1671,35.152,0.1665,34.443,0.1653,30.962,0.1659,27.381,0.1684,24.718,0.1717,22.898,0.1741,21.434,0.1751,20.056,0.1745,18.868,0.1714,17.733,0.1655,16.685,0.1561,15.61,0.1421,14.628,0.1233,13.853,0.0994,13.092,0.0658,11.141,0.0106,7.631
apcff_9x4,apcff,2,9.0,4.0,apcff_9x4_static_1016rd.txt,3720.0,0.089177,0.039495,1.1467723950166588,116.93824037940163,7.198373974622761,0.1593099218044943,16.245091015228883,0.1693,33.068,0.1671,35.152,0.1665,34.443,0.1653,30.962,0.1659,27.381,0.1684,24.718,0.1717,22.898,0.1741,21.434,0.1751,20.056,0.1745,18.868,0.1714,17.733,0.1655,16.685,0.1561,15.61,0.1421,14.628,0.1233,13.853,0.0994,13.092,0.0658,11.141,0.0106,7.631
apcff_9x4,apcff,2,9.0,4.0,apcff_9x4_static_1016rd.txt,3983.333,0.089722,0.039006,1.3229111184852598,134.89939158481846,8.728401734553845,0.1515639585249774,15.455222581103374,0.1693,33.068,0.1671,35.152,0.1665,34.443,0.1653,30.962,0.1659,27.381,0.1684,24.718,0.1717,22.898,0.1741,21.434,0.1751,20.056,0.1745,18.868,0.1714,17.733,0.1655,16.685,0.1561,15.61,0.1421,14.628,0.1233,13.853,0.0994,13.092,0.0658,11.141,0.0106,7.631
apcff_9x4,apcff,2,9.0,4.0,apcff_9x4_static_1016rd.txt,4176.667,0.091501,0.039318,1.4832830518837923,151.25277764412846,10.14248651575248,0.1462445180065143,14.912790607038522,0.1693,33.068,0.1671,35.152,0.1665,34.443,0.1653,30.962,0.1659,27.381,0.1684,24.718,0.1717,22.898,0.1741,21.434,0.1751,20.056,0.1745,18.868,0.1714,17.733,0.1655,16.685,0.1561,15.61,0.1421,14.628,0.1233,13.853,0.0994,13.092,0.0658,11.141,0.0106,7.631
apcff_9x4,apcff,2,9.0,4.0,apcff_9x4_static_1016rd.txt,4426.667,0.092255,0.039057,1.6798948991114966,171.30160647229144,11.994797172542814,0.14005196377617202,14.281325812196012,0.1693,33.068,0.1671,35.152,0.1665,34.443,0.1653,30.962,0.1659,27.381,0.1684,24.718,0.1717,22.898,0.1741,21.434,0.1751,20.056,0.1745,18.868,0.1714,17.733,0.1655,16.685,0.1561,15.61,0.1421,14.628,0.1233,13.853,0.0994,13.092,0.0658,11.141,0.0106,7.631
apcff_9x4,apcff,2,9.0,4.0,apcff_9x4_static_1016rd.txt,4706.667,0.091717,0.038152,1.8880577698604981,192.52831189657002,14.083843662076202,0.13405841581048664,13.670154008808987,0.1693,33.068,0.1671,35.152,0.1665,34.443,0.1653,30.962,0.1659,27.381,0.1684,24.718,0.1717,22.898,0.1741,21.434,0.1751,20.056,0.1745,18.868,0.1714,17.733,0.1655,16.685,0.1561,15.61,0.1421,14.628,0.1233,13.853,0.0994,13.092,0.0658,11.141,0.0106,7.631
apcff_9x4,apcff,2,9.0,4.0,apcff_9x4_static_1016rd.txt,4940.0,0.093193,0.038176,2.1133707021357124,215.5038369000334,16.294263554552042,0.12970028961789506,13.225748815130048,0.1693,33.068,0.1671,35.152,0.1665,34.443,0.1653,30.962,0.1659,27.381,0.1684,24.718,0.1717,22.898,0.1741,21.434,0.1751,20.056,0.1745,18.868,0.1714,17.733,0.1655,16.685,0.1561,15.61,0.1421,14.628,0.1233,13.853,0.0994,13.092,0.0658,11.141,0.0106,7.631
apcff_9x4,apcff,2,9.0,4.0,apcff_9x4_static_1016rd.txt,5196.667,0.094481,0.038086,2.371006530074672,241.77537997936832,18.923588513278204,0.12529370570550066,12.776402309198419,0.1693,33.068,0.1671,35.152,0.1665,34.443,0.1653,30.962,0.1659,27.381,0.1684,24.718,0.1717,22.898,0.1741,21.434,0.1751,20.056,0.1745,18.868,0.1714,17.733,0.1655,16.685,0.1561,15.61,0.1421,14.628,0.1233,13.853,0.0994,13.092,0.0658,11.141,0.0106,7.631
apcff_9x4,apcff,2,9.0,4.0,apcff_9x4_static_1016rd.txt,5420.0,0.095758,0.038133,2.6140394174159356,266.5578375302408,21.496230034433335,0.12160455173901123,12.40021329801831,0.1693,33.068,0.1671,35.152,0.1665,34.443,0.1653,30.962,0.1659,27.381,0.1684,24.718,0.1717,22.898,0.1741,21.434,0.1751,20.056,0.1745,18.868,0.1714,17.733,0.1655,16.685,0.1561,15.61,0.1421,14.628,0.1233,13.853,0.0994,13.092,0.0658,11.141,0.0106,7.631
apcff_9x4,apcff,2,9.0,4.0,apcff_9x4_static_1016rd.txt,5703.333,0.095897,0.037744,2.8986846595971225,295.58357437015934,24.791201753572164,0.11692392681929795,11.922922386268294,0.1693,33.068,0.1671,35.152,0.1665,34.443,0.1653,30.962,0.1659,27.381,0.1684,24.718,0.1717,22.898,0.1741,21.434,0.1751,20.056,0.1745,18.868,0.1714,17.733,0.1655,16.685,0.1561,15.61,0.1421,14.628,0.1233,13.853,0.0994,13.092,0.0658,11.141,0.0106,7.631
apcff_9x4,apcff,2,9.0,4.0,apcff_9x4_static_1016rd.txt,5943.333,0.096369,0.037536,3.163267889308569,322.56355527204187,27.899836009759785,0.11337944381472385,11.561485707629402,0.1693,33.068,0.1671,35.152,0.1665,34.443,0.1653,30.962,0.1659,27.381,0.1684,24.718,0.1717,22.898,0.1741,21.434,0.1751,20.056,0.1745,18.868,0.1714,17.733,0.1655,16.685,0.1561,15.61,0.1421,14.628,0.1233,13.853,0.0994,13.092,0.0658,11.141,0.0106,7.631
apcff_9x4,apcff,2,9.0,4.0,apcff_9x4_static_1016rd.txt,6216.667,0.096423,0.037159,3.462855274145455,353.11296662422495,31.608238961441998,0.10955546363622772,11.171548249017526,0.1693,33.068,0.1671,35.152,0.1665,34.443,0.1653,30.962,0.1659,27.381,0.1684,24.718,0.1717,22.898,0.1741,21.434,0.1751,20.056,0.1745,18.868,0.1714,17.733,0.1655,16.685,0.1561,15.61,0.1421,14.628,0.1233,13.853,0.0994,13.092,0.0658,11.141,0.0106,7.631
apcff_9x4,apcff,2,9.0,4.0,apcff_9x4_static_1016rd.txt,6426.667,0.09814,0.037523,3.7666575755395186,384.0921798513783,35.2629314852258,0.10681634841157903,10.892236228638632,0.1693,33.068,0.1671,35.152,0.1665,34.443,0.1653,30.962,0.1659,27.381,0.1684,24.718,0.1717,22.898,0.1741,21.434,0.1751,20.056,0.1745,18.868,0.1714,17.733,0.1655,16.685,0.1561,15.61,0.1421,14.628,0.1233,13.853,0.0994,13.092,0.0658,11.141,0.0106,7.631
apcsp_4.2x2,apcsp,2,4.2,2.0,apcsp_4.2x2_static_0597rd.txt,2066.667,0.064201,0.050153,0.012085049076476248,1.232332047791677,0.03469012010151192,0.34837149716150845,35.52400637949845,0.214,35.78,0.1994,36.563,0.1907,34.738,0.1851,30.893,0.1831,27.687,0.1848,25.23,0.1887,23.071,0.1921,21.292,0.1926,19.791,0.1904,18.511,0.185,17.392,0.1767,16.467,0.1654,15.593,0.1515,14.841,0.1345,14.136,0.1141,13.437,0.0817,11.919,0.0032,7.128
apcsp_4.2x2,apcsp,2,4.2,2.0,apcsp_4.2x2_static_0597rd.txt,2976.667,0.070424,0.045291,0.02750089389472101,2.804310737583274,0.0936052140688687,0.2937966027671025,29.958915915945052,0.214,35.78,0.1994,36.563,0.1907,34.738,0.1851,30.893,0.1831,27.687,0.1848,25.23,0.1887,23.071,0.1921,21.292,0.1926,19.791,0.1904,18.511,0.185,17.392,0.1767,16.467,0.1654,15.593,0.1515,14.841,0.1345,14.136,0.1141,13.437,0.0817,11.919,0.0032,7.128
apcsp_4.2x2,apcsp,2,4.2,2.0,apcsp_4.2x2_static_0597rd.txt,4003.333,0.074557,0.045035,0.052662015158308095,5.370031066501619,0.2264189068469743,0.23258665052163613,23.71723784591437,0.214,35.78,0.1994,36.563,0.1907,34.738,0.1851,30.893,0.1831,27.687,0.1848,25.23,0.1887,23.071,0.1921,21.292,0.1926,19.791,0.1904,18.511,0.185,17.392,0.1767,16.467,0.1654,15.593,0.1515,14.841,0.1345,14.136,0.1141,13.437,0.0817,11.919,0.0032,7.128
apcsp_4.2x2,apcsp,2,4.2,2.0,apcsp_4.2x2_static_0597rd.txt,4946.667,0.078044,0.047846,0.08416479834874664,8.582420943823493,0.4538172868407698,0.18545965697925787,18.911621907507445,0.214,35.78,0.1994,36.563,0.1907,34.738,0.1851,30.893,0.1831,27.687,0.1848,25.23,0.1887,23.071,0.1921,21.292,0.1926,19.791,0.1904,18.511,0.185,17.392,0.1767,16.467,0.1654,15.593,0.1515,14.841,0.1345,14.136,0.1141,13.437,0.0817,11.919,0.0032,7.128
apcsp_4.2x2,apcsp,2,4.2,2.0,apcsp_4.2x2_static_0597rd.txt,5913.333,0.079226,0.04462,0.12209503907882518,12.450229087285178,0.7229761112538157,0.16887838640627117,17.22080286400261,0.214,35.78,0.1994,36.563,0.1907,34.738,0.1851,30.893,0.1831,27.687,0.1848,25.23,0.1887,23.071,0.1921,21.292,0.1926,19.791,0.1904,18.511,0.185,17.392,0.1767,16.467,0.1654,15.593,0.1515,14.841,0.1345,14.136,0.1141,13.437,0.0817,11.919,0.0032,7.128
apcsp_4.2x2,apcsp,2,4.2,2.0,apcsp_4.2x2_static_0597rd.txt,6996.667,0.079277,0.042281,0.171039032928846,17.441127492961005,1.1347919247762268,0.15072281463632528,15.36944977503279,0.214,35.78,0.1994,36.563,0.1907,34.738,0.1851,30.893,0.1831,27.687,0.1848,25.23,0.1887,23.071,0.1921,21.292,0.1926,19.791,0.1904,18.511,0.185,17.392,0.1767,16.467,0.1654,15.593,0.1515,14.841,0.1345,14.136,0.1141,13.437,0.0817,11.919,0.0032,7.128
apcsp_4.2x2,apcsp,2,4.2,2.0,apcsp_4.2x2_static_0597rd.txt,7963.333,0.082268,0.044622,0.22992506032407348,23.445831178238592,1.7657574003243224,0.13021327860885215,13.27805913424586,0.214,35.78,0.1994,36.563,0.1907,34.738,0.1851,30.893,0.1831,27.687,0.1848,25.23,0.1887,23.071,0.1921,21.292,0.1926,19.791,0.1904,18.511,0.185,17.392,0.1767,16.467,0.1654,15.593,0.1515,14.841,0.1345,14.136,0.1141,13.437,0.0817,11.919,0.0032,7.128
apcsp_4.2x2,apcsp,2,4.2,2.0,apcsp_4.2x2_static_0597rd.txt,8973.333,0.081539,0.042386,0.2893600470263891,29.50651313408648,2.399833770998877,0.12057503753934987,12.29523206592974,0.214,35.78,0.1994,36.563,0.1907,34.738,0.1851,30.893,0.1831,27.687,0.1848,25.23,0.1887,23.071,0.1921,21.292,0.1926,19.791,0.1904,18.511,0.185,17.392,0.1767,16.467,0.1654,15.593,0.1515,14.841,0.1345,14.136,0.1141,13.437,0.0817,11.919,0.0032,7.128
apcsp_4.2x2,apcsp,2,4.2,2.0,apcsp_4.2x2_static_0597rd.txt,9950.0,0.084036,0.042918,0.3666714955252138,37.39008688239244,3.3128829388732774,0.11068048654019752,11.286268658532478,0.214,35.78,0.1994,36.563,0.1907,34.738,0.1851,30.893,0.1831,27.687,0.1848,25.23,0.1887,23.071,0.1921,21.292,0.1926,19.791,0.1904,18.511,0.185,17.392,0.1767,16.467,0.1654,15.593,0.1515,14.841,0.1345,14.136,0.1141,13.437,0.0817,11.919,0.0032,7.128
apcsp_4.2x2,apcsp,2,4.2,2.0,apcsp_4.2x2_static_0597rd.txt,10906.667,0.084205,0.042965,0.44145618240109336,45.01600265137365,4.368057527646339,0.10106464477791922,10.305725683889936,0.214,35.78,0.1994,36.563,0.1907,34.738,0.1851,30.893,0.1831,27.687,0.1848,25.23,0.1887,23.071,0.1921,21.292,0.1926,19.791,0.1904,18.511,0.185,17.392,0.1767,16.467,0.1654,15.593,0.1515,14.841,0.1345,14.136,0.1141,13.437,0.0817,11.919,0.0032,7.128
apcsp_4.2x2,apcsp,2,4.2,2.0,apcsp_4.2x2_static_0597rd.txt,11856.667,0.088827,0.044079,0.5503460529165272,56.119679290739164,5.75727499565298,0.09559141318281043,9.747611384398388,0.214,35.78,0.1994,36.563,0.1907,34.738,0.1851,30.893,0.1831,27.687,0.1848,25.23,0.1887,23.071,0.1921,21.292,0.1926,19.791,0.1904,18.511,0.185,17.392,0.1767,16.467,0.1654,15.593,0.1515,14.841,0.1345,14.136,0.1141,13.437,0.0817,11.919,0.0032,7.128
apcsp_4.2x2,apcsp,2,4.2,2.0,apcsp_4.2x2_static_0597rd.txt,12836.667,0.088243,0.042597,0.6408412085427226,65.3476170295384,7.06046349776244,0.09076475060678584,9.255428776063777,0.214,35.78,0.1994,36.563,0.1907,34.738,0.1851,30.893,0.1831,27.687,0.1848,25.23,0.1887,23.071,0.1921,21.292,0.1926,19.791,0.1904,18.511,0.185,17.392,0.1767,16.467,0.1654,15.593,0.1515,14.841,0.1345,14.136,0.1141,13.437,0.0817,11.919,0.0032,7.128
apcsp_4.2x2,apcsp,2,4.2,2.0,apcsp_4.2x2_static_0597rd.txt,13960.0,0.089155,0.042411,0.7657414510501209,78.0838972585053,9.041326239101318,0.08469348752603284,8.636332236393962,0.214,35.78,0.1994,36.563,0.1907,34.738,0.1851,30.893,0.1831,27.687,0.1848,25.23,0.1887,23.071,0.1921,21.292,0.1926,19.791,0.1904,18.511,0.185,17.392,0.1767,16.467,0.1654,15.593,0.1515,14.841,0.1345,14.136,0.1141,13.437,0.0817,11.919,0.0032,7.128
apcsp_4.2x2,apcsp,2,4.2,2.0,apcsp_4.2x2_static_0597rd.txt,15000.0,0.090267,0.04168,0.8951115131155267,91.27597223471082,11.022975955816554,0.08120416090023297,8.280519943123593,0.214,35.78,0.1994,36.563,0.1907,34.738,0.1851,30.893,0.1831,27.687,0.1848,25.23,0.1887,23.071,0.1921,21.292,0.1926,19.791,0.1904,18.511,0.185,17.392,0.1767,16.467,0.1654,15.593,0.1515,14.841,0.1345,14.136,0.1141,13.437,0.0817,11.919,0.0032,7.128
apcsp_9x6,apcsp,2,9.0,6.0,apcsp_9x6_static_0758ga.txt,1430.0,0.096309,0.061975,0.1830111038827874,18.661938978426623,0.6416351031234101,0.2852261402032233,29.08497195303425,0.1685,36.414,0.1637,39.25,0.1619,40.053,0.1614,38.239,0.1617,35.366,0.1634,32.531,0.166,30.047,0.1684,27.912,0.17,25.975,0.1702,24.217,0.1681,22.591,0.163,21.273,0.1544,20.146,0.1416,19.223,0.1237,18.367,0.1004,17.943,0.0699,18.192,0.0086,14.53
apcsp_9x6,apcsp,2,9.0,6.0,apcsp_9x6_static_0758ga.txt,1756.667,0.097444,0.060239,0.2794296463338621,28.493894075332772,1.1561376657642972,0.2416923646797177,24.645762281688214,0.1685,36.414,0.1637,39.25,0.1619,40.053,0.1614,38.239,0.1617,35.366,0.1634,32.531,0.166,30.047,0.1684,27.912,0.17,25.975,0.1702,24.217,0.1681,22.591,0.163,21.273,0.1544,20.146,0.1416,19.223,0.1237,18.367,0.1004,17.943,0.0699,18.192,0.0086,14.53
apcsp_9x6,apcsp,2,9.0,6.0,apcsp_9x6_static_0758ga.txt,2013.333,0.10099,0.060718,0.3804066394947445,38.79068178172409,1.7543965380134994,0.21683047774676892,22.110555362613017,0.1685,36.414,0.1637,39.25,0.1619,40.053,0.1614,38.239,0.1617,35.366,0.1634,32.531,0.166,30.047,0.1684,27.912,0.17,25.975,0.1702,24.217,0.1681,22.591,0.163,21.273,0.1544,20.146,0.1416,19.223,0.1237,18.367,0.1004,17.943,0.0699,18.192,0.0086,14.53
apcsp_9x6,apcsp,2,9.0,6.0,apcsp_9x6_static_0758ga.txt,2223.333,0.104341,0.061327,0.47929457681573145,48.87444507713965,2.3863202710201046,0.20085090112855747,20.481092027201694,0.1685,36.414,0.1637,39.25,0.1619,40.053,0.1614,38.239,0.1617,35.366,0.1634,32.531,0.166,30.047,0.1684,27.912,0.17,25.975,0.1702,24.217,0.1681,22.591,0.163,21.273,0.1544,20.146,0.1416,19.223,0.1237,18.367,0.1004,17.943,0.0699,18.192,0.0086,14.53
apcsp_9x6,apcsp,2,9.0,6.0,apcsp_9x6_static_0758ga.txt,2536.667,0.105682,0.061002,0.6319263050067467,64.43854986226151,3.5253149209248207,0.17925385935193813,18.278806662003657,0.1685,36.414,0.1637,39.25,0.1619,40.053,0.1614,38.239,0.1617,35.366,0.1634,32.531,0.166,30.047,0.1684,27.912,0.17,25.975,0.1702,24.217,0.1681,22.591,0.163,21.273,0.1544,20.146,0.1416,19.223,0.1237,18.367,0.1004,17.943,0.0699,18.192,0.0086,14.53
apcsp_9x6,apcsp,2,9.0,6.0,apcsp_9x6_static_0758ga.txt,2733.333,0.105102,0.059641,0.7296835605978723,74.40701570851131,4.312072147089,0.16921877364470075,17.255512702574354,0.1685,36.414,0.1637,39.25,0.1619,40.053,0.1614,38.239,0.1617,35.366,0.1634,32.531,0.166,30.047,0.1684,27.912,0.17,25.975,0.1702,24.217,0.1681,22.591,0.163,21.273,0.1544,20.146,0.1416,19.223,0.1237,18.367,0.1004,17.943,0.0699,18.192,0.0086,14.53
apcsp_9x6,apcsp,2,9.0,6.0,apcsp_9x6_static_0758ga.txt,2996.667,0.105647,0.059224,0.8816021323686496,89.89839877722257,5.642566163040201,0.15624134602856735,15.932183368282478,0.1685,36.414,0.1637,39.25,0.1619,40.053,0.1614,38.239,0.1617,35.366,0.1634,32.531,0.166,30.047,0.1684,27.912,0.17,25.975,0.1702,24.217,0.1681,22.591,0.163,21.273,0.1544,20.146,0.1416,19.223,0.1237,18.367,0.1004,17.943,0.0699,18.192,0.0086,14.53
apcsp_9x6,apcsp,2,9.0,6.0,apcsp_9x6_static_0758ga.txt,3273.333,0.10829,0.060018,1.0782196033467675,109.94780106833298,7.452732845406335,0.1446743933685149,14.752682452062112,0.1685,36.414,0.1637,39.25,0.1619,40.053,0.1614,38.239,0.1617,35.366,0.1634,32.531,0.166,30.047,0.1684,27.912,0.17,25.975,0.1702,24.217,0.1681,22.591,0.163,21.273,0.1544,20.146,0.1416,19.223,0.1237,18.367,0.1004,17.943,0.0699,18.192,0.0086,14.53
apcsp_9x6,apcsp,2,9.0,6.0,apcsp_9x6_static_0758ga.txt,3480.0,0.10813,0.059304,1.2168671943010116,124.08592070697046,8.848816452546561,0.13751750879077335,14.022883328228637,0.1685,36.414,0.1637,39.25,0.1619,40.053,0.1614,38.239,0.1617,35.366,0.1634,32.531,0.166,30.047,0.1684,27.912,0.17,25.975,0.1702,24.217,0.1681,22.591,0.163,21.273,0.1544,20.146,0.1416,19.223,0.1237,18.367,0.1004,17.943,0.0699,18.192,0.0086,14.53
apcsp_9x6,apcsp,2,9.0,6.0,apcsp_9x6_static_0758ga.txt,3713.333,0.109548,0.059411,1.4036884925013111,143.13639137741342,10.770156689794527,0.1303312972067903,13.290093682020904,0.1685,36.414,0.1637,39.25,0.1619,40.053,0.1614,38.239,0.1617,35.366,0.1634,32.531,0.166,30.047,0.1684,27.912,0.17,25.975,0.1702,24.217,0.1681,22.591,0.163,21.273,0.1544,20.146,0.1416,19.223,0.1237,18.367,0.1004,17.943,0.0699,18.192,0.0086,14.53
apcsp_9x6,apcsp,2,9.0,6.0,apcsp_9x6_static_0758ga.txt,3970.0,0.111019,0.05923,1.6259860557388957,165.80443431129854,13.121295638487606,0.1239196265778454,12.636285232759956,0.1685,36.414,0.1637,39.25,0.1619,40.053,0.1614,38.239,0.1617,35.366,0.1634,32.531,0.166,30.047,0.1684,27.912,0.17,25.975,0.1702,24.217,0.1681,22.591,0.163,21.273,0.1544,20.146,0.1416,19.223,0.1237,18.367,0.1004,17.943,0.0699,18.192,0.0086,14.53
apcsp_9x6,apcsp,2,9.0,6.0,apcsp_9x6_static_0758ga.txt,4226.667,0.110423,0.0583,1.8331335262287103,186.92759772488165,15.585693157363767,0.11761642602097619,11.99353765261085,0.1685,36.414,0.1637,39.25,0.1619,40.053,0.1614,38.239,0.1617,35.366,0.1634,32.531,0.166,30.047,0.1684,27.912,0.17,25.975,0.1702,24.217,0.1681,22.591,0.163,21.273,0.1544,20.146,0.1416,19.223,0.1237,18.367,0.1004,17.943,0.0699,18.192,0.0086,14.53
apcsp_9x6,apcsp,2,9.0,6.0,apcsp_9x6_static_0758ga.txt,4440.0,0.113056,0.058997,2.071085595578488,211.1919560276433,18.282783079504714,0.11328065243525244,11.551411790494456,0.1685,36.414,0.1637,39.25,0.1619,40.053,0.1614,38.239,0.1617,35.366,0.1634,32.531,0.166,30.047,0.1684,27.912,0.17,25.975,0.1702,24.217,0.1681,22.591,0.163,21.273,0.1544,20.146,0.1416,19.223,0.1237,18.367,0.1004,17.943,0.0699,18.192,0.0086,14.53
apcsp_9x6,apcsp,2,9.0,6.0,apcsp_9x6_static_0758ga.txt,4696.667,0.113314,0.058226,2.3227453593689495,236.85411015677624,21.357466386830872,0.10875566030627896,11.08999100674328,0.1685,36.414,0.1637,39.25,0.1619,40.053,0.1614,38.239,0.1617,35.366,0.1634,32.531,0.166,30.047,0.1684,27.912,0.17,25.975,0.1702,24.217,0.1681,22.591,0.163,21.273,0.1544,20.146,0.1416,19.223,0.1237,18.367,0.1004,17.943,0.0699,18.192,0.0086,14.53
apcsp_9x6,apcsp,2,9.0,6.0,apcsp_9x6_static_0758ga.txt,4953.333,0.11468,0.057994,2.6146961499491392,266.6248056114106,24.953938965045232,0.10478089866340265,10.684678117746902,0.1685,36.414,0.1637,39.25,0.1619,40.053,0.1614,38.239,0.1617,35.366,0.1634,32.531,0.166,30.047,0.1684,27.912,0.17,25.975,0.1702,24.217,0.1681,22.591,0.163,21.273,0.1544,20.146,0.1416,19.223,0.1237,18.367,0.1004,17.943,0.0699,18.192,0.0086,14.53
apcsp_9x6,apcsp,2,9.0,6.0,apcsp_9x6_static_0758ga.txt,5166.667,0.115802,0.058227,2.8726022427163596,292.923908033463,28.43277818827947,0.10103135978110295,10.302331558799688,0.1685,36.414,0.1637,39.25,0.1619,40.053,0.1614,38.239,0.1617,35.366,0.1634,32.531,0.166,30.047,0.1684,27.912,0.17,25.975,0.1702,24.217,0.1681,22.591,0.163,21.273,0.1544,20.146,0.1416,19.223,0.1237,18.367,0.1004,17.943,0.0699,18.192,0.0086,14.53
apcsp_9x6,apcsp,2,9.0,6.0,apcsp_9x6_static_0758ga.txt,5440.0,0.118973,0.055624,3.2717846036597016,333.62918057233634,31.704607666869652,0.10319587102409145,10.523050279564526,0.1685,36.414,0.1637,39.25,0.1619,40.053,0.1614,38.239,0.1617,35.366,0.1634,32.531,0.166,30.047,0.1684,27.912,0.17,25.975,0.1702,24.217,0.1681,22.591,0.163,21.273,0.1544,20.146,0.1416,19.223,0.1237,18.367,0.1004,17.943,0.0699,18.192,0.0086,14.53
apcsp_9x6,apcsp,2,9.0,6.0,apcsp_9x6_static_0758ga.txt,5700.0,0.119579,0.055011,3.6102985817308726,368.1479997482191,36.069288419095386,0.10009342407263987,10.206688733934614,0.1685,36.414,0.1637,39.25,0.1619,40.053,0.1614,38.239,0.1617,35.366,0.1634,32.531,0.166,30.047,0.1684,27.912,0.17,25.975,0.1702,24.217,0.1681,22.591,0.163,21.273,0.1544,20.146,0.1416,19.223,0.1237,18.367,0.1004,17.943,0.0699,18.192,0.0086,14.53
apcsp_9x6,apcsp,2,9.0,6.0,apcsp_9x6_static_0758ga.txt,5936.667,0.12047,0.054888,3.9455066596628443,402.3297109270592,40.660146730860156,0.09703621302154061,9.894939966404493,0.1685,36.414,0.1637,39.25,0.1619,40.053,0.1614,38.239,0.1617,35.366,0.1634,32.531,0.166,30.047,0.1684,27.912,0.17,25.975,0.1702,24.217,0.1681,22.591,0.163,21.273,0.1544,20.146,0.1416,19.223,0.1237,18.367,0.1004,17.943,0.0699,18.192,0.0086,14.53
da4002_5x1.58,da4002,2,5.0,1.58,da4002_5x1.58_static_1137ga.txt,1530.0,0.059478,0.041892,0.012325021625233863,1.2568024376554547,0.02811294413877124,0.43841091720579095,44.705472022126926,0.127,43.027,0.1118,38.667,0.1384,31.785,0.1598,27.7,0.1706,24.24,0.1768,21.321,0.1786,18.927,0.1788,17.068,0.1779,15.54,0.1789,13.922,0.1807,12.574,0.1805,11.751,0.1807,11.026,0.1815,10.262,0.1798,9.633,0.1793,9.162,0.1621,8.329,0.0157,6.787
da4002_5x1.58,da4002,2,5.0,1.58,da4002_5x1.58_static_1137ga.txt,2033.333,0.06228,0.038672,0.02279366146849375,2.3243066152553373,0.060914839278663306,0.37418897822615954,38.15665678148599,0.127,43.027,0.1118,38.667,0.1384,31.785,0.1598,27.7,0.1706,24.24,0.1768,21.321,0.1786,18.927,0.1788,17.068,0.1779,15.54,0.1789,13.922,0.1807,12.574,0.1805,11.751,0.1807,11.026,0.1815,10.262,0.1798,9.633,0.1793,9.162,0.1621,8.329,0.0157,6.787
da4002_5x1.58,da4002,2,5.0,1.58,da4002_5x1.58_static_1137ga.txt,2503.333,0.065004,0.036664,0.03606000663559724,3.6770973406410183,0.10776969653234465,0.3346024698582559,34.119956341692216,0.127,43.027,0.1118,38.667,0.1384,31.785,0.1598,27.7,0.1706,24.24,0.1768,21.321,0.1786,18.927,0.1788,17.068,0.1779,15.54,0.1789,13.922,0.1807,12.574,0.1805,11.751,0.1807,11.026,0.1815,10.262,0.1798,9.633,0.1793,9.162,0.1621,8.329,0.0157,6.787
da4002_5x1.58,da4002,2,5.0,1.58,da4002_5x1.58_static_1137ga.txt,3080.0,0.068219,0.037741,0.05728689103616281,5.841637158067517,0.20661721103497588,0.27726098299945284,28.272751959073982,0.127,43.027,0.1118,38.667,0.1384,31.785,0.1598,27.7,0.1706,24.24,0.1768,21.321,0.1786,18.927,0.1788,17.068,0.1779,15.54,0.1789,13.922,0.1807,12.574,0.1805,11.751,0.1807,11.026,0.1815,10.262,0.1798,9.633,0.1793,9.162,0.1621,8.329,0.0157,6.787
da4002_5x1.58,da4002,2,5.0,1.58,da4002_5x1.58_static_1137ga.txt,3446.667,0.069772,0.037302,0.07337165173140563,7.481826284348441,0.2861745695192015,0.25638774212074983,26.14427374493327,0.127,43.027,0.1118,38.667,0.1384,31.785,0.1598,27.7,0.1706,24.24,0.1768,21.321,0.1786,18.927,0.1788,17.068,0.1779,15.54,0.1789,13.922,0.1807,12.574,0.1805,11.751,0.1807,11.026,0.1815,10.262,0.1798,9.633,0.1793,9.162,0.1621,8.329,0.0157,6.787
da4002_5x1.58,da4002,2,5.0,1.58,da4002_5x1.58_static_1137ga.txt,4043.333,0.072368,0.03714,0.10473071363979848,10.679560669525118,0.46000375069122473,0.22767360805737966,23.216246940329235,0.127,43.027,0.1118,38.667,0.1384,31.785,0.1598,27.7,0.1706,24.24,0.1768,21.321,0.1786,18.927,0.1788,17.068,0.1779,15.54,0.1789,13.922,0.1807,12.574,0.1805,11.751,0.1807,11.026,0.1815,10.262,0.1798,9.633,0.1793,9.162,0.1621,8.329,0.0157,6.787
da4002_5x1.58,da4002,2,5.0,1.58,da4002_5x1.58_static_1137ga.txt,4533.333,0.073404,0.037333,0.13353756159925603,13.617041660430019,0.6516984645769787,0.20490697593700186,20.894696551523904,0.127,43.027,0.1118,38.667,0.1384,31.785,0.1598,27.7,0.1706,24.24,0.1768,21.321,0.1786,18.927,0.1788,17.068,0.1779,15.54,0.1789,13.922,0.1807,12.574,0.1805,11.751,0.1807,11.026,0.1815,10.262,0.1798,9.633,0.1793,9.162,0.1621,8.329,0.0157,6.787
da4002_5x1.58,da4002,2,5.0,1.58,da4002_5x1.58_static_1137ga.txt,5063.333,0.074019,0.036803,0.16798274211836317,17.129472563858524,0.8951455059764478,0.18765970559738582,19.135964432031923,0.127,43.027,0.1118,38.667,0.1384,31.785,0.1598,27.7,0.1706,24.24,0.1768,21.321,0.1786,18.927,0.1788,17.068,0.1779,15.54,0.1789,13.922,0.1807,12.574,0.1805,11.751,0.1807,11.026,0.1815,10.262,0.1798,9.633,0.1793,9.162,0.1621,8.329,0.0157,6.787
da4002_5x1.58,da4002,2,5.0,1.58,da4002_5x1.58_static_1137ga.txt,5473.333,0.07568,0.036879,0.20069351453919432,20.465043061513803,1.13301508865674,0.17713225229606516,18.062462950759453,0.127,43.027,0.1118,38.667,0.1384,31.785,0.1598,27.7,0.1706,24.24,0.1768,21.321,0.1786,18.927,0.1788,17.068,0.1779,15.54,0.1789,13.922,0.1807,12.574,0.1805,11.751,0.1807,11.026,0.1815,10.262,0.1798,9.633,0.1793,9.162,0.1621,8.329,0.0157,6.787
da4002_5x1.58,da4002,2,5.0,1.58,da4002_5x1.58_static_1137ga.txt,6063.333,0.075605,0.035583,0.24604912811070864,25.090028512357296,1.4862017363447122,0.1655556726207724,16.881980352186773,0.127,43.027,0.1118,38.667,0.1384,31.785,0.1598,27.7,0.1706,24.24,0.1768,21.321,0.1786,18.927,0.1788,17.068,0.1779,15.54,0.1789,13.922,0.1807,12.574,0.1805,11.751,0.1807,11.026,0.1815,10.262,0.1798,9.633,0.1793,9.162,0.1621,8.329,0.0157,6.787
da4002_5x1.58,da4002,2,5.0,1.58,da4002_5x1.58_static_1137ga.txt,6453.333,0.07621,0.035147,0.2809497079799501,28.64889722585696,1.7698702580583152,0.15874028432353776,16.187004157743754,0.127,43.027,0.1118,38.667,0.1384,31.785,0.1598,27.7,0.1706,24.24,0.1768,21.321,0.1786,18.927,0.1788,17.068,0.1779,15.54,0.1789,13.922,0.1807,12.574,0.1805,11.751,0.1807,11.026,0.1815,10.262,0.1798,9.633,0.1793,9.162,0.1621,8.329,0.0157,6.787
da4002_5x1.58,da4002,2,5.0,1.58,da4002_5x1.58_static_1137ga.txt,7013.333,0.076249,0.034734,0.33199500094739676,33.85406850936832,2.2450660507266313,0.14787760958745255,15.079319603274572,0.127,43.027,0.1118,38.667,0.1384,31.785,0.1598,27.7,0.1706,24.24,0.1768,21.321,0.1786,18.927,0.1788,17.068,0.1779,15.54,0.1789,13.922,0.1807,12.574,0.1805,11.751,0.1807,11.026,0.1815,10.262,0.1798,9.633,0.1793,9.162,0.1621,8.329,0.0157,6.787
da4002_5x1.58,da4002,2,5.0,1.58,da4002_5x1.58_static_1137ga.txt,7466.667,0.077333,0.03559,0.3816514317602429,38.917615267215915,2.77593491483827,0.13748572768049877,14.019642556887295,0.127,43.027,0.1118,38.667,0.1384,31.785,0.1598,27.7,0.1706,24.24,0.1768,21.321,0.1786,18.927,0.1788,17.068,0.1779,15.54,0.1789,13.922,0.1807,12.574,0.1805,11.751,0.1807,11.026,0.1815,10.262,0.1798,9.633,0.1793,9.162,0.1621,8.329,0.0157,6.787
da4002_5x1.58,da4002,2,5.0,1.58,da4002_5x1.58_static_1137ga.txt,7943.333,0.078635,0.036121,0.4392076558177935,44.78671675014338,3.392102880382582,0.129479461946112,13.203230659410913,0.127,43.027,0.1118,38.667,0.1384,31.785,0.1598,27.7,0.1706,24.24,0.1768,21.321,0.1786,18.927,0.1788,17.068,0.1779,15.54,0.1789,13.922,0.1807,12.574,0.1805,11.751,0.1807,11.026,0.1815,10.262,0.1798,9.633,0.1793,9.162,0.1621,8.329,0.0157,6.787
da4002_5x1.58,da4002,2,5.0,1.58,da4002_5x1.58_static_1137ga.txt,8480.0,0.079646,0.036196,0.5069955479627012,51.69915801651953,4.135700483260561,0.122590006218968,12.500701689054674,0.127,43.027,0.1118,38.667,0.1384,31.785,0.1598,27.7,0.1706,24.24,0.1768,21.321,0.1786,18.927,0.1788,17.068,0.1779,15.54,0.1789,13.922,0.1807,12.574,0.1805,11.751,0.1807,11.026,0.1815,10.262,0.1798,9.633,0.1793,9.162,0.1621,8.329,0.0157,6.787
da4002_5x1.58,da4002,2,5.0,1.58,da4002_5x1.58_static_1137ga.txt,8880.0,0.080841,0.036794,0.5642948417732787,57.542059905602706,4.827439544496485,0.11689319701923603,11.919788818733823,0.127,43.027,0.1118,38.667,0.1384,31.785,0.1598,27.7,0.1706,24.24,0.1768,21.321,0.1786,18.927,0.1788,17.068,0.1779,15.54,0.1789,13.922,0.1807,12.574,0.1805,11.751,0.1807,11.026,0.1815,10.262,0.1798,9.633,0.1793,9.162,0.1621,8.329,0.0157,6.787
da4002_5x1.58,da4002,2,5.0,1.58,da4002_5x1.58_static_1137ga.txt,9406.667,0.082159,0.03626,0.6435394226253304,65.62275829415044,5.655044833090165,0.11379917252993238,11.604286125224455,0.127,43.027,0.1118,38.667,0.1384,31.785,0.1598,27.7,0.1706,24.24,0.1768,21.321,0.1786,18.927,0.1788,17.068,0.1779,15.54,0.1789,13.922,0.1807,12.574,0.1805,11.751,0.1807,11.026,0.1815,10.262,0.1798,9.633,0.1793,9.162,0.1621,8.329,0.0157,6.787
da4002_5x1.58,da4002,2,5.0,1.58,da4002_5x1.58_static_1137ga.txt,9943.333,0.083153,0.035055,0.7277636540499131,74.21123972507566,6.4572390728961055,0.1127050812017569,11.492719858642545,0.127,43.027,0.1118,38.667,0.1384,31.785,0.1598,27.7,0.1706,24.24,0.1768,21.321,0.1786,18.927,0.1788,17.068,0.1779,15.54,0.1789,13.922,0.1807,12.574,0.1805,11.751,0.1807,11.026,0.1815,10.262,0.1798,9.633,0.1793,9.162,0.1621,8.329,0.0157,6.787
da4002_5x1.58,da4002,2,5.0,1.58,da4002_5x1.58_static_1137ga.txt,10396.667,0.085918,0.038311,0.8220929022765823,83.83014610255105,8.066902954401664,0.10190935814196346,10.39186247515344,0.127,43.027,0.1118,38.667,0.1384,31.785,0.1598,27.7,0.1706,24.24,0.1768,21.321,0.1786,18.927,0.1788,17.068,0.1779,15.54,0.1789,13.922,0.1807,12.574,0.1805,11.751,0.1807,11.026,0.1815,10.262,0.1798,9.633,0.1793,9.162,0.1621,8.329,0.0157,6.787
da4002_5x2.65,da4002,2,5.0,2.65,da4002_5x2.65_static_1126rd.txt,1533.333,0.088212,0.0642,0.018359003543208137,1.872097356712857,0.04336560583606596,0.42335401960277624,43.17009576183266,0.126,43.384,0.113,39.903,0.1393,34.213,0.1599,30.48,0.1711,27.208,0.1768,24.272,0.1788,21.894,0.1789,20.214,0.1782,18.559,0.1794,16.777,0.1809,15.29,0.1804,14.275,0.1811,13.378,0.182,12.798,0.1801,12.164,0.1798,11.546,0.1779,10.353,0.023,9.63
da4002_5x2.65,da4002,2,5.0,2.65,da4002_5x2.65_static_1126rd.txt,1993.333,0.092587,0.062046,0.03256553350350127,3.320760249779616,0.09207766569913549,0.3536746208348658,36.064774498413406,0.126,43.384,0.113,39.903,0.1393,34.213,0.1599,30.48,0.1711,27.208,0.1768,24.272,0.1788,21.894,0.1789,20.214,0.1782,18.559,0.1794,16.777,0.1809,15.29,0.1804,14.275,0.1811,13.378,0.182,12.798,0.1801,12.164,0.1798,11.546,0.1779,10.353,0.023,9.63
da4002_5x2.65,da4002,2,5.0,2.65,da4002_5x2.65_static_1126rd.txt,2470.0,0.093714,0.060467,0.05061122551473168,5.160908721605409,0.17073015092068813,0.29643988037146923,30.228455218802473,0.126,43.384,0.113,39.903,0.1393,34.213,0.1599,30.48,0.1711,27.208,0.1768,24.272,0.1788,21.894,0.1789,20.214,0.1782,18.559,0.1794,16.777,0.1809,15.29,0.1804,14.275,0.1811,13.378,0.182,12.798,0.1801,12.164,0.1798,11.546,0.1779,10.353,0.023,9.63
da4002_5x2.65,da4002,2,5.0,2.65,da4002_5x2.65_static_1126rd.txt,2986.667,0.097881,0.061991,0.07728949616896641,7.881335233639053,0.3094496492290765,0.24976436832782212,25.46887758080712,0.126,43.384,0.113,39.903,0.1393,34.213,0.1599,30.48,0.1711,27.208,0.1768,24.272,0.1788,21.894,0.1789,20.214,0.1782,18.559,0.1794,16.777,0.1809,15.29,0.1804,14.275,0.1811,13.378,0.182,12.798,0.1801,12.164,0.1798,11.546,0.1779,10.353,0.023,9.63
da4002_5x2.65,da4002,2,5.0,2.65,da4002_5x2.65_static_1126rd.txt,3486.667,0.098628,0.060142,0.10613769234184868,10.82303256890464,0.4776504845283877,0.22220786072612203,22.65889582335681,0.126,43.384,0.113,39.903,0.1393,34.213,0.1599,30.48,0.1711,27.208,0.1768,24.272,0.1788,21.894,0.1789,20.214,0.1782,18.559,0.1794,16.777,0.1809,15.29,0.1804,14.275,0.1811,13.378,0.182,12.798,0.1801,12.164,0.1798,11.546,0.1779,10.353,0.023,9.63
da4002_5x2.65,da4002,2,5.0,2.65,da4002_5x2.65_static_1126rd.txt,3946.667,0.098343,0.0588,0.13559787792210204,13.827135456256933,0.6772822929574385,0.20020880411622283,20.415616353823463,0.126,43.384,0.113,39.903,0.1393,34.213,0.1599,30.48,0.1711,27.208,0.1768,24.272,0.1788,21.894,0.1789,20.214,0.1782,18.559,0.1794,16.777,0.1809,15.29,0.1804,14.275,0.1811,13.378,0.182,12.798,0.1801,12.164,0.1798,11.546,0.1779,10.353,0.023,9.63
da4002_5x2.65,da4002,2,5.0,2.65,da4002_5x2.65_static_1126rd.txt,4580.0,0.097656,0.056917,0.1813336316005158,18.49088441012128,1.024564673234292,0.17698602766391636,18.047552187945566,0.126,43.384,0.113,39.903,0.1393,34.213,0.1599,30.48,0.1711,27.208,0.1768,24.272,0.1788,21.894,0.1789,20.214,0.1782,18.559,0.1794,16.777,0.1809,15.29,0.1804,14.275,0.1811,13.378,0.182,12.798,0.1801,12.164,0.1798,11.546,0.1779,10.353,0.023,9.63
da4002_5x2.65,da4002,2,5.0,2.65,da4002_5x2.65_static_1126rd.txt,5033.333,0.098625,0.059781,0.22118048986925595,22.554133151408074,1.4283383907801839,0.15485160330140202,15.790469049206614,0.126,43.384,0.113,39.903,0.1393,34.213,0.1599,30.48,0.1711,27.208,0.1768,24.272,0.1788,21.894,0.1789,20.214,0.1782,18.559,0.1794,16.777,0.1809,15.29,0.1804,14.275,0.1811,13.378,0.182,12.798,0.1801,12.164,0.1798,11.546,0.1779,10.353,0.023,9.63
da4002_5x2.65,da4002,2,5.0,2.65,da4002_5x2.65_static_1126rd.txt,5420.0,0.102002,0.060348,0.2652502073637179,27.047993694454064,1.8003696519442234,0.1473309701023196,15.023577888710173,0.126,43.384,0.113,39.903,0.1393,34.213,0.1599,30.48,0.1711,27.208,0.1768,24.272,0.1788,21.894,0.1789,20.214,0.1782,18.559,0.1794,16.777,0.1809,15.29,0.1804,14.275,0.1811,13.378,0.182,12.798,0.1801,12.164,0.1798,11.546,0.1779,10.353,0.023,9.63
da4002_5x2.65,da4002,2,5.0,2.65,da4002_5x2.65_static_1126rd.txt,5946.667,0.098818,0.055551,0.30933692990311024,31.543588269501846,2.1888383165211236,0.14132470524125393,14.411109322883345,0.126,43.384,0.113,39.903,0.1393,34.213,0.1599,30.48,0.1711,27.208,0.1768,24.272,0.1788,21.894,0.1789,20.214,0.1782,18.559,0.1794,16.777,0.1809,15.29,0.1804,14.275,0.1811,13.378,0.182,12.798,0.1801,12.164,0.1798,11.546,0.1779,10.353,0.023,9.63
da4002_5x2.65,da4002,2,5.0,2.65,da4002_5x2.65_static_1126rd.txt,6520.0,0.098517,0.054989,0.37072753337920894,37.80368763840955,2.8557458308664967,0.1298181124427036,13.237763399601661,0.126,43.384,0.113,39.903,0.1393,34.213,0.1599,30.48,0.1711,27.208,0.1768,24.272,0.1788,21.894,0.1789,20.214,0.1782,18.559,0.1794,16.777,0.1809,15.29,0.1804,14.275,0.1811,13.378,0.182,12.798,0.1801,12.164,0.1798,11.546,0.1779,10.353,0.023,9.63
da4002_5x2.65,da4002,2,5.0,2.65,da4002_5x2.65_static_1126rd.txt,7010.0,0.100132,0.055813,0.4355694367673498,44.41572165493312,3.602386970050631,0.12091134028314231,12.32952540196115,0.126,43.384,0.113,39.903,0.1393,34.213,0.1599,30.48,0.1711,27.208,0.1768,24.272,0.1788,21.894,0.1789,20.214,0.1782,18.559,0.1794,16.777,0.1809,15.29,0.1804,14.275,0.1811,13.378,0.182,12.798,0.1801,12.164,0.1798,11.546,0.1779,10.353,0.023,9.63
da4002_5x2.65,da4002,2,5.0,2.65,da4002_5x2.65_static_1126rd.txt,7386.667,0.103924,0.05857,0.5019510509480264,51.18476247730126,4.423048781113221,0.113485307485506,11.572280797775592,0.126,43.384,0.113,39.903,0.1393,34.213,0.1599,30.48,0.1711,27.208,0.1768,24.272,0.1788,21.894,0.1789,20.214,0.1782,18.559,0.1794,16.777,0.1809,15.29,0.1804,14.275,0.1811,13.378,0.182,12.798,0.1801,12.164,0.1798,11.546,0.1779,10.353,0.023,9.63
da4002_5x2.65,da4002,2,5.0,2.65,da4002_5x2.65_static_1126rd.txt,7960.0,0.103558,0.058529,0.5808423336418477,59.22943447985273,5.531096677940703,0.10501395427752722,10.708443176571738,0.126,43.384,0.113,39.903,0.1393,34.213,0.1599,30.48,0.1711,27.208,0.1768,24.272,0.1788,21.894,0.1789,20.214,0.1782,18.559,0.1794,16.777,0.1809,15.29,0.1804,14.275,0.1811,13.378,0.182,12.798,0.1801,12.164,0.1798,11.546,0.1779,10.353,0.023,9.63
da4002_5x3.75,da4002,2,5.0,3.75,da4002_5x3.75_static_1121md.txt,1410.0,0.117996,0.097429,0.020766054155877577,2.1175482102326053,0.051173665418815205,0.40579571515786805,41.37964699034514,0.1253,41.466,0.1121,44.054,0.1384,40.139,0.1594,36.43,0.1705,33.121,0.176,30.108,0.178,27.726,0.1783,25.858,0.1778,24.093,0.1788,22.396,0.1801,20.921,0.1797,19.817,0.1804,18.933,0.181,18.173,0.1796,17.534,0.1793,16.84,0.1555,14.427,0.0226,15.523
da4002_5x3.75,da4002,2,5.0,3.75,da4002_5x3.75_static_1121md.txt,1976.667,0.124035,0.09569,0.04290024244068271,4.374607275744797,0.13847393464084162,0.30980734787346526,31.591557552626565,0.1253,41.466,0.1121,44.054,0.1384,40.139,0.1594,36.43,0.1705,33.121,0.176,30.108,0.178,27.726,0.1783,25.858,0.1778,24.093,0.1788,22.396,0.1801,20.921,0.1797,19.817,0.1804,18.933,0.181,18.173,0.1796,17.534,0.1793,16.84,0.1555,14.427,0.0226,15.523
da4002_5x3.75,da4002,2,5.0,3.75,da4002_5x3.75_static_1121md.txt,2446.667,0.123977,0.095134,0.06569605988272226,6.699133739118074,0.26107259915131215,0.2516390463659735,25.660041539768784,0.1253,41.466,0.1121,44.054,0.1384,40.139,0.1594,36.43,0.1705,33.121,0.176,30.108,0.178,27.726,0.1783,25.858,0.1778,24.093,0.1788,22.396,0.1801,20.921,0.1797,19.817,0.1804,18.933,0.181,18.173,0.1796,17.534,0.1793,16.84,0.1555,14.427,0.0226,15.523
da4002_5x3.75,da4002,2,5.0,3.75,da4002_5x3.75_static_1121md.txt,3060.0,0.122526,0.093445,0.1015592723126806,10.356163655548084,0.5016736493931975,0.20244091439827916,20.64322825820022,0.1253,41.466,0.1121,44.054,0.1384,40.139,0.1594,36.43,0.1705,33.121,0.176,30.108,0.178,27.726,0.1783,25.858,0.1778,24.093,0.1788,22.396,0.1801,20.921,0.1797,19.817,0.1804,18.933,0.181,18.173,0.1796,17.534,0.1793,16.84,0.1555,14.427,0.0226,15.523
da4002_5x3.75,da4002,2,5.0,3.75,da4002_5x3.75_static_1121md.txt,3550.0,0.123508,0.091795,0.13778446903982644,14.050105697646643,0.7694936276078033,0.1790586225751731,18.258898051339973,0.1253,41.466,0.1121,44.054,0.1384,40.139,0.1594,36.43,0.1705,33.121,0.176,30.108,0.178,27.726,0.1783,25.858,0.1778,24.093,0.1788,22.396,0.1801,20.921,0.1797,19.817,0.1804,18.933,0.181,18.173,0.1796,17.534,0.1793,16.84,0.1555,14.427,0.0226,15.523
da4002_5x3.75,da4002,2,5.0,3.75,da4002_5x3.75_static_1121md.txt,3986.667,0.125492,0.09188,0.17655679439285932,18.003782575380924,1.09081678634976,0.16185742335674697,16.50486387877073,0.1253,41.466,0.1121,44.054,0.1384,40.139,0.1594,36.43,0.1705,33.121,0.176,30.108,0.178,27.726,0.1783,25.858,0.1778,24.093,0.1788,22.396,0.1801,20.921,0.1797,19.817,0.1804,18.933,0.181,18.173,0.1796,17.534,0.1793,16.84,0.1555,14.427,0.0226,15.523
da4002_5x3.75,da4002,2,5.0,3.75,da4002_5x3.75_static_1121md.txt,4513.333,0.125092,0.089659,0.2255655454590232,23.001284379377587,1.5444966323793514,0.14604469879065488,14.892414717630883,0.1253,41.466,0.1121,44.054,0.1384,40.139,0.1594,36.43,0.1705,33.121,0.176,30.108,0.178,27.726,0.1783,25.858,0.1778,24.093,0.1788,22.396,0.1801,20.921,0.1797,19.817,0.1804,18.933,0.181,18.173,0.1796,17.534,0.1793,16.84,0.1555,14.427,0.0226,15.523
da4002_5x3.75,da4002,2,5.0,3.75,da4002_5x3.75_static_1121md.txt,4966.667,0.124781,0.090452,0.27247522457326495,27.78474041321603,2.0764154176572442,0.1312238496479141,13.3811087015356,0.1253,41.466,0.1121,44.054,0.1384,40.139,0.1594,36.43,0.1705,33.121,0.176,30.108,0.178,27.726,0.1783,25.858,0.1778,24.093,0.1788,22.396,0.1801,20.921,0.1797,19.817,0.1804,18.933,0.181,18.173,0.1796,17.534,0.1793,16.84,0.1555,14.427,0.0226,15.523
da4002_5x3.75,da4002,2,5.0,3.75,da4002_5x3.75_static_1121md.txt,5533.333,0.122616,0.087334,0.332329757356941,33.88820416318937,2.7723286660320254,0.119873866842995,12.223732553215932,0.1253,41.466,0.1121,44.054,0.1384,40.139,0.1594,36.43,0.1705,33.121,0.176,30.108,0.178,27.726,0.1783,25.858,0.1778,24.093,0.1788,22.396,0.1801,20.921,0.1797,19.817,0.1804,18.933,0.181,18.173,0.1796,17.534,0.1793,16.84,0.1555,14.427,0.0226,15.523
da4002_5x3.75,da4002,2,5.0,3.75,da4002_5x3.75_static_1121md.txt,5930.0,0.125383,0.088644,0.3902981703075418,39.799337215822106,3.4634934247590037,0.11268916161857576,11.49109651293518,0.1253,41.466,0.1121,44.054,0.1384,40.139,0.1594,36.43,0.1705,33.121,0.176,30.108,0.178,27.726,0.1783,25.858,0.1778,24.093,0.1788,22.396,0.1801,20.921,0.1797,19.817,0.1804,18.933,0.181,18.173,0.1796,17.534,0.1793,16.84,0.1555,14.427,0.0226,15.523
da4002_5x3.75,da4002,2,5.0,3.75,da4002_5x3.75_static_1121md.txt,6483.333,0.128062,0.091539,0.4765027474788849,48.58975771327466,4.674144043155309,0.10194438662553901,10.395434386415241,0.1253,41.466,0.1121,44.054,0.1384,40.139,0.1594,36.43,0.1705,33.121,0.176,30.108,0.178,27.726,0.1783,25.858,0.1778,24.093,0.1788,22.396,0.1801,20.921,0.1797,19.817,0.1804,18.933,0.181,18.173,0.1796,17.534,0.1793,16.84,0.1555,14.427,0.0226,15.523
da4002_5x3.75,da4002,2,5.0,3.75,da4002_5x3.75_static_1121md.txt,6913.333,0.129589,0.089348,0.5482663138227029,55.9076049234655,5.531567381864347,0.09911590621136326,10.107009652772687,0.1253,41.466,0.1121,44.054,0.1384,40.139,0.1594,36.43,0.1705,33.121,0.176,30.108,0.178,27.726,0.1783,25.858,0.1778,24.093,0.1788,22.396,0.1801,20.921,0.1797,19.817,0.1804,18.933,0.181,18.173,0.1796,17.534,0.1793,16.84,0.1555,14.427,0.0226,15.523
da4002_5x3.75,da4002,2,5.0,3.75,da4002_5x3.75_static_1121md.txt,7440.0,0.12902,0.092551,0.6321954712105288,64.46599717645974,7.141687858362867,0.08852185698234238,9.026717276780795,0.1253,41.466,0.1121,44.054,0.1384,40.139,0.1594,36.43,0.1705,33.121,0.176,30.108,0.178,27.726,0.1783,25.858,0.1778,24.093,0.1788,22.396,0.1801,20.921,0.1797,19.817,0.1804,18.933,0.181,18.173,0.1796,17.534,0.1793,16.84,0.1555,14.427,0.0226,15.523
da4002_5x4.92,da4002,2,5.0,4.92,da4002_5x4.92_static_1190ga.txt,1526.667,0.141285,0.148395,0.029149637876641453,2.9724358345246804,0.09893573050447345,0.29463205788250013,30.044108628583682,0.1265,45.675,0.1141,46.623,0.1404,44.547,0.1613,41.454,0.1714,38.726,0.1771,35.816,0.1791,33.287,0.1788,31.347,0.1782,29.616,0.1797,27.827,0.1808,26.433,0.1804,25.469,0.181,24.492,0.1822,23.732,0.1795,22.991,0.18,22.364,0.1754,21.003,0.0358,17.575
da4002_5x4.92,da4002,2,5.0,4.92,da4002_5x4.92_static_1190ga.txt,1946.667,0.143917,0.149999,0.04827740330657858,4.922925087219243,0.20733103053833485,0.23285179831126263,23.74427539590611,0.1265,45.675,0.1141,46.623,0.1404,44.547,0.1613,41.454,0.1714,38.726,0.1771,35.816,0.1791,33.287,0.1788,31.347,0.1782,29.616,0.1797,27.827,0.1808,26.433,0.1804,25.469,0.181,24.492,0.1822,23.732,0.1795,22.991,0.18,22.364,0.1754,21.003,0.0358,17.575
da4002_5x4.92,da4002,2,5.0,4.92,da4002_5x4.92_static_1190ga.txt,2483.333,0.141952,0.144443,0.07749254194034114,7.902040140143795,0.4144787995439074,0.18696382547337514,19.065004407557645,0.1265,45.675,0.1141,46.623,0.1404,44.547,0.1613,41.454,0.1714,38.726,0.1771,35.816,0.1791,33.287,0.1788,31.347,0.1782,29.616,0.1797,27.827,0.1808,26.433,0.1804,25.469,0.181,24.492,0.1822,23.732,0.1795,22.991,0.18,22.364,0.1754,21.003,0.0358,17.575
da4002_5x4.92,da4002,2,5.0,4.92,da4002_5x4.92_static_1190ga.txt,3056.667,0.140132,0.140702,0.11589962980688838,11.818473159222405,0.7529143906298833,0.15393467205471728,15.696968083363565,0.1265,45.675,0.1141,46.623,0.1404,44.547,0.1613,41.454,0.1714,38.726,0.1771,35.816,0.1791,33.287,0.1788,31.347,0.1782,29.616,0.1797,27.827,0.1808,26.433,0.1804,25.469,0.181,24.492,0.1822,23.732,0.1795,22.991,0.18,22.364,0.1754,21.003,0.0358,17.575
da4002_5x4.92,da4002,2,5.0,4.92,da4002_5x4.92_static_1190ga.txt,3463.333,0.141904,0.141087,0.15067167329557932,15.36423480960158,1.0981728295278672,0.13720215001163064,13.990725682228963,0.1265,45.675,0.1141,46.623,0.1404,44.547,0.1613,41.454,0.1714,38.726,0.1771,35.816,0.1791,33.287,0.1788,31.347,0.1782,29.616,0.1797,27.827,0.1808,26.433,0.1804,25.469,0.181,24.492,0.1822,23.732,0.1795,22.991,0.18,22.364,0.1754,21.003,0.0358,17.575
da4002_5x4.92,da4002,2,5.0,4.92,da4002_5x4.92_static_1190ga.txt,3936.667,0.143927,0.14282,0.19744589282840666,20.133877810302874,1.6325857824150443,0.12094059311010891,12.33250836015448,0.1265,45.675,0.1141,46.623,0.1404,44.547,0.1613,41.454,0.1714,38.726,0.1771,35.816,0.1791,33.287,0.1788,31.347,0.1782,29.616,0.1797,27.827,0.1808,26.433,0.1804,25.469,0.181,24.492,0.1822,23.732,0.1795,22.991,0.18,22.364,0.1754,21.003,0.0358,17.575
da4002_5x4.92,da4002,2,5.0,4.92,da4002_5x4.92_static_1190ga.txt,4456.667,0.144875,0.145747,0.2547195570185113,25.974166205433182,2.417303170038545,0.10537344267597583,10.74510079139929,0.1265,45.675,0.1141,46.623,0.1404,44.547,0.1613,41.454,0.1714,38.726,0.1771,35.816,0.1791,33.287,0.1788,31.347,0.1782,29.616,0.1797,27.827,0.1808,26.433,0.1804,25.469,0.181,24.492,0.1822,23.732,0.1795,22.991,0.18,22.364,0.1754,21.003,0.0358,17.575
da4002_5x4.92,da4002,2,5.0,4.92,da4002_5x4.92_static_1190ga.txt,4900.0,0.146429,0.144836,0.3112201647619528,31.73562478134254,3.192755815497445,0.09747697060054164,9.939884731334518,0.1265,45.675,0.1141,46.623,0.1404,44.547,0.1613,41.454,0.1714,38.726,0.1771,35.816,0.1791,33.287,0.1788,31.347,0.1782,29.616,0.1797,27.827,0.1808,26.433,0.1804,25.469,0.181,24.492,0.1822,23.732,0.1795,22.991,0.18,22.364,0.1754,21.003,0.0358,17.575
da4002_5x4.92,da4002,2,5.0,4.92,da4002_5x4.92_static_1190ga.txt,5416.667,0.143832,0.143641,0.3735667944821105,38.09321169636018,4.277359708914364,0.08733583797115942,8.905776995320464,0.1265,45.675,0.1141,46.623,0.1404,44.547,0.1613,41.454,0.1714,38.726,0.1771,35.816,0.1791,33.287,0.1788,31.347,0.1782,29.616,0.1797,27.827,0.1808,26.433,0.1804,25.469,0.181,24.492,0.1822,23.732,0.1795,22.991,0.18,22.364,0.1754,21.003,0.0358,17.575
da4002_5x4.92,da4002,2,5.0,4.92,da4002_5x4.92_static_1190ga.txt,5926.667,0.147838,0.147878,0.45967999410514393,46.87431427706138,5.768143943238557,0.07969287844211703,8.126412020630596,0.1265,45.675,0.1141,46.623,0.1404,44.547,0.1613,41.454,0.1714,38.726,0.1771,35.816,0.1791,33.287,0.1788,31.347,0.1782,29.616,0.1797,27.827,0.1808,26.433,0.1804,25.469,0.181,24.492,0.1822,23.732,0.1795,22.991,0.18,22.364,0.1754,21.003,0.0358,17.575
da4002_5x4.92,da4002,2,5.0,4.92,da4002_5x4.92_static_1190ga.txt,6426.667,0.146728,0.145568,0.5364547120642262,54.703156742029776,7.239761335968562,0.07409839733238352,7.555933711551195,0.1265,45.675,0.1141,46.623,0.1404,44.547,0.1613,41.454,0.1714,38.726,0.1771,35.816,0.1791,33.287,0.1788,31.347,0.1782,29.616,0.1797,27.827,0.1808,26.433,0.1804,25.469,0.181,24.492,0.1822,23.732,0.1795,22.991,0.18,22.364,0.1754,21.003,0.0358,17.575
da4002_5x4.92,da4002,2,5.0,4.92,da4002_5x4.92_static_1190ga.txt,6866.667,0.148527,0.147532,0.6199345690392909,63.21573310348498,8.950043217916829,0.06926609782154594,7.063176295834556,0.1265,45.675,0.1141,46.623,0.1404,44.547,0.1613,41.454,0.1714,38.726,0.1771,35.816,0.1791,33.287,0.1788,31.347,0.1782,29.616,0.1797,27.827,0.1808,26.433,0.1804,25.469,0.181,24.492,0.1822,23.732,0.1795,22.991,0.18,22.364,0.1754,21.003,0.0358,17.575
da4002_9x2.85,da4002,2,9.0,2.85,da4002_9x2.85_static_1115ga.txt,1490.0,0.075445,0.037219,0.15564726432334391,15.871603893617488,0.4359001047794474,0.35707094955184016,36.41110364414354,0.1248,43.32,0.1147,38.634,0.1462,31.915,0.1705,28.052,0.1789,24.658,0.1798,21.238,0.1801,18.602,0.1817,16.694,0.1821,14.984,0.1814,13.469,0.1815,12.289,0.1814,11.332,0.1807,10.539,0.1805,9.863,0.181,9.245,0.1814,8.712,0.1611,7.302,0.0514,1.192
da4002_9x2.85,da4002,2,9.0,2.85,da4002_9x2.85_static_1115ga.txt,1790.0,0.078207,0.036266,0.2328574734219608,23.744854096145048,0.7364143080968577,0.3162044393511892,32.243879342200366,0.1248,43.32,0.1147,38.634,0.1462,31.915,0.1705,28.052,0.1789,24.658,0.1798,21.238,0.1801,18.602,0.1817,16.694,0.1821,14.984,0.1814,13.469,0.1815,12.289,0.1814,11.332,0.1807,10.539,0.1805,9.863,0.181,9.245,0.1814,8.712,0.1611,7.302,0.0514,1.192
da4002_9x2.85,da4002,2,9.0,2.85,da4002_9x2.85_static_1115ga.txt,1970.0,0.078056,0.03606,0.28149924635703516,28.70493454513368,0.9760855167489352,0.2883960898166275,29.40821685454539,0.1248,43.32,0.1147,38.634,0.1462,31.915,0.1705,28.052,0.1789,24.658,0.1798,21.238,0.1801,18.602,0.1817,16.694,0.1821,14.984,0.1814,13.469,0.1815,12.289,0.1814,11.332,0.1807,10.539,0.1805,9.863,0.181,9.245,0.1814,8.712,0.1611,7.302,0.0514,1.192
da4002_9x2.85,da4002,2,9.0,2.85,da4002_9x2.85_static_1115ga.txt,2233.333,0.080661,0.036183,0.3738600505773535,38.123115495847564,1.4270148400027682,0.26198750012762884,26.71529014777002,0.1248,43.32,0.1147,38.634,0.1462,31.915,0.1705,28.052,0.1789,24.658,0.1798,21.238,0.1801,18.602,0.1817,16.694,0.1821,14.984,0.1814,13.469,0.1815,12.289,0.1814,11.332,0.1807,10.539,0.1805,9.863,0.181,9.245,0.1814,8.712,0.1611,7.302,0.0514,1.192
da4002_9x2.85,da4002,2,9.0,2.85,da4002_9x2.85_static_1115ga.txt,2490.0,0.078691,0.034488,0.453379887836119,46.23188222646052,1.8850788420795959,0.24050977482509742,24.525171676882263,0.1248,43.32,0.1147,38.634,0.1462,31.915,0.1705,28.052,0.1789,24.658,0.1798,21.238,0.1801,18.602,0.1817,16.694,0.1821,14.984,0.1814,13.469,0.1815,12.289,0.1814,11.332,0.1807,10.539,0.1805,9.863,0.181,9.245,0.1814,8.712,0.1611,7.302,0.0514,1.192
da4002_9x2.85,da4002,2,9.0,2.85,da4002_9x2.85_static_1115ga.txt,2746.667,0.078315,0.033767,0.5490292263960571,55.9854003554789,2.4772736015525196,0.22162639849388366,22.59960317681203,0.1248,43.32,0.1147,38.634,0.1462,31.915,0.1705,28.052,0.1789,24.658,0.1798,21.238,0.1801,18.602,0.1817,16.694,0.1821,14.984,0.1814,13.469,0.1815,12.289,0.1814,11.332,0.1807,10.539,0.1805,9.863,0.181,9.245,0.1814,8.712,0.1611,7.302,0.0514,1.192
da4002_9x2.85,da4002,2,9.0,2.85,da4002_9x2.85_static_1115ga.txt,3030.0,0.078863,0.033327,0.6728171345777245,68.60825404982585,3.282370303845382,0.20497904632804587,20.902045686146227,0.1248,43.32,0.1147,38.634,0.1462,31.915,0.1705,28.052,0.1789,24.658,0.1798,21.238,0.1801,18.602,0.1817,16.694,0.1821,14.984,0.1814,13.469,0.1815,12.289,0.1814,11.332,0.1807,10.539,0.1805,9.863,0.181,9.245,0.1814,8.712,0.1611,7.302,0.0514,1.192
da4002_9x2.85,da4002,2,9.0,2.85,da4002_9x2.85_static_1115ga.txt,3216.667,0.078871,0.033002,0.7583471285698803,77.32988620679644,3.8888575821142397,0.19500511719886454,19.884987962134325,0.1248,43.32,0.1147,38.634,0.1462,31.915,0.1705,28.052,0.1789,24.658,0.1798,21.238,0.1801,18.602,0.1817,16.694,0.1821,14.984,0.1814,13.469,0.1815,12.289,0.1814,11.332,0.1807,10.539,0.1805,9.863,0.181,9.245,0.1814,8.712,0.1611,7.302,0.0514,1.192
da4002_9x2.85,da4002,2,9.0,2.85,da4002_9x2.85_static_1115ga.txt,3523.333,0.078603,0.032397,0.9067446399691085,92.46222104073344,5.016829462145253,0.1807405746619448,18.430409432573285,0.1248,43.32,0.1147,38.634,0.1462,31.915,0.1705,28.052,0.1789,24.658,0.1798,21.238,0.1801,18.602,0.1817,16.694,0.1821,14.984,0.1814,13.469,0.1815,12.289,0.1814,11.332,0.1807,10.539,0.1805,9.863,0.181,9.245,0.1814,8.712,0.1611,7.302,0.0514,1.192
da4002_9x2.85,da4002,2,9.0,2.85,da4002_9x2.85_static_1115ga.txt,3700.0,0.080094,0.032748,1.018924309463792,103.90136381575688,5.872911031253985,0.17349561470306,17.691629119328212,0.1248,43.32,0.1147,38.634,0.1462,31.915,0.1705,28.052,0.1789,24.658,0.1798,21.238,0.1801,18.602,0.1817,16.694,0.1821,14.984,0.1814,13.469,0.1815,12.289,0.1814,11.332,0.1807,10.539,0.1805,9.863,0.181,9.245,0.1814,8.712,0.1611,7.302,0.0514,1.192
da4002_9x2.85,da4002,2,9.0,2.85,da4002_9x2.85_static_1115ga.txt,3946.667,0.080444,0.032624,1.1643756594346193,118.7332737922348,7.100552278747818,0.16398381614901042,16.721695599313776,0.1248,43.32,0.1147,38.634,0.1462,31.915,0.1705,28.052,0.1789,24.658,0.1798,21.238,0.1801,18.602,0.1817,16.694,0.1821,14.984,0.1814,13.469,0.1815,12.289,0.1814,11.332,0.1807,10.539,0.1805,9.863,0.181,9.245,0.1814,8.712,0.1611,7.302,0.0514,1.192
da4002_9x2.85,da4002,2,9.0,2.85,da4002_9x2.85_static_1115ga.txt,4213.333,0.080013,0.032229,1.3199291374331035,134.59531414225077,8.534688069404998,0.15465464311048022,15.770384699207195,0.1248,43.32,0.1147,38.634,0.1462,31.915,0.1705,28.052,0.1789,24.658,0.1798,21.238,0.1801,18.602,0.1817,16.694,0.1821,14.984,0.1814,13.469,0.1815,12.289,0.1814,11.332,0.1807,10.539,0.1805,9.863,0.181,9.245,0.1814,8.712,0.1611,7.302,0.0514,1.192
da4002_9x2.85,da4002,2,9.0,2.85,da4002_9x2.85_static_1115ga.txt,4466.667,0.081575,0.032416,1.5123862724988795,154.22048023523627,10.227597296503493,0.14787307601717156,15.078857307762751,0.1248,43.32,0.1147,38.634,0.1462,31.915,0.1705,28.052,0.1789,24.658,0.1798,21.238,0.1801,18.602,0.1817,16.694,0.1821,14.984,0.1814,13.469,0.1815,12.289,0.1814,11.332,0.1807,10.539,0.1805,9.863,0.181,9.245,0.1814,8.712,0.1611,7.302,0.0514,1.192
da4002_9x2.85,da4002,2,9.0,2.85,da4002_9x2.85_static_1115ga.txt,4723.333,0.081838,0.032363,1.6966436235403797,173.00950105697459,12.074188055714844,0.1405182373929765,14.328872488869953,0.1248,43.32,0.1147,38.634,0.1462,31.915,0.1705,28.052,0.1789,24.658,0.1798,21.238,0.1801,18.602,0.1817,16.694,0.1821,14.984,0.1814,13.469,0.1815,12.289,0.1814,11.332,0.1807,10.539,0.1805,9.863,0.181,9.245,0.1814,8.712,0.1611,7.302,0.0514,1.192
da4002_9x2.85,da4002,2,9.0,2.85,da4002_9x2.85_static_1115ga.txt,4960.0,0.082042,0.032332,1.8755907580944606,191.2570304940485,13.96822002807688,0.13427557371837082,13.692297952753574,0.1248,43.32,0.1147,38.634,0.1462,31.915,0.1705,28.052,0.1789,24.658,0.1798,21.238,0.1801,18.602,0.1817,16.694,0.1821,14.984,0.1814,13.469,0.1815,12.289,0.1814,11.332,0.1807,10.539,0.1805,9.863,0.181,9.245,0.1814,8.712,0.1611,7.302,0.0514,1.192
da4002_9x2.85,da4002,2,9.0,2.85,da4002_9x2.85_static_1115ga.txt,5203.333,0.082223,0.032343,2.0686882689614814,210.9474967457268,16.132015483415316,0.12823495434207943,13.076326201310279,0.1248,43.32,0.1147,38.634,0.1462,31.915,0.1705,28.052,0.1789,24.658,0.1798,21.238,0.1801,18.602,0.1817,16.694,0.1821,14.984,0.1814,13.469,0.1815,12.289,0.1814,11.332,0.1807,10.539,0.1805,9.863,0.181,9.245,0.1814,8.712,0.1611,7.302,0.0514,1.192
da4002_9x2.85,da4002,2,9.0,2.85,da4002_9x2.85_static_1115ga.txt,5440.0,0.083554,0.032736,2.2977540347321055,234.30570426517778,18.65888890735375,0.12314527655644737,12.557323505626018,0.1248,43.32,0.1147,38.634,0.1462,31.915,0.1705,28.052,0.1789,24.658,0.1798,21.238,0.1801,18.602,0.1817,16.694,0.1821,14.984,0.1814,13.469,0.1815,12.289,0.1814,11.332,0.1807,10.539,0.1805,9.863,0.181,9.245,0.1814,8.712,0.1611,7.302,0.0514,1.192
da4002_9x2.85,da4002,2,9.0,2.85,da4002_9x2.85_static_1115ga.txt,5700.0,0.084127,0.032906,2.539940865747941,259.0018880808371,21.575612236075568,0.11772277133814192,12.004381857019668,0.1248,43.32,0.1147,38.634,0.1462,31.915,0.1705,28.052,0.1789,24.658,0.1798,21.238,0.1801,18.602,0.1817,16.694,0.1821,14.984,0.1814,13.469,0.1815,12.289,0.1814,11.332,0.1807,10.539,0.1805,9.863,0.181,9.245,0.1814,8.712,0.1611,7.302,0.0514,1.192
da4002_9x2.85,da4002,2,9.0,2.85,da4002_9x2.85_static_1115ga.txt,5940.0,0.084354,0.032964,2.7657763803774804,282.03070165423264,24.46035232323514,0.11307181285979438,11.530116080393855,0.1248,43.32,0.1147,38.634,0.1462,31.915,0.1705,28.052,0.1789,24.658,0.1798,21.238,0.1801,18.602,0.1817,16.694,0.1821,14.984,0.1814,13.469,0.1815,12.289,0.1814,11.332,0.1807,10.539,0.1805,9.863,0.181,9.245,0.1814,8.712,0.1611,7.302,0.0514,1.192
da4002_9x2.85,da4002,2,9.0,2.85,da4002_9x2.85_static_1115ga.txt,6200.0,0.085952,0.033515,3.0702791108467133,313.0813387697852,28.27989287901912,0.10856756508878279,11.070810632456833,0.1248,43.32,0.1147,38.634,0.1462,31.915,0.1705,28.052,0.1789,24.658,0.1798,21.238,0.1801,18.602,0.1817,16.694,0.1821,14.984,0.1814,13.469,0.1815,12.289,0.1814,11.332,0.1807,10.539,0.1805,9.863,0.181,9.245,0.1814,8.712,0.1611,7.302,0.0514,1.192
da4002_9x2.85,da4002,2,9.0,2.85,da4002_9x2.85_static_1115ga.txt,6436.667,0.087413,0.034084,3.3653993047957913,343.1752234244917,32.18082318348378,0.10457778800770456,10.663966594882512,0.1248,43.32,0.1147,38.634,0.1462,31.915,0.1705,28.052,0.1789,24.658,0.1798,21.238,0.1801,18.602,0.1817,16.694,0.1821,14.984,0.1814,13.469,0.1815,12.289,0.1814,11.332,0.1807,10.539,0.1805,9.863,0.181,9.245,0.1814,8.712,0.1611,7.302,0.0514,1.192
da4002_9x4.76,da4002,2,9.0,4.76,da4002_9x4.76_static_1120ga.txt,1583.333,0.102911,0.055749,0.23974238278428298,24.446919466309392,0.7834609230419505,0.3060042635610123,31.20375087935353,0.1253,44.221,0.1158,41.639,0.1478,36.819,0.1731,33.254,0.1803,30.176,0.1801,26.971,0.1799,24.301,0.1808,22.39,0.1815,20.638,0.1812,19.079,0.1812,17.795,0.1811,16.653,0.1808,15.719,0.1813,14.945,0.1815,14.224,0.1812,13.675,0.1493,11.87,0.0045,8.13
da4002_9x4.76,da4002,2,9.0,4.76,da4002_9x4.76_static_1120ga.txt,1753.333,0.104806,0.055537,0.2994011416553596,30.530419833007155,1.059837067480507,0.2824973298651552,28.80671073864727,0.1253,44.221,0.1158,41.639,0.1478,36.819,0.1731,33.254,0.1803,30.176,0.1801,26.971,0.1799,24.301,0.1808,22.39,0.1815,20.638,0.1812,19.079,0.1812,17.795,0.1811,16.653,0.1808,15.719,0.1813,14.945,0.1815,14.224,0.1812,13.675,0.1493,11.87,0.0045,8.13
da4002_9x4.76,da4002,2,9.0,4.76,da4002_9x4.76_static_1120ga.txt,2006.667,0.105353,0.054682,0.39421760623050894,40.199008451459875,1.5643494882427535,0.2520009813621231,25.69694863813057,0.1253,44.221,0.1158,41.639,0.1478,36.819,0.1731,33.254,0.1803,30.176,0.1801,26.971,0.1799,24.301,0.1808,22.39,0.1815,20.638,0.1812,19.079,0.1812,17.795,0.1811,16.653,0.1808,15.719,0.1813,14.945,0.1815,14.224,0.1812,13.675,0.1493,11.87,0.0045,8.13
da4002_9x4.76,da4002,2,9.0,4.76,da4002_9x4.76_static_1120ga.txt,2203.333,0.10926,0.055529,0.49290130328175885,50.26194503543605,2.1029247749390705,0.2343884618012739,23.900971463371686,0.1253,44.221,0.1158,41.639,0.1478,36.819,0.1731,33.254,0.1803,30.176,0.1801,26.971,0.1799,24.301,0.1808,22.39,0.1815,20.638,0.1812,19.079,0.1812,17.795,0.1811,16.653,0.1808,15.719,0.1813,14.945,0.1815,14.224,0.1812,13.675,0.1493,11.87,0.0045,8.13
da4002_9x4.76,da4002,2,9.0,4.76,da4002_9x4.76_static_1120ga.txt,2523.333,0.102992,0.051158,0.6093841004442763,62.139884715399894,2.910051853611452,0.20940661235572636,21.353531772391836,0.1253,44.221,0.1158,41.639,0.1478,36.819,0.1731,33.254,0.1803,30.176,0.1801,26.971,0.1799,24.301,0.1808,22.39,0.1815,20.638,0.1812,19.079,0.1812,17.795,0.1811,16.653,0.1808,15.719,0.1813,14.945,0.1815,14.224,0.1812,13.675,0.1493,11.87,0.0045,8.13
da4002_9x4.76,da4002,2,9.0,4.76,da4002_9x4.76_static_1120ga.txt,2706.667,0.104939,0.051548,0.7144059607952054,72.84913408709451,3.618926574877763,0.1974082496601457,20.130039275404517,0.1253,44.221,0.1158,41.639,0.1478,36.819,0.1731,33.254,0.1803,30.176,0.1801,26.971,0.1799,24.301,0.1808,22.39,0.1815,20.638,0.1812,19.079,0.1812,17.795,0.1811,16.653,0.1808,15.719,0.1813,14.945,0.1815,14.224,0.1812,13.675,0.1493,11.87,0.0045,8.13
da4002_9x4.76,da4002,2,9.0,4.76,da4002_9x4.76_static_1120ga.txt,2980.0,0.105886,0.051269,0.8737950151841257,89.1022943802548,4.803602992436657,0.1819040866949098,18.549054640974216,0.1253,44.221,0.1158,41.639,0.1478,36.819,0.1731,33.254,0.1803,30.176,0.1801,26.971,0.1799,24.301,0.1808,22.39,0.1815,20.638,0.1812,19.079,0.1812,17.795,0.1811,16.653,0.1808,15.719,0.1813,14.945,0.1815,14.224,0.1812,13.675,0.1493,11.87,0.0045,8.13
da4002_9x4.76,da4002,2,9.0,4.76,da4002_9x4.76_static_1120ga.txt,3230.0,0.105692,0.05093,1.024673849787695,104.48765376430231,6.0763769974446795,0.1686323692915375,17.19571609994621,0.1253,44.221,0.1158,41.639,0.1478,36.819,0.1731,33.254,0.1803,30.176,0.1801,26.971,0.1799,24.301,0.1808,22.39,0.1815,20.638,0.1812,19.079,0.1812,17.795,0.1811,16.653,0.1808,15.719,0.1813,14.945,0.1815,14.224,0.1812,13.675,0.1493,11.87,0.0045,8.13
da4002_9x4.76,da4002,2,9.0,4.76,da4002_9x4.76_static_1120ga.txt,3550.0,0.107777,0.050985,1.2621799848170088,128.70653942141394,8.075900334820929,0.15628969309772886,15.937113397309874,0.1253,44.221,0.1158,41.639,0.1478,36.819,0.1731,33.254,0.1803,30.176,0.1801,26.971,0.1799,24.301,0.1808,22.39,0.1815,20.638,0.1812,19.079,0.1812,17.795,0.1811,16.653,0.1808,15.719,0.1813,14.945,0.1815,14.224,0.1812,13.675,0.1493,11.87,0.0045,8.13
da4002_9x4.76,da4002,2,9.0,4.76,da4002_9x4.76_static_1120ga.txt,3683.333,0.108939,0.05172,1.3734215089705955,140.05001799499274,9.150502332295446,0.15009247133059483,15.305172646173245,0.1253,44.221,0.1158,41.639,0.1478,36.819,0.1731,33.254,0.1803,30.176,0.1801,26.971,0.1799,24.301,0.1808,22.39,0.1815,20.638,0.1812,19.079,0.1812,17.795,0.1811,16.653,0.1808,15.719,0.1813,14.945,0.1815,14.224,0.1812,13.675,0.1493,11.87,0.0045,8.13
da4002_9x4.76,da4002,2,9.0,4.76,da4002_9x4.76_static_1120ga.txt,3970.0,0.108943,0.050693,1.5955809264212657,162.70397397901075,11.230083400335172,0.14208095074108212,14.488224902599985,0.1253,44.221,0.1158,41.639,0.1478,36.819,0.1731,33.254,0.1803,30.176,0.1801,26.971,0.1799,24.301,0.1808,22.39,0.1815,20.638,0.1812,19.079,0.1812,17.795,0.1811,16.653,0.1808,15.719,0.1813,14.945,0.1815,14.224,0.1812,13.675,0.1493,11.87,0.0045,8.13
da4002_9x4.76,da4002,2,9.0,4.76,da4002_9x4.76_static_1120ga.txt,4220.0,0.109714,0.05038,1.815622027840507,185.14192184288288,13.404758183592898,0.1354460858579892,13.81165697337921,0.1253,44.221,0.1158,41.639,0.1478,36.819,0.1731,33.254,0.1803,30.176,0.1801,26.971,0.1799,24.301,0.1808,22.39,0.1815,20.638,0.1812,19.079,0.1812,17.795,0.1811,16.653,0.1808,15.719,0.1813,14.945,0.1815,14.224,0.1812,13.675,0.1493,11.87,0.0045,8.13
da4002_9x4.76,da4002,2,9.0,4.76,da4002_9x4.76_static_1120ga.txt,4456.667,0.110292,0.050466,2.0356488976543976,207.5784184868837,15.815863433347763,0.1287093117763163,13.124697197954074,0.1253,44.221,0.1158,41.639,0.1478,36.819,0.1731,33.254,0.1803,30.176,0.1801,26.971,0.1799,24.301,0.1808,22.39,0.1815,20.638,0.1812,19.079,0.1812,17.795,0.1811,16.653,0.1808,15.719,0.1813,14.945,0.1815,14.224,0.1812,13.675,0.1493,11.87,0.0045,8.13
da4002_9x4.76,da4002,2,9.0,4.76,da4002_9x4.76_static_1120ga.txt,4703.333,0.110992,0.050364,2.281611125345557,232.65958562256807,18.55243282967284,0.12298177529021091,12.540651016423643,0.1253,44.221,0.1158,41.639,0.1478,36.819,0.1731,33.254,0.1803,30.176,0.1801,26.971,0.1799,24.301,0.1808,22.39,0.1815,20.638,0.1812,19.079,0.1812,17.795,0.1811,16.653,0.1808,15.719,0.1813,14.945,0.1815,14.224,0.1812,13.675,0.1493,11.87,0.0045,8.13
da4002_9x4.76,da4002,2,9.0,4.76,da4002_9x4.76_static_1120ga.txt,4936.667,0.112253,0.050566,2.542167223018361,259.22891334128997,21.53890236128019,0.11802677686994559,12.035381793981186,0.1253,44.221,0.1158,41.639,0.1478,36.819,0.1731,33.254,0.1803,30.176,0.1801,26.971,0.1799,24.301,0.1808,22.39,0.1815,20.638,0.1812,19.079,0.1812,17.795,0.1811,16.653,0.1808,15.719,0.1813,14.945,0.1815,14.224,0.1812,13.675,0.1493,11.87,0.0045,8.13
da4002_9x4.76,da4002,2,9.0,4.76,da4002_9x4.76_static_1120ga.txt,5193.333,0.112862,0.050751,2.8286458437130704,288.44160276068493,25.167877074799524,0.11239111806316712,11.460704528372801,0.1253,44.221,0.1158,41.639,0.1478,36.819,0.1731,33.254,0.1803,30.176,0.1801,26.971,0.1799,24.301,0.1808,22.39,0.1815,20.638,0.1812,19.079,0.1812,17.795,0.1811,16.653,0.1808,15.719,0.1813,14.945,0.1815,14.224,0.1812,13.675,0.1493,11.87,0.0045,8.13
da4002_9x4.76,da4002,2,9.0,4.76,da4002_9x4.76_static_1120ga.txt,5423.333,0.114641,0.051486,3.133365093217296,319.51431867327744,29.07712307981197,0.1077604921441753,10.988512095789623,0.1253,44.221,0.1158,41.639,0.1478,36.819,0.1731,33.254,0.1803,30.176,0.1801,26.971,0.1799,24.301,0.1808,22.39,0.1815,20.638,0.1812,19.079,0.1812,17.795,0.1811,16.653,0.1808,15.719,0.1813,14.945,0.1815,14.224,0.1812,13.675,0.1493,11.87,0.0045,8.13
da4002_9x4.76,da4002,2,9.0,4.76,da4002_9x4.76_static_1120ga.txt,5670.0,0.115681,0.051864,3.4559435829752716,352.4081702696917,33.47176803437939,0.10324950804587367,10.528519733637244,0.1253,44.221,0.1158,41.639,0.1478,36.819,0.1731,33.254,0.1803,30.176,0.1801,26.971,0.1799,24.301,0.1808,22.39,0.1815,20.638,0.1812,19.079,0.1812,17.795,0.1811,16.653,0.1808,15.719,0.1813,14.945,0.1815,14.224,0.1812,13.675,0.1493,11.87,0.0045,8.13
da4002_9x4.76,da4002,2,9.0,4.76,da4002_9x4.76_static_1120ga.txt,5923.333,0.116237,0.052092,3.7897903189700197,386.4510632040524,38.32948161218048,0.09887403010860671,10.08234515442141,0.1253,44.221,0.1158,41.639,0.1478,36.819,0.1731,33.254,0.1803,30.176,0.1801,26.971,0.1799,24.301,0.1808,22.39,0.1815,20.638,0.1812,19.079,0.1812,17.795,0.1811,16.653,0.1808,15.719,0.1813,14.945,0.1815,14.224,0.1812,13.675,0.1493,11.87,0.0045,8.13
da4002_9x6.75,da4002,2,9.0,6.75,da4002_9x6.75_static_1107rd.txt,1546.667,0.125931,0.088432,0.2799398870775135,28.545924151215097,1.15841286861074,0.24165812955206503,24.642271270216135,0.1198,42.481,0.1128,44.647,0.1436,41.154,0.1689,37.475,0.1775,34.027,0.1782,30.549,0.1773,27.875,0.1782,25.831,0.179,23.996,0.1787,22.396,0.1787,21.009,0.1786,19.814,0.1785,18.786,0.179,17.957,0.1792,17.245,0.1792,16.657,0.1692,13.973,0.0154,2.117
da4002_9x6.75,da4002,2,9.0,6.75,da4002_9x6.75_static_1107rd.txt,1700.0,0.127314,0.088785,0.34191054725121073,34.865172842021565,1.5443645746145336,0.22139237902200007,22.575739831848807,0.1198,42.481,0.1128,44.647,0.1436,41.154,0.1689,37.475,0.1775,34.027,0.1782,30.549,0.1773,27.875,0.1782,25.831,0.179,23.996,0.1787,22.396,0.1787,21.009,0.1786,19.814,0.1785,18.786,0.179,17.957,0.1792,17.245,0.1792,16.657,0.1692,13.973,0.0154,2.117
da4002_9x6.75,da4002,2,9.0,6.75,da4002_9x6.75_static_1107rd.txt,2053.333,0.129033,0.087836,0.5055429527697227,51.551034529602134,2.692242518148975,0.1877776423787051,19.14799063683369,0.1198,42.481,0.1128,44.647,0.1436,41.154,0.1689,37.475,0.1775,34.027,0.1782,30.549,0.1773,27.875,0.1782,25.831,0.179,23.996,0.1787,22.396,0.1787,21.009,0.1786,19.814,0.1785,18.786,0.179,17.957,0.1792,17.245,0.1792,16.657,0.1692,13.973,0.0154,2.117
da4002_9x6.75,da4002,2,9.0,6.75,da4002_9x6.75_static_1107rd.txt,2253.333,0.127408,0.085943,0.6011542814300389,61.30067672753071,3.48136940432857,0.17267753335299382,17.60820803770848,0.1198,42.481,0.1128,44.647,0.1436,41.154,0.1689,37.475,0.1775,34.027,0.1782,30.549,0.1773,27.875,0.1782,25.831,0.179,23.996,0.1787,22.396,0.1787,21.009,0.1786,19.814,0.1785,18.786,0.179,17.957,0.1792,17.245,0.1792,16.657,0.1692,13.973,0.0154,2.117
da4002_9x6.75,da4002,2,9.0,6.75,da4002_9x6.75_static_1107rd.txt,2503.333,0.131518,0.087917,0.7658803674769018,78.09806279176904,4.883061582580022,0.15684429830029709,15.993667388995947,0.1198,42.481,0.1128,44.647,0.1436,41.154,0.1689,37.475,0.1775,34.027,0.1782,30.549,0.1773,27.875,0.1782,25.831,0.179,23.996,0.1787,22.396,0.1787,21.009,0.1786,19.814,0.1785,18.786,0.179,17.957,0.1792,17.245,0.1792,16.657,0.1692,13.973,0.0154,2.117
da4002_9x6.75,da4002,2,9.0,6.75,da4002_9x6.75_static_1107rd.txt,2746.667,0.130653,0.086259,0.915946057796387,93.40050453481945,6.328283341615151,0.14473847145450547,14.759216598380231,0.1198,42.481,0.1128,44.647,0.1436,41.154,0.1689,37.475,0.1775,34.027,0.1782,30.549,0.1773,27.875,0.1782,25.831,0.179,23.996,0.1787,22.396,0.1787,21.009,0.1786,19.814,0.1785,18.786,0.179,17.957,0.1792,17.245,0.1792,16.657,0.1692,13.973,0.0154,2.117
da4002_9x6.75,da4002,2,9.0,6.75,da4002_9x6.75_static_1107rd.txt,2946.667,0.132682,0.086557,1.070563963253569,109.16714303595715,7.840772298364706,0.1365380759082685,13.923008969247247,0.1198,42.481,0.1128,44.647,0.1436,41.154,0.1689,37.475,0.1775,34.027,0.1782,30.549,0.1773,27.875,0.1782,25.831,0.179,23.996,0.1787,22.396,0.1787,21.009,0.1786,19.814,0.1785,18.786,0.179,17.957,0.1792,17.245,0.1792,16.657,0.1692,13.973,0.0154,2.117
da4002_9x6.75,da4002,2,9.0,6.75,da4002_9x6.75_static_1107rd.txt,3280.0,0.130863,0.083443,1.3082870776560525,133.40815443153906,10.42497227700028,0.12549549705205582,12.796979299970513,0.1198,42.481,0.1128,44.647,0.1436,41.154,0.1689,37.475,0.1775,34.027,0.1782,30.549,0.1773,27.875,0.1782,25.831,0.179,23.996,0.1787,22.396,0.1787,21.009,0.1786,19.814,0.1785,18.786,0.179,17.957,0.1792,17.245,0.1792,16.657,0.1692,13.973,0.0154,2.117
da4002_9x6.75,da4002,2,9.0,6.75,da4002_9x6.75_static_1107rd.txt,3526.667,0.132955,0.083443,1.5366397896392736,156.69365070021607,12.958261495400501,0.11858379229225306,12.092181559681755,0.1198,42.481,0.1128,44.647,0.1436,41.154,0.1689,37.475,0.1775,34.027,0.1782,30.549,0.1773,27.875,0.1782,25.831,0.179,23.996,0.1787,22.396,0.1787,21.009,0.1786,19.814,0.1785,18.786,0.179,17.957,0.1792,17.245,0.1792,16.657,0.1692,13.973,0.0154,2.117
da4002_9x6.75,da4002,2,9.0,6.75,da4002_9x6.75_static_1107rd.txt,3743.333,0.134311,0.083174,1.7489081456978033,178.3389991177215,15.446370386151449,0.11322453767299269,11.545689677208088,0.1198,42.481,0.1128,44.647,0.1436,41.154,0.1689,37.475,0.1775,34.027,0.1782,30.549,0.1773,27.875,0.1782,25.831,0.179,23.996,0.1787,22.396,0.1787,21.009,0.1786,19.814,0.1785,18.786,0.179,17.957,0.1792,17.245,0.1792,16.657,0.1692,13.973,0.0154,2.117
da4002_9x6.75,da4002,2,9.0,6.75,da4002_9x6.75_static_1107rd.txt,3940.0,0.134936,0.082488,1.9465195401472222,198.4897533966464,17.862527366741247,0.10897223557353383,11.11207553787826,0.1198,42.481,0.1128,44.647,0.1436,41.154,0.1689,37.475,0.1775,34.027,0.1782,30.549,0.1773,27.875,0.1782,25.831,0.179,23.996,0.1787,22.396,0.1787,21.009,0.1786,19.814,0.1785,18.786,0.179,17.957,0.1792,17.245,0.1792,16.657,0.1692,13.973,0.0154,2.117
da4002_9x6.75,da4002,2,9.0,6.75,da4002_9x6.75_static_1107rd.txt,4213.333,0.136319,0.079168,2.2487773247565177,229.31146974313532,20.964789012338418,0.10726448634579835,10.93793358035602,0.1198,42.481,0.1128,44.647,0.1436,41.154,0.1689,37.475,0.1775,34.027,0.1782,30.549,0.1773,27.875,0.1782,25.831,0.179,23.996,0.1787,22.396,0.1787,21.009,0.1786,19.814,0.1785,18.786,0.179,17.957,0.1792,17.245,0.1792,16.657,0.1692,13.973,0.0154,2.117
da4002_9x6.75,da4002,2,9.0,6.75,da4002_9x6.75_static_1107rd.txt,4443.333,0.135364,0.078,2.48347273067368,253.24374079565197,24.226164223614248,0.10251200758611782,10.453315616048073,0.1198,42.481,0.1128,44.647,0.1436,41.154,0.1689,37.475,0.1775,34.027,0.1782,30.549,0.1773,27.875,0.1782,25.831,0.179,23.996,0.1787,22.396,0.1787,21.009,0.1786,19.814,0.1785,18.786,0.179,17.957,0.1792,17.245,0.1792,16.657,0.1692,13.973,0.0154,2.117
da4002_9x6.75,da4002,2,9.0,6.75,da4002_9x6.75_static_1107rd.txt,4676.667,0.138118,0.079092,2.807124454944284,286.2470318553517,28.642133676990817,0.09800682053234536,9.993914387925068,0.1198,42.481,0.1128,44.647,0.1436,41.154,0.1689,37.475,0.1775,34.027,0.1782,30.549,0.1773,27.875,0.1782,25.831,0.179,23.996,0.1787,22.396,0.1787,21.009,0.1786,19.814,0.1785,18.786,0.179,17.957,0.1792,17.245,0.1792,16.657,0.1692,13.973,0.0154,2.117
da4002_9x6.75,da4002,2,9.0,6.75,da4002_9x6.75_static_1107rd.txt,4930.0,0.138094,0.078738,3.1189408619070496,318.04345642059724,33.403240842684504,0.09337240289335923,9.521335307506563,0.1198,42.481,0.1128,44.647,0.1436,41.154,0.1689,37.475,0.1775,34.027,0.1782,30.549,0.1773,27.875,0.1782,25.831,0.179,23.996,0.1787,22.396,0.1787,21.009,0.1786,19.814,0.1785,18.786,0.179,17.957,0.1792,17.245,0.1792,16.657,0.1692,13.973,0.0154,2.117
da4002_9x6.75,da4002,2,9.0,6.75,da4002_9x6.75_static_1107rd.txt,5186.667,0.138747,0.079026,3.468477051355582,353.6862283609166,39.0389893040268,0.0888464868888861,9.05982031467281,0.1198,42.481,0.1128,44.647,0.1436,41.154,0.1689,37.475,0.1775,34.027,0.1782,30.549,0.1773,27.875,0.1782,25.831,0.179,23.996,0.1787,22.396,0.1787,21.009,0.1786,19.814,0.1785,18.786,0.179,17.957,0.1792,17.245,0.1792,16.657,0.1692,13.973,0.0154,2.117
da4002_9x6.75,da4002,2,9.0,6.75,da4002_9x6.75_static_1107rd.txt,5430.0,0.139023,0.079163,3.809121339579669,388.42227871695934,44.87300984511215,0.08488669141489698,8.656033550182476,0.1198,42.481,0.1128,44.647,0.1436,41.154,0.1689,37.475,0.1775,34.027,0.1782,30.549,0.1773,27.875,0.1782,25.831,0.179,23.996,0.1787,22.396,0.1787,21.009,0.1786,19.814,0.1785,18.786,0.179,17.957,0.1792,17.245,0.1792,16.657,0.1692,13.973,0.0154,2.117
da4002_9x6.75,da4002,2,9.0,6.75,da4002_9x6.75_static_1107rd.txt,5710.0,0.139617,0.079595,4.2300841852189945,431.3485425929339,52.463538575697704,0.08062902922790009,8.221872834036098,0.1198,42.481,0.1128,44.647,0.1436,41.154,0.1689,37.475,0.1775,34.027,0.1782,30.549,0.1773,27.875,0.1782,25.831,0.179,23.996,0.1787,22.396,0.1787,21.009,0.1786,19.814,0.1785,18.786,0.179,17.957,0.1792,17.245,0.1792,16.657,0.1692,13.973,0.0154,2.117
da4002_9x6.75,da4002,2,9.0,6.75,da4002_9x6.75_static_1107rd.txt,5943.333,0.14045,0.080081,4.6102063428424955,470.1102152970174,59.522771938873966,0.0774528166728673,7.897989290212999,0.1198,42.481,0.1128,44.647,0.1436,41.154,0.1689,37.475,0.1775,34.027,0.1782,30.549,0.1773,27.875,0.1782,25.831,0.179,23.996,0.1787,22.396,0.1787,21.009,0.1786,19.814,0.1785,18.786,0.179,17.957,0.1792,17.245,0.1792,16.657,0.1692,13.973,0.0154,2.117
da4002_9x8.95,da4002,2,9.0,8.95,da4002_9x8.95_static_1092rd.txt,1443.333,0.14769,0.135736,0.2859056022481675,29.154257799367528,1.4449676981980073,0.19786297133473305,20.17640798180144,0.1237,46.133,0.1156,47.135,0.1465,45.275,0.1702,42.641,0.1791,39.111,0.1791,35.616,0.1786,32.962,0.1797,30.955,0.1803,29.208,0.18,27.606,0.1801,26.251,0.1795,25.061,0.1795,24.011,0.1803,23.191,0.1803,22.464,0.1805,21.779,0.1584,18.976,0.022,5.306
da4002_9x8.95,da4002,2,9.0,8.95,da4002_9x8.95_static_1092rd.txt,1806.667,0.145355,0.130648,0.4408843586338171,44.957692854727874,2.7277249082652424,0.16163079982805426,16.48175471012571,0.1237,46.133,0.1156,47.135,0.1465,45.275,0.1702,42.641,0.1791,39.111,0.1791,35.616,0.1786,32.962,0.1797,30.955,0.1803,29.208,0.18,27.606,0.1801,26.251,0.1795,25.061,0.1795,24.011,0.1803,23.191,0.1803,22.464,0.1805,21.779,0.1584,18.976,0.022,5.306
da4002_9x8.95,da4002,2,9.0,8.95,da4002_9x8.95_static_1092rd.txt,1970.0,0.145743,0.130253,0.5256039851108611,53.59669052233548,3.5257367391319763,0.14907635595057586,15.201557713447087,0.1237,46.133,0.1156,47.135,0.1465,45.275,0.1702,42.641,0.1791,39.111,0.1791,35.616,0.1786,32.962,0.1797,30.955,0.1803,29.208,0.18,27.606,0.1801,26.251,0.1795,25.061,0.1795,24.011,0.1803,23.191,0.1803,22.464,0.1805,21.779,0.1584,18.976,0.022,5.306
da4002_9x8.95,da4002,2,9.0,8.95,da4002_9x8.95_static_1092rd.txt,2196.667,0.146045,0.129664,0.654867800266581,66.77793132890244,4.866038717876901,0.13457924160379597,13.72326345936645,0.1237,46.133,0.1156,47.135,0.1465,45.275,0.1702,42.641,0.1791,39.111,0.1791,35.616,0.1786,32.962,0.1797,30.955,0.1803,29.208,0.18,27.606,0.1801,26.251,0.1795,25.061,0.1795,24.011,0.1803,23.191,0.1803,22.464,0.1805,21.779,0.1584,18.976,0.022,5.306
da4002_9x8.95,da4002,2,9.0,8.95,da4002_9x8.95_static_1092rd.txt,2453.333,0.14691,0.129741,0.821680257154693,83.78806801045138,6.782818728858302,0.12114141480130633,12.352986473597644,0.1237,46.133,0.1156,47.135,0.1465,45.275,0.1702,42.641,0.1791,39.111,0.1791,35.616,0.1786,32.962,0.1797,30.955,0.1803,29.208,0.18,27.606,0.1801,26.251,0.1795,25.061,0.1795,24.011,0.1803,23.191,0.1803,22.464,0.1805,21.779,0.1584,18.976,0.022,5.306
da4002_9x8.95,da4002,2,9.0,8.95,da4002_9x8.95_static_1092rd.txt,2696.667,0.146562,0.128379,0.9904088584198627,100.99359704076956,8.91331834731292,0.1111156159611913,11.330639511065584,0.1237,46.133,0.1156,47.135,0.1465,45.275,0.1702,42.641,0.1791,39.111,0.1791,35.616,0.1786,32.962,0.1797,30.955,0.1803,29.208,0.18,27.606,0.1801,26.251,0.1795,25.061,0.1795,24.011,0.1803,23.191,0.1803,22.464,0.1805,21.779,0.1584,18.976,0.022,5.306
da4002_9x8.95,da4002,2,9.0,8.95,da4002_9x8.95_static_1092rd.txt,2960.0,0.147277,0.12701,1.1991039770261855,122.27457664199147,11.662093446950632,0.10282064557969424,10.484787932647158,0.1237,46.133,0.1156,47.135,0.1465,45.275,0.1702,42.641,0.1791,39.111,0.1791,35.616,0.1786,32.962,0.1797,30.955,0.1803,29.208,0.18,27.606,0.1801,26.251,0.1795,25.061,0.1795,24.011,0.1803,23.191,0.1803,22.464,0.1805,21.779,0.1584,18.976,0.022,5.306
da4002_9x8.95,da4002,2,9.0,8.95,da4002_9x8.95_static_1092rd.txt,3220.0,0.147837,0.125944,1.424404629620549,145.2488494664895,14.887047201896987,0.09568080293579265,9.756726602437393,0.1237,46.133,0.1156,47.135,0.1465,45.275,0.1702,42.641,0.1791,39.111,0.1791,35.616,0.1786,32.962,0.1797,30.955,0.1803,29.208,0.18,27.606,0.1801,26.251,0.1795,25.061,0.1795,24.011,0.1803,23.191,0.1803,22.464,0.1805,21.779,0.1584,18.976,0.022,5.306
da4002_9x8.95,da4002,2,9.0,8.95,da4002_9x8.95_static_1092rd.txt,3443.333,0.147582,0.124246,1.626035163848955,165.80944194490016,17.959033393436318,0.09054135198853407,9.232648456764958,0.1237,46.133,0.1156,47.135,0.1465,45.275,0.1702,42.641,0.1791,39.111,0.1791,35.616,0.1786,32.962,0.1797,30.955,0.1803,29.208,0.18,27.606,0.1801,26.251,0.1795,25.061,0.1795,24.011,0.1803,23.191,0.1803,22.464,0.1805,21.779,0.1584,18.976,0.022,5.306
da4002_9x8.95,da4002,2,9.0,8.95,da4002_9x8.95_static_1092rd.txt,3673.333,0.150087,0.123997,1.881924385529545,191.90288075230026,21.759832446500138,0.08648616160793254,8.819134118983808,0.1237,46.133,0.1156,47.135,0.1465,45.275,0.1702,42.641,0.1791,39.111,0.1791,35.616,0.1786,32.962,0.1797,30.955,0.1803,29.208,0.18,27.606,0.1801,26.251,0.1795,25.061,0.1795,24.011,0.1803,23.191,0.1803,22.464,0.1805,21.779,0.1584,18.976,0.022,5.306
da4002_9x8.95,da4002,2,9.0,8.95,da4002_9x8.95_static_1092rd.txt,3956.667,0.148811,0.121778,2.164873523076555,220.75566305278105,26.70673564056818,0.08106095601545775,8.265917108845299,0.1237,46.133,0.1156,47.135,0.1465,45.275,0.1702,42.641,0.1791,39.111,0.1791,35.616,0.1786,32.962,0.1797,30.955,0.1803,29.208,0.18,27.606,0.1801,26.251,0.1795,25.061,0.1795,24.011,0.1803,23.191,0.1803,22.464,0.1805,21.779,0.1584,18.976,0.022,5.306
da4002_9x8.95,da4002,2,9.0,8.95,da4002_9x8.95_static_1092rd.txt,4176.667,0.150252,0.122792,2.4356700485420224,248.3692237963038,31.675471901985823,0.07689451497609176,7.841058361019488,0.1237,46.133,0.1156,47.135,0.1465,45.275,0.1702,42.641,0.1791,39.111,0.1791,35.616,0.1786,32.962,0.1797,30.955,0.1803,29.208,0.18,27.606,0.1801,26.251,0.1795,25.061,0.1795,24.011,0.1803,23.191,0.1803,22.464,0.1805,21.779,0.1584,18.976,0.022,5.306
da4002_9x8.95,da4002,2,9.0,8.95,da4002_9x8.95_static_1092rd.txt,4446.667,0.149716,0.120913,2.750907088777953,280.5144558822792,37.63919155936743,0.07308624268507496,7.452722661161046,0.1237,46.133,0.1156,47.135,0.1465,45.275,0.1702,42.641,0.1791,39.111,0.1791,35.616,0.1786,32.962,0.1797,30.955,0.1803,29.208,0.18,27.606,0.1801,26.251,0.1795,25.061,0.1795,24.011,0.1803,23.191,0.1803,22.464,0.1805,21.779,0.1584,18.976,0.022,5.306
da4002_9x8.95,da4002,2,9.0,8.95,da4002_9x8.95_static_1092rd.txt,4696.667,0.150265,0.119698,3.080178366535249,314.09078192198655,43.90557502783776,0.07015460712181315,7.153779029720971,0.1237,46.133,0.1156,47.135,0.1465,45.275,0.1702,42.641,0.1791,39.111,0.1791,35.616,0.1786,32.962,0.1797,30.955,0.1803,29.208,0.18,27.606,0.1801,26.251,0.1795,25.061,0.1795,24.011,0.1803,23.191,0.1803,22.464,0.1805,21.779,0.1584,18.976,0.022,5.306
da4002_9x8.95,da4002,2,9.0,8.95,da4002_9x8.95_static_1092rd.txt,4936.667,0.150526,0.120081,3.408926829679936,347.61379570800796,51.14924918808857,0.06664666410145065,6.79606839251433,0.1237,46.133,0.1156,47.135,0.1465,45.275,0.1702,42.641,0.1791,39.111,0.1791,35.616,0.1786,32.962,0.1797,30.955,0.1803,29.208,0.18,27.606,0.1801,26.251,0.1795,25.061,0.1795,24.011,0.1803,23.191,0.1803,22.464,0.1805,21.779,0.1584,18.976,0.022,5.306
da4002_9x8.95,da4002,2,9.0,8.95,da4002_9x8.95_static_1092rd.txt,5180.0,0.151425,0.120956,3.775683603998892,385.01257860726065,59.522362906278346,0.063433026171087,6.468368522491065,0.1237,46.133,0.1156,47.135,0.1465,45.275,0.1702,42.641,0.1791,39.111,0.1791,35.616,0.1786,32.962,0.1797,30.955,0.1803,29.208,0.18,27.606,0.1801,26.251,0.1795,25.061,0.1795,24.011,0.1803,23.191,0.1803,22.464,0.1805,21.779,0.1584,18.976,0.022,5.306
da4022_5x3.75,da4022,3,5.0,3.75,da4022_5x3.75_3b_static_0690md.txt,1573.334,0.199909,0.155332,0.04380489809324136,4.4668564793524155,0.11335081843636884,0.3864541844294833,39.40735974359066,0.1269,41.63,0.1291,44.363,0.1807,40.568,0.2226,36.964,0.2341,33.869,0.2315,30.788,0.2299,28.316,0.2306,26.401,0.2313,24.686,0.2312,23.127,0.2314,21.825,0.2316,20.734,0.2317,19.766,0.2319,18.922,0.2319,18.172,0.2318,17.52,0.2228,15.544,0.0134,14.05
da4022_5x3.75,da4022,3,5.0,3.75,da4022_5x3.75_3b_static_0690md.txt,1795.556,0.21285,0.157083,0.06074632862631109,6.194401617913466,0.17038328716703097,0.3565275071067267,36.35568793693328,0.1269,41.63,0.1291,44.363,0.1807,40.568,0.2226,36.964,0.2341,33.869,0.2315,30.788,0.2299,28.316,0.2306,26.401,0.2313,24.686,0.2312,23.127,0.2314,21.825,0.2316,20.734,0.2317,19.766,0.2319,18.922,0.2319,18.172,0.2318,17.52,0.2228,15.544,0.0134,14.05
da4022_5x3.75,da4022,3,5.0,3.75,da4022_5x3.75_3b_static_0690md.txt,2042.222,0.209222,0.149014,0.07724346047605372,7.876640899395179,0.23781369791173582,0.32480660766951497,33.12105639229655,0.1269,41.63,0.1291,44.363,0.1807,40.568,0.2226,36.964,0.2341,33.869,0.2315,30.788,0.2299,28.316,0.2306,26.401,0.2313,24.686,0.2312,23.127,0.2314,21.825,0.2316,20.734,0.2317,19.766,0.2319,18.922,0.2319,18.172,0.2318,17.52,0.2228,15.544,0.0134,14.05
da4022_5x3.75,da4022,3,5.0,3.75,da4022_5x3.75_3b_static_0690md.txt,2204.444,0.218106,0.153879,0.09382406094425899,9.567391611229013,0.30887126738113796,0.30376428905082614,30.97533704688412,0.1269,41.63,0.1291,44.363,0.1807,40.568,0.2226,36.964,0.2341,33.869,0.2315,30.788,0.2299,28.316,0.2306,26.401,0.2313,24.686,0.2312,23.127,0.2314,21.825,0.2316,20.734,0.2317,19.766,0.2319,18.922,0.2319,18.172,0.2318,17.52,0.2228,15.544,0.0134,14.05
da4022_5x3.75,da4022,3,5.0,3.75,da4022_5x3.75_3b_static_0690md.txt,2491.111,0.21141,0.14948,0.11613420648843907,11.842393323758785,0.43297544759919065,0.26822353815301225,27.351189055693055,0.1269,41.63,0.1291,44.363,0.1807,40.568,0.2226,36.964,0.2341,33.869,0.2315,30.788,0.2299,28.316,0.2306,26.401,0.2313,24.686,0.2312,23.127,0.2314,21.825,0.2316,20.734,0.2317,19.766,0.2319,18.922,0.2319,18.172,0.2318,17.52,0.2228,15.544,0.0134,14.05
da4022_5x3.75,da4022,3,5.0,3.75,da4022_5x3.75_3b_static_0690md.txt,2773.333,0.216575,0.150111,0.14745545160490867,15.036271469350766,0.599956162476873,0.2457770431028663,25.062283562976788,0.1269,41.63,0.1291,44.363,0.1807,40.568,0.2226,36.964,0.2341,33.869,0.2315,30.788,0.2299,28.316,0.2306,26.401,0.2313,24.686,0.2312,23.127,0.2314,21.825,0.2316,20.734,0.2317,19.766,0.2319,18.922,0.2319,18.172,0.2318,17.52,0.2228,15.544,0.0134,14.05
da4022_5x3.75,da4022,3,5.0,3.75,da4022_5x3.75_3b_static_0690md.txt,2933.333,0.214771,0.146518,0.16358626894481174,16.68115706635923,0.6929087225354897,0.23608631790088785,24.074104602579666,0.1269,41.63,0.1291,44.363,0.1807,40.568,0.2226,36.964,0.2341,33.869,0.2315,30.788,0.2299,28.316,0.2306,26.401,0.2313,24.686,0.2312,23.127,0.2314,21.825,0.2316,20.734,0.2317,19.766,0.2319,18.922,0.2319,18.172,0.2318,17.52,0.2228,15.544,0.0134,14.05
da4022_5x3.75,da4022,3,5.0,3.75,da4022_5x3.75_3b_static_0690md.txt,3160.0,0.212187,0.145289,0.18756051199121984,19.125849499188803,0.8590034830327471,0.2183466257075347,22.265159428299643,0.1269,41.63,0.1291,44.363,0.1807,40.568,0.2226,36.964,0.2341,33.869,0.2315,30.788,0.2299,28.316,0.2306,26.401,0.2313,24.686,0.2312,23.127,0.2314,21.825,0.2316,20.734,0.2317,19.766,0.2319,18.922,0.2319,18.172,0.2318,17.52,0.2228,15.544,0.0134,14.05
da4022_5x3.75,da4022,3,5.0,3.75,da4022_5x3.75_3b_static_0690md.txt,3484.445,0.209849,0.140347,0.22553949484681649,22.99862795621507,1.1125125466441337,0.20272984383605447,20.67269086141083,0.1269,41.63,0.1291,44.363,0.1807,40.568,0.2226,36.964,0.2341,33.869,0.2315,30.788,0.2299,28.316,0.2306,26.401,0.2313,24.686,0.2312,23.127,0.2314,21.825,0.2316,20.734,0.2317,19.766,0.2319,18.922,0.2319,18.172,0.2318,17.52,0.2228,15.544,0.0134,14.05
da4022_5x3.75,da4022,3,5.0,3.75,da4022_5x3.75_3b_static_0690md.txt,3746.667,0.214863,0.140812,0.26699325947633423,27.225735544384094,1.387637074703899,0.19240856585884072,19.62021341220914,0.1269,41.63,0.1291,44.363,0.1807,40.568,0.2226,36.964,0.2341,33.869,0.2315,30.788,0.2299,28.316,0.2306,26.401,0.2313,24.686,0.2312,23.127,0.2314,21.825,0.2316,20.734,0.2317,19.766,0.2319,18.922,0.2319,18.172,0.2318,17.52,0.2228,15.544,0.0134,14.05
da4022_5x3.75,da4022,3,5.0,3.75,da4022_5x3.75_3b_static_0690md.txt,3951.111,0.212004,0.138207,0.2929752868438933,29.875164999657713,1.597308027583717,0.18341815215633983,18.703446350827228,0.1269,41.63,0.1291,44.363,0.1807,40.568,0.2226,36.964,0.2341,33.869,0.2315,30.788,0.2299,28.316,0.2306,26.401,0.2313,24.686,0.2312,23.127,0.2314,21.825,0.2316,20.734,0.2317,19.766,0.2319,18.922,0.2319,18.172,0.2318,17.52,0.2228,15.544,0.0134,14.05
da4022_5x3.75,da4022,3,5.0,3.75,da4022_5x3.75_3b_static_0690md.txt,4253.333,0.19626,0.126894,0.3142961329251983,32.04928624200908,1.8294906185572608,0.1717943397671275,17.518147355837876,0.1269,41.63,0.1291,44.363,0.1807,40.568,0.2226,36.964,0.2341,33.869,0.2315,30.788,0.2299,28.316,0.2306,26.401,0.2313,24.686,0.2312,23.127,0.2314,21.825,0.2316,20.734,0.2317,19.766,0.2319,18.922,0.2319,18.172,0.2318,17.52,0.2228,15.544,0.0134,14.05
da4022_5x3.75,da4022,3,5.0,3.75,da4022_5x3.75_3b_static_0690md.txt,4497.778,0.203061,0.12998,0.363639476643468,37.0809070012153,2.2160090133953707,0.16409656930334382,16.733193221267594,0.1269,41.63,0.1291,44.363,0.1807,40.568,0.2226,36.964,0.2341,33.869,0.2315,30.788,0.2299,28.316,0.2306,26.401,0.2313,24.686,0.2312,23.127,0.2314,21.825,0.2316,20.734,0.2317,19.766,0.2319,18.922,0.2319,18.172,0.2318,17.52,0.2228,15.544,0.0134,14.05
da4022_5x3.75,da4022,3,5.0,3.75,da4022_5x3.75_3b_static_0690md.txt,4711.111,0.205878,0.131146,0.4044874824955231,41.246244384731085,2.5693661726111077,0.1574269509761874,16.053081427009978,0.1269,41.63,0.1291,44.363,0.1807,40.568,0.2226,36.964,0.2341,33.869,0.2315,30.788,0.2299,28.316,0.2306,26.401,0.2313,24.686,0.2312,23.127,0.2314,21.825,0.2316,20.734,0.2317,19.766,0.2319,18.922,0.2319,18.172,0.2318,17.52,0.2228,15.544,0.0134,14.05
da4022_5x3.75,da4022,3,5.0,3.75,da4022_5x3.75_3b_static_0690md.txt,4980.0,0.203675,0.130908,0.44714140000213526,45.59573350758264,3.029389797238668,0.14760114410159794,15.051127969449094,0.1269,41.63,0.1291,44.363,0.1807,40.568,0.2226,36.964,0.2341,33.869,0.2315,30.788,0.2299,28.316,0.2306,26.401,0.2313,24.686,0.2312,23.127,0.2314,21.825,0.2316,20.734,0.2317,19.766,0.2319,18.922,0.2319,18.172,0.2318,17.52,0.2228,15.544,0.0134,14.05
da4022_5x3.75,da4022,3,5.0,3.75,da4022_5x3.75_3b_static_0690md.txt,5197.778,0.210806,0.135044,0.5041582666102085,51.409835836927854,3.5532798688209586,0.14188532432642215,14.468276559928432,0.1269,41.63,0.1291,44.363,0.1807,40.568,0.2226,36.964,0.2341,33.869,0.2315,30.788,0.2299,28.316,0.2306,26.401,0.2313,24.686,0.2312,23.127,0.2314,21.825,0.2316,20.734,0.2317,19.766,0.2319,18.922,0.2319,18.172,0.2318,17.52,0.2228,15.544,0.0134,14.05
da4022_5x3.75,da4022,3,5.0,3.75,da4022_5x3.75_3b_static_0690md.txt,5480.0,0.2033,0.130051,0.540439355463518,55.1094772897491,4.010110258284632,0.1347692010081281,13.742633927806958,0.1269,41.63,0.1291,44.363,0.1807,40.568,0.2226,36.964,0.2341,33.869,0.2315,30.788,0.2299,28.316,0.2306,26.401,0.2313,24.686,0.2312,23.127,0.2314,21.825,0.2316,20.734,0.2317,19.766,0.2319,18.922,0.2319,18.172,0.2318,17.52,0.2228,15.544,0.0134,14.05
da4022_5x3.75,da4022,3,5.0,3.75,da4022_5x3.75_3b_static_0690md.txt,5644.444,0.209129,0.132927,0.589800409614932,60.14290401053694,4.478964823558113,0.13168230447194973,13.42785808323431,0.1269,41.63,0.1291,44.363,0.1807,40.568,0.2226,36.964,0.2341,33.869,0.2315,30.788,0.2299,28.316,0.2306,26.401,0.2313,24.686,0.2312,23.127,0.2314,21.825,0.2316,20.734,0.2317,19.766,0.2319,18.922,0.2319,18.172,0.2318,17.52,0.2228,15.544,0.0134,14.05
da4022_5x3.75,da4022,3,5.0,3.75,da4022_5x3.75_3b_static_0690md.txt,5880.0,0.20522,0.12975,0.6280913424658028,64.04749251434515,4.942427268642127,0.127081554937755,12.958712194047408,0.1269,41.63,0.1291,44.363,0.1807,40.568,0.2226,36.964,0.2341,33.869,0.2315,30.788,0.2299,28.316,0.2306,26.401,0.2313,24.686,0.2312,23.127,0.2314,21.825,0.2316,20.734,0.2317,19.766,0.2319,18.922,0.2319,18.172,0.2318,17.52,0.2228,15.544,0.0134,14.05
da4022_5x3.75,da4022,3,5.0,3.75,da4022_5x3.75_3b_static_0690md.txt,6153.334,0.209425,0.13222,0.7019367392665937,71.57762735150065,5.772043058804986,0.12160975448646759,12.400743830611637,0.1269,41.63,0.1291,44.363,0.1807,40.568,0.2226,36.964,0.2341,33.869,0.2315,30.788,0.2299,28.316,0.2306,26.401,0.2313,24.686,0.2312,23.127,0.2314,21.825,0.2316,20.734,0.2317,19.766,0.2319,18.922,0.2319,18.172,0.2318,17.52,0.2228,15.544,0.0134,14.05
da4022_5x3.75,da4022,3,5.0,3.75,da4022_5x3.75_3b_static_0690md.txt,6417.778,0.2111,0.132611,0.7696727049864613,78.48477359612727,6.5680214558551855,0.11718486459880886,11.949530634702867,0.1269,41.63,0.1291,44.363,0.1807,40.568,0.2226,36.964,0.2341,33.869,0.2315,30.788,0.2299,28.316,0.2306,26.401,0.2313,24.686,0.2312,23.127,0.2314,21.825,0.2316,20.734,0.2317,19.766,0.2319,18.922,0.2319,18.172,0.2318,17.52,0.2228,15.544,0.0134,14.05
da4022_5x3.75,da4022,3,5.0,3.75,da4022_5x3.75_3b_static_0690md.txt,6637.778,0.211303,0.132943,0.8241373209204333,84.03861878627599,7.285084395395631,0.11312666761160793,11.53570970837217,0.1269,41.63,0.1291,44.363,0.1807,40.568,0.2226,36.964,0.2341,33.869,0.2315,30.788,0.2299,28.316,0.2306,26.401,0.2313,24.686,0.2312,23.127,0.2314,21.825,0.2316,20.734,0.2317,19.766,0.2319,18.922,0.2319,18.172,0.2318,17.52,0.2228,15.544,0.0134,14.05
da4022_5x3.75,da4022,3,5.0,3.75,da4022_5x3.75_3b_static_0690md.txt,6946.667,0.212221,0.133203,0.9065458828941494,92.44195345955545,8.366511083149435,0.10835411247108456,11.049044522959887,0.1269,41.63,0.1291,44.363,0.1807,40.568,0.2226,36.964,0.2341,33.869,0.2315,30.788,0.2299,28.316,0.2306,26.401,0.2313,24.686,0.2312,23.127,0.2314,21.825,0.2316,20.734,0.2317,19.766,0.2319,18.922,0.2319,18.172,0.2318,17.52,0.2228,15.544,0.0134,14.05
da4022_5x3.75,da4022,4,5.0,3.75,da4022_5x3.75_4b_static_0684rd.txt,1473.333,0.23449,0.191201,0.04505828224760687,4.594666093682029,0.11457605129053264,0.393260910461574,40.101452632812844,0.1269,41.63,0.1291,44.363,0.1807,40.568,0.2226,36.964,0.2341,33.869,0.2315,30.788,0.2299,28.316,0.2306,26.401,0.2313,24.686,0.2312,23.127,0.2314,21.825,0.2316,20.734,0.2317,19.766,0.2319,18.922,0.2319,18.172,0.2318,17.52,0.2228,15.544,0.0134,14.05
da4022_5x3.75,da4022,4,5.0,3.75,da4022_5x3.75_4b_static_0684rd.txt,1681.667,0.248571,0.192791,0.06222701020423518,6.34538911904016,0.17179388622067357,0.3622190030924792,36.936059010210336,0.1269,41.63,0.1291,44.363,0.1807,40.568,0.2226,36.964,0.2341,33.869,0.2315,30.788,0.2299,28.316,0.2306,26.401,0.2313,24.686,0.2312,23.127,0.2314,21.825,0.2316,20.734,0.2317,19.766,0.2319,18.922,0.2319,18.172,0.2318,17.52,0.2228,15.544,0.0134,14.05
da4022_5x3.75,da4022,4,5.0,3.75,da4022_5x3.75_4b_static_0684rd.txt,1935.0,0.246043,0.187282,0.08154952282985505,8.31573705902169,0.25423766370745604,0.3207609826201508,32.708517446849925,0.1269,41.63,0.1291,44.363,0.1807,40.568,0.2226,36.964,0.2341,33.869,0.2315,30.788,0.2299,28.316,0.2306,26.401,0.2313,24.686,0.2312,23.127,0.2314,21.825,0.2316,20.734,0.2317,19.766,0.2319,18.922,0.2319,18.172,0.2318,17.52,0.2228,15.544,0.0134,14.05
da4022_5x3.75,da4022,4,5.0,3.75,da4022_5x3.75_4b_static_0684rd.txt,2293.333,0.243789,0.179046,0.1135002500903789,11.573804519420895,0.40463824329516185,0.28049807938590365,28.6028439258976,0.1269,41.63,0.1291,44.363,0.1807,40.568,0.2226,36.964,0.2341,33.869,0.2315,30.788,0.2299,28.316,0.2306,26.401,0.2313,24.686,0.2312,23.127,0.2314,21.825,0.2316,20.734,0.2317,19.766,0.2319,18.922,0.2319,18.172,0.2318,17.52,0.2228,15.544,0.0134,14.05
da4022_5x3.75,da4022,4,5.0,3.75,da4022_5x3.75_4b_static_0684rd.txt,2468.333,0.248545,0.181564,0.13404820460232056,13.669112755356883,0.5116134258942375,0.2620107249297079,26.71765841849234,0.1269,41.63,0.1291,44.363,0.1807,40.568,0.2226,36.964,0.2341,33.869,0.2315,30.788,0.2299,28.316,0.2306,26.401,0.2313,24.686,0.2312,23.127,0.2314,21.825,0.2316,20.734,0.2317,19.766,0.2319,18.922,0.2319,18.172,0.2318,17.52,0.2228,15.544,0.0134,14.05
da4022_5x3.75,da4022,4,5.0,3.75,da4022_5x3.75_4b_static_0684rd.txt,2721.667,0.253789,0.18259,0.16641452945418103,16.96955937595214,0.68973599917942,0.24127279082455413,24.60297765542302,0.1269,41.63,0.1291,44.363,0.1807,40.568,0.2226,36.964,0.2341,33.869,0.2315,30.788,0.2299,28.316,0.2306,26.401,0.2313,24.686,0.2312,23.127,0.2314,21.825,0.2316,20.734,0.2317,19.766,0.2319,18.922,0.2319,18.172,0.2318,17.52,0.2228,15.544,0.0134,14.05
da4022_5x3.75,da4022,4,5.0,3.75,da4022_5x3.75_4b_static_0684rd.txt,2908.333,0.24715,0.175949,0.1850535193065505,18.870207390551364,0.8109986637033357,0.22817980791919443,23.267864960939207,0.1269,41.63,0.1291,44.363,0.1807,40.568,0.2226,36.964,0.2341,33.869,0.2315,30.788,0.2299,28.316,0.2306,26.401,0.2313,24.686,0.2312,23.127,0.2314,21.825,0.2316,20.734,0.2317,19.766,0.2319,18.922,0.2319,18.172,0.2318,17.52,0.2228,15.544,0.0134,14.05
da4022_5x3.75,da4022,4,5.0,3.75,da4022_5x3.75_4b_static_0684rd.txt,3226.667,0.244001,0.171966,0.22487872635571482,22.931248321874936,1.0824453377450312,0.20775065355649835,21.184670968832208,0.1269,41.63,0.1291,44.363,0.1807,40.568,0.2226,36.964,0.2341,33.869,0.2315,30.788,0.2299,28.316,0.2306,26.401,0.2313,24.686,0.2312,23.127,0.2314,21.825,0.2316,20.734,0.2317,19.766,0.2319,18.922,0.2319,18.172,0.2318,17.52,0.2228,15.544,0.0134,14.05
da4022_5x3.75,da4022,4,5.0,3.75,da4022_5x3.75_4b_static_0684rd.txt,3486.667,0.244563,0.170355,0.2631844146915636,26.83734146640939,1.352967116022638,0.19452388130855355,19.835915558172626,0.1269,41.63,0.1291,44.363,0.1807,40.568,0.2226,36.964,0.2341,33.869,0.2315,30.788,0.2299,28.316,0.2306,26.401,0.2313,24.686,0.2312,23.127,0.2314,21.825,0.2316,20.734,0.2317,19.766,0.2319,18.922,0.2319,18.172,0.2318,17.52,0.2228,15.544,0.0134,14.05
da4022_5x3.75,da4022,4,5.0,3.75,da4022_5x3.75_4b_static_0684rd.txt,3696.667,0.243464,0.167871,0.29451260419591513,30.031927742492613,1.5889404152473858,0.18535157226148205,18.90060033359833,0.1269,41.63,0.1291,44.363,0.1807,40.568,0.2226,36.964,0.2341,33.869,0.2315,30.788,0.2299,28.316,0.2306,26.401,0.2313,24.686,0.2312,23.127,0.2314,21.825,0.2316,20.734,0.2317,19.766,0.2319,18.922,0.2319,18.172,0.2318,17.52,0.2228,15.544,0.0134,14.05
da4022_5x3.75,da4022,4,5.0,3.75,da4022_5x3.75_4b_static_0684rd.txt,4023.333,0.244793,0.167622,0.3507675628712379,35.76833708465561,2.045454855113379,0.17148633810927835,17.48673992742459,0.1269,41.63,0.1291,44.363,0.1807,40.568,0.2226,36.964,0.2341,33.869,0.2315,30.788,0.2299,28.316,0.2306,26.401,0.2313,24.686,0.2312,23.127,0.2314,21.825,0.2316,20.734,0.2317,19.766,0.2319,18.922,0.2319,18.172,0.2318,17.52,0.2228,15.544,0.0134,14.05
da4022_5x3.75,da4022,4,5.0,3.75,da4022_5x3.75_4b_static_0684rd.txt,4190.0,0.245884,0.166596,0.38212617506843993,38.966025612053045,2.296188729456396,0.16641758151948824,16.969870599999823,0.1269,41.63,0.1291,44.363,0.1807,40.568,0.2226,36.964,0.2341,33.869,0.2315,30.788,0.2299,28.316,0.2306,26.401,0.2313,24.686,0.2312,23.127,0.2314,21.825,0.2316,20.734,0.2317,19.766,0.2319,18.922,0.2319,18.172,0.2318,17.52,0.2228,15.544,0.0134,14.05
da4022_5x3.75,da4022,4,5.0,3.75,da4022_5x3.75_4b_static_0684rd.txt,4455.0,0.245889,0.164824,0.4319992464259163,44.05166355747542,2.7306404353433793,0.15820436877533903,16.132355980415234,0.1269,41.63,0.1291,44.363,0.1807,40.568,0.2226,36.964,0.2341,33.869,0.2315,30.788,0.2299,28.316,0.2306,26.401,0.2313,24.686,0.2312,23.127,0.2314,21.825,0.2316,20.734,0.2317,19.766,0.2319,18.922,0.2319,18.172,0.2318,17.52,0.2228,15.544,0.0134,14.05
da4022_5x3.75,da4022,4,5.0,3.75,da4022_5x3.75_4b_static_0684rd.txt,4730.0,0.241475,0.165979,0.4782367297869289,48.76657470052759,3.291072944365935,0.14531331814010187,14.817834646908159,0.1269,41.63,0.1291,44.363,0.1807,40.568,0.2226,36.964,0.2341,33.869,0.2315,30.788,0.2299,28.316,0.2306,26.401,0.2313,24.686,0.2312,23.127,0.2314,21.825,0.2316,20.734,0.2317,19.766,0.2319,18.922,0.2319,18.172,0.2318,17.52,0.2228,15.544,0.0134,14.05
da4022_5x3.75,da4022,4,5.0,3.75,da4022_5x3.75_4b_static_0684rd.txt,4916.667,0.246948,0.169906,0.5284398675674002,53.88587005423874,3.7837465946702955,0.139660480517313,14.241405629579216,0.1269,41.63,0.1291,44.363,0.1807,40.568,0.2226,36.964,0.2341,33.869,0.2315,30.788,0.2299,28.316,0.2306,26.401,0.2313,24.686,0.2312,23.127,0.2314,21.825,0.2316,20.734,0.2317,19.766,0.2319,18.922,0.2319,18.172,0.2318,17.52,0.2228,15.544,0.0134,14.05
da4022_5x3.75,da4022,4,5.0,3.75,da4022_5x3.75_4b_static_0684rd.txt,5196.667,0.247437,0.167258,0.5915110879173195,60.31734465055035,4.398073740259017,0.13449321745171183,13.714491437107661,0.1269,41.63,0.1291,44.363,0.1807,40.568,0.2226,36.964,0.2341,33.869,0.2315,30.788,0.2299,28.316,0.2306,26.401,0.2313,24.686,0.2312,23.127,0.2314,21.825,0.2316,20.734,0.2317,19.766,0.2319,18.922,0.2319,18.172,0.2318,17.52,0.2228,15.544,0.0134,14.05
da4022_5x3.75,da4022,4,5.0,3.75,da4022_5x3.75_4b_static_0684rd.txt,5413.333,0.246883,0.165097,0.6404262796553336,65.30530605816804,4.907206731317337,0.13050729564095856,13.308040527698916,0.1269,41.63,0.1291,44.363,0.1807,40.568,0.2226,36.964,0.2341,33.869,0.2315,30.788,0.2299,28.316,0.2306,26.401,0.2313,24.686,0.2312,23.127,0.2314,21.825,0.2316,20.734,0.2317,19.766,0.2319,18.922,0.2319,18.172,0.2318,17.52,0.2228,15.544,0.0134,14.05
da4022_5x3.75,da4022,4,5.0,3.75,da4022_5x3.75_4b_static_0684rd.txt,5685.0,0.245476,0.162645,0.7022931746914675,71.613973649663,5.599291354400422,0.1254253672903702,12.789828054470204,0.1269,41.63,0.1291,44.363,0.1807,40.568,0.2226,36.964,0.2341,33.869,0.2315,30.788,0.2299,28.316,0.2306,26.401,0.2313,24.686,0.2312,23.127,0.2314,21.825,0.2316,20.734,0.2317,19.766,0.2319,18.922,0.2319,18.172,0.2318,17.52,0.2228,15.544,0.0134,14.05
da4022_5x3.75,da4022,4,5.0,3.75,da4022_5x3.75_4b_static_0684rd.txt,5951.667,0.246599,0.164362,0.7732448410474152,78.84903010175904,6.492593788925072,0.11909644530147562,12.144457618195371,0.1269,41.63,0.1291,44.363,0.1807,40.568,0.2226,36.964,0.2341,33.869,0.2315,30.788,0.2299,28.316,0.2306,26.401,0.2313,24.686,0.2312,23.127,0.2314,21.825,0.2316,20.734,0.2317,19.766,0.2319,18.922,0.2319,18.172,0.2318,17.52,0.2228,15.544,0.0134,14.05
da4022_5x3.75,da4022,2,5.0,3.75,da4022_5x3.75_static_0642rb.txt,2076.667,0.148436,0.103637,0.05666585391637502,5.778308996076644,0.17390671843554872,0.3258405105112478,33.22648514133245,0.1269,41.63,0.1291,44.363,0.1807,40.568,0.2226,36.964,0.2341,33.869,0.2315,30.788,0.2299,28.316,0.2306,26.401,0.2313,24.686,0.2312,23.127,0.2314,21.825,0.2316,20.734,0.2317,19.766,0.2319,18.922,0.2319,18.172,0.2318,17.52,0.2228,15.544,0.0134,14.05
da4022_5x3.75,da4022,2,5.0,3.75,da4022_5x3.75_static_0642rb.txt,2453.333,0.154401,0.107626,0.0822643331826694,8.388627429618618,0.2977745958384925,0.2762637724384255,28.17106478139074,0.1269,41.63,0.1291,44.363,0.1807,40.568,0.2226,36.964,0.2341,33.869,0.2315,30.788,0.2299,28.316,0.2306,26.401,0.2313,24.686,0.2312,23.127,0.2314,21.825,0.2316,20.734,0.2317,19.766,0.2319,18.922,0.2319,18.172,0.2318,17.52,0.2228,15.544,0.0134,14.05
da4022_5x3.75,da4022,2,5.0,3.75,da4022_5x3.75_static_0642rb.txt,2953.333,0.150965,0.101674,0.1165600109063086,11.885813290604704,0.4907362121966172,0.23752070462574287,24.22037134248116,0.1269,41.63,0.1291,44.363,0.1807,40.568,0.2226,36.964,0.2341,33.869,0.2315,30.788,0.2299,28.316,0.2306,26.401,0.2313,24.686,0.2312,23.127,0.2314,21.825,0.2316,20.734,0.2317,19.766,0.2319,18.922,0.2319,18.172,0.2318,17.52,0.2228,15.544,0.0134,14.05
da4022_5x3.75,da4022,2,5.0,3.75,da4022_5x3.75_static_0642rb.txt,3443.333,0.152692,0.099359,0.16025913891460433,16.34188422291041,0.7600553642734924,0.21085192796157667,21.500912948007393,0.1269,41.63,0.1291,44.363,0.1807,40.568,0.2226,36.964,0.2341,33.869,0.2315,30.788,0.2299,28.316,0.2306,26.401,0.2313,24.686,0.2312,23.127,0.2314,21.825,0.2316,20.734,0.2317,19.766,0.2319,18.922,0.2319,18.172,0.2318,17.52,0.2228,15.544,0.0134,14.05
da4022_5x3.75,da4022,2,5.0,3.75,da4022_5x3.75_static_0642rb.txt,3993.333,0.148227,0.095868,0.20924102789748758,21.336646856723508,1.1438819071403374,0.18292187907804436,18.652840580426993,0.1269,41.63,0.1291,44.363,0.1807,40.568,0.2226,36.964,0.2341,33.869,0.2315,30.788,0.2299,28.316,0.2306,26.401,0.2313,24.686,0.2312,23.127,0.2314,21.825,0.2316,20.734,0.2317,19.766,0.2319,18.922,0.2319,18.172,0.2318,17.52,0.2228,15.544,0.0134,14.05
da4022_5x3.75,da4022,2,5.0,3.75,da4022_5x3.75_static_0642rb.txt,4500.0,0.148115,0.094777,0.2655049010040049,27.073965217888368,1.6182344460277414,0.16407072637449802,16.730557975914103,0.1269,41.63,0.1291,44.363,0.1807,40.568,0.2226,36.964,0.2341,33.869,0.2315,30.788,0.2299,28.316,0.2306,26.401,0.2313,24.686,0.2312,23.127,0.2314,21.825,0.2316,20.734,0.2317,19.766,0.2319,18.922,0.2319,18.172,0.2318,17.52,0.2228,15.544,0.0134,14.05
da4022_5x3.75,da4022,2,5.0,3.75,da4022_5x3.75_static_0642rb.txt,4923.333,0.148096,0.096453,0.31776804547926074,32.40332279415099,2.1567227329872343,0.14733838551380524,15.024334050241954,0.1269,41.63,0.1291,44.363,0.1807,40.568,0.2226,36.964,0.2341,33.869,0.2315,30.788,0.2299,28.316,0.2306,26.401,0.2313,24.686,0.2312,23.127,0.2314,21.825,0.2316,20.734,0.2317,19.766,0.2319,18.922,0.2319,18.172,0.2318,17.52,0.2228,15.544,0.0134,14.05
da4022_5x3.75,da4022,2,5.0,3.75,da4022_5x3.75_static_0642rb.txt,5386.667,0.152459,0.095671,0.3915991998913043,39.932005311834764,2.801829099780552,0.13976555526601375,14.25212027206169,0.1269,41.63,0.1291,44.363,0.1807,40.568,0.2226,36.964,0.2341,33.869,0.2315,30.788,0.2299,28.316,0.2306,26.401,0.2313,24.686,0.2312,23.127,0.2314,21.825,0.2316,20.734,0.2317,19.766,0.2319,18.922,0.2319,18.172,0.2318,17.52,0.2228,15.544,0.0134,14.05
da4022_5x3.75,da4022,2,5.0,3.75,da4022_5x3.75_static_0642rb.txt,5956.667,0.148732,0.091906,0.46715342133025556,47.63639176785708,3.6396093616189984,0.12835262659134739,13.08832543134989,0.1269,41.63,0.1291,44.363,0.1807,40.568,0.2226,36.964,0.2341,33.869,0.2315,30.788,0.2299,28.316,0.2306,26.401,0.2313,24.686,0.2312,23.127,0.2314,21.825,0.2316,20.734,0.2317,19.766,0.2319,18.922,0.2319,18.172,0.2318,17.52,0.2228,15.544,0.0134,14.05
da4022_5x3.75,da4022,2,5.0,3.75,da4022_5x3.75_static_0642rb.txt,6373.333,0.15255,0.093556,0.5485218154733182,55.93365884102301,4.538082836362469,0.12087082480693313,12.325393973164449,0.1269,41.63,0.1291,44.363,0.1807,40.568,0.2226,36.964,0.2341,33.869,0.2315,30.788,0.2299,28.316,0.2306,26.401,0.2313,24.686,0.2312,23.127,0.2314,21.825,0.2316,20.734,0.2317,19.766,0.2319,18.922,0.2319,18.172,0.2318,17.52,0.2228,15.544,0.0134,14.05
da4022_5x3.75,da4022,2,5.0,3.75,da4022_5x3.75_static_0642rb.txt,6920.0,0.151774,0.092246,0.6433659033872625,65.60506425611831,5.72752203812844,0.11232883943603168,11.4543538757916,0.1269,41.63,0.1291,44.363,0.1807,40.568,0.2226,36.964,0.2341,33.869,0.2315,30.788,0.2299,28.316,0.2306,26.401,0.2313,24.686,0.2312,23.127,0.2314,21.825,0.2316,20.734,0.2317,19.766,0.2319,18.922,0.2319,18.172,0.2318,17.52,0.2228,15.544,0.0134,14.05
da4022_5x3.75,da4022,2,5.0,3.75,da4022_5x3.75_static_0642rb.txt,7323.333,0.156857,0.094087,0.7446804305811066,75.93627085509391,6.9239976329803135,0.10755064776944066,10.967113924677712,0.1269,41.63,0.1291,44.363,0.1807,40.568,0.2226,36.964,0.2341,33.869,0.2315,30.788,0.2299,28.316,0.2306,26.401,0.2313,24.686,0.2312,23.127,0.2314,21.825,0.2316,20.734,0.2317,19.766,0.2319,18.922,0.2319,18.172,0.2318,17.52,0.2228,15.544,0.0134,14.05
da4022_9x6.75,da4022,3,9.0,6.75,da4022_9x6.75_3b_static_0749md.txt,1317.778,0.200438,0.127043,0.32344694867420765,32.98240976013294,1.029297616214939,0.31424045249772065,32.04360841854463,0.1193,42.796,0.1286,44.686,0.1828,40.682,0.2233,37.035,0.2332,33.643,0.2301,30.338,0.2288,27.662,0.2302,25.566,0.231,23.829,0.2304,22.353,0.2299,21.112,0.23,20.013,0.2301,18.971,0.2303,18.002,0.2307,17.117,0.2308,16.205,0.2179,12.84,0.0282,6.329
da4022_9x6.75,da4022,3,9.0,6.75,da4022_9x6.75_3b_static_0749md.txt,1460.0,0.203214,0.12724,0.4025296060029267,41.0465965444802,1.4019925170087355,0.28711252101527346,29.277329262824054,0.1193,42.796,0.1286,44.686,0.1828,40.682,0.2233,37.035,0.2332,33.643,0.2301,30.338,0.2288,27.662,0.2302,25.566,0.231,23.829,0.2304,22.353,0.2299,21.112,0.23,20.013,0.2301,18.971,0.2303,18.002,0.2307,17.117,0.2308,16.205,0.2179,12.84,0.0282,6.329
da4022_9x6.75,da4022,3,9.0,6.75,da4022_9x6.75_3b_static_0749md.txt,1677.778,0.201853,0.123576,0.5280106609054325,53.84210315504607,2.0663366918566295,0.25552982869941115,26.05679092242623,0.1193,42.796,0.1286,44.686,0.1828,40.682,0.2233,37.035,0.2332,33.643,0.2301,30.338,0.2288,27.662,0.2302,25.566,0.231,23.829,0.2304,22.353,0.2299,21.112,0.23,20.013,0.2301,18.971,0.2303,18.002,0.2307,17.117,0.2308,16.205,0.2179,12.84,0.0282,6.329
da4022_9x6.75,da4022,3,9.0,6.75,da4022_9x6.75_3b_static_0749md.txt,1873.333,0.20196,0.121881,0.6586183420563493,67.16038015595024,2.83690261353515,0.23216106852382398,23.67384055960231,0.1193,42.796,0.1286,44.686,0.1828,40.682,0.2233,37.035,0.2332,33.643,0.2301,30.338,0.2288,27.662,0.2302,25.566,0.231,23.829,0.2304,22.353,0.2299,21.112,0.23,20.013,0.2301,18.971,0.2303,18.002,0.2307,17.117,0.2308,16.205,0.2179,12.84,0.0282,6.329
da4022_9x6.75,da4022,3,9.0,6.75,da4022_9x6.75_3b_static_0749md.txt,2122.222,0.200055,0.118555,0.8372777051511736,85.37856507076053,4.0119524742086625,0.20869581844095061,21.281050964493545,0.1193,42.796,0.1286,44.686,0.1828,40.682,0.2233,37.035,0.2332,33.643,0.2301,30.338,0.2288,27.662,0.2302,25.566,0.231,23.829,0.2304,22.353,0.2299,21.112,0.23,20.013,0.2301,18.971,0.2303,18.002,0.2307,17.117,0.2308,16.205,0.2179,12.84,0.0282,6.329
da4022_9x6.75,da4022,3,9.0,6.75,da4022_9x6.75_3b_static_0749md.txt,2375.556,0.200228,0.116783,1.050010995472511,107.07132358884135,5.542923865532448,0.189432693095749,19.316758841780732,0.1193,42.796,0.1286,44.686,0.1828,40.682,0.2233,37.035,0.2332,33.643,0.2301,30.338,0.2288,27.662,0.2302,25.566,0.231,23.829,0.2304,22.353,0.2299,21.112,0.23,20.013,0.2301,18.971,0.2303,18.002,0.2307,17.117,0.2308,16.205,0.2179,12.84,0.0282,6.329
da4022_9x6.75,da4022,3,9.0,6.75,da4022_9x6.75_3b_static_0749md.txt,2537.778,0.199854,0.115479,1.1960754969206115,121.96575761555798,6.682321502501049,0.1789910132987385,18.252003823807165,0.1193,42.796,0.1286,44.686,0.1828,40.682,0.2233,37.035,0.2332,33.643,0.2301,30.338,0.2288,27.662,0.2302,25.566,0.231,23.829,0.2304,22.353,0.2299,21.112,0.23,20.013,0.2301,18.971,0.2303,18.002,0.2307,17.117,0.2308,16.205,0.2179,12.84,0.0282,6.329
da4022_9x6.75,da4022,3,9.0,6.75,da4022_9x6.75_3b_static_0749md.txt,2793.333,0.196846,0.113003,1.4272843719016768,145.5425014558159,8.720102249414467,0.16367748118980088,16.690458126862985,0.1193,42.796,0.1286,44.686,0.1828,40.682,0.2233,37.035,0.2332,33.643,0.2301,30.338,0.2288,27.662,0.2302,25.566,0.231,23.829,0.2304,22.353,0.2299,21.112,0.23,20.013,0.2301,18.971,0.2303,18.002,0.2307,17.117,0.2308,16.205,0.2179,12.84,0.0282,6.329
da4022_9x6.75,da4022,3,9.0,6.75,da4022_9x6.75_3b_static_0749md.txt,2986.667,0.198974,0.113367,1.6493333085286772,168.18519153112197,10.693269989286614,0.15424031284921386,15.728134770713126,0.1193,42.796,0.1286,44.686,0.1828,40.682,0.2233,37.035,0.2332,33.643,0.2301,30.338,0.2288,27.662,0.2302,25.566,0.231,23.829,0.2304,22.353,0.2299,21.112,0.23,20.013,0.2301,18.971,0.2303,18.002,0.2307,17.117,0.2308,16.205,0.2179,12.84,0.0282,6.329
da4022_9x6.75,da4022,3,9.0,6.75,da4022_9x6.75_3b_static_0749md.txt,3204.445,0.199862,0.113059,1.907103947149411,194.47048147424564,13.171252436092988,0.1447929083739525,14.764767619314702,0.1193,42.796,0.1286,44.686,0.1828,40.682,0.2233,37.035,0.2332,33.643,0.2301,30.338,0.2288,27.662,0.2302,25.566,0.231,23.829,0.2304,22.353,0.2299,21.112,0.23,20.013,0.2301,18.971,0.2303,18.002,0.2307,17.117,0.2308,16.205,0.2179,12.84,0.0282,6.329
da4022_9x6.75,da4022,3,9.0,6.75,da4022_9x6.75_3b_static_0749md.txt,3440.0,0.200898,0.113009,2.2091794287861806,225.2736080910587,16.287402445512004,0.13563730841530966,13.831156247577885,0.1193,42.796,0.1286,44.686,0.1828,40.682,0.2233,37.035,0.2332,33.643,0.2301,30.338,0.2288,27.662,0.2302,25.566,0.231,23.829,0.2304,22.353,0.2299,21.112,0.23,20.013,0.2301,18.971,0.2303,18.002,0.2307,17.117,0.2308,16.205,0.2179,12.84,0.0282,6.329
da4022_9x6.75,da4022,3,9.0,6.75,da4022_9x6.75_3b_static_0749md.txt,3697.778,0.201415,0.11275,2.5592456360156013,260.97042680381185,20.18378081042593,0.12679713776388332,12.929709713702778,0.1193,42.796,0.1286,44.686,0.1828,40.682,0.2233,37.035,0.2332,33.643,0.2301,30.338,0.2288,27.662,0.2302,25.566,0.231,23.829,0.2304,22.353,0.2299,21.112,0.23,20.013,0.2301,18.971,0.2303,18.002,0.2307,17.117,0.2308,16.205,0.2179,12.84,0.0282,6.329
da4022_9x6.75,da4022,3,9.0,6.75,da4022_9x6.75_3b_static_0749md.txt,3884.444,0.200796,0.112026,2.815472429931471,287.0982883993485,23.247105775317113,0.12111066457661289,12.349850823330383,0.1193,42.796,0.1286,44.686,0.1828,40.682,0.2233,37.035,0.2332,33.643,0.2301,30.338,0.2288,27.662,0.2302,25.566,0.231,23.829,0.2304,22.353,0.2299,21.112,0.23,20.013,0.2301,18.971,0.2303,18.002,0.2307,17.117,0.2308,16.205,0.2179,12.84,0.0282,6.329
da4022_9x6.75,da4022,3,9.0,6.75,da4022_9x6.75_3b_static_0749md.txt,4108.889,0.203092,0.112902,3.186252042440345,324.9072866310458,27.72926323321627,0.11490575914846539,11.717126556822707,0.1193,42.796,0.1286,44.686,0.1828,40.682,0.2233,37.035,0.2332,33.643,0.2301,30.338,0.2288,27.662,0.2302,25.566,0.231,23.829,0.2304,22.353,0.2299,21.112,0.23,20.013,0.2301,18.971,0.2303,18.002,0.2307,17.117,0.2308,16.205,0.2179,12.84,0.0282,6.329
da4022_9x6.75,da4022,3,9.0,6.75,da4022_9x6.75_3b_static_0749md.txt,4335.556,0.202162,0.112217,3.5312431107561673,360.0865852004678,32.37848487201223,0.10906140681735707,11.121168474184056,0.1193,42.796,0.1286,44.686,0.1828,40.682,0.2233,37.035,0.2332,33.643,0.2301,30.338,0.2288,27.662,0.2302,25.566,0.231,23.829,0.2304,22.353,0.2299,21.112,0.23,20.013,0.2301,18.971,0.2303,18.002,0.2307,17.117,0.2308,16.205,0.2179,12.84,0.0282,6.329
da4022_9x6.75,da4022,3,9.0,6.75,da4022_9x6.75_3b_static_0749md.txt,4564.444,0.20345,0.112827,3.9388727692593704,401.65324236710507,37.98745145685745,0.10368878717048889,10.573313738176534,0.1193,42.796,0.1286,44.686,0.1828,40.682,0.2233,37.035,0.2332,33.643,0.2301,30.338,0.2288,27.662,0.2302,25.566,0.231,23.829,0.2304,22.353,0.2299,21.112,0.23,20.013,0.2301,18.971,0.2303,18.002,0.2307,17.117,0.2308,16.205,0.2179,12.84,0.0282,6.329
da4022_9x6.75,da4022,3,9.0,6.75,da4022_9x6.75_3b_static_0749md.txt,4784.445,0.204749,0.113376,4.355353544082052,444.12246221513493,43.96218787710008,0.09907044563518545,10.102373964114705,0.1193,42.796,0.1286,44.686,0.1828,40.682,0.2233,37.035,0.2332,33.643,0.2301,30.338,0.2288,27.662,0.2302,25.566,0.231,23.829,0.2304,22.353,0.2299,21.112,0.23,20.013,0.2301,18.971,0.2303,18.002,0.2307,17.117,0.2308,16.205,0.2179,12.84,0.0282,6.329
da4022_9x6.75,da4022,3,9.0,6.75,da4022_9x6.75_3b_static_0749md.txt,5004.444,0.20526,0.11357,4.776991674791108,487.11758600450804,50.39582917289248,0.09478942510108782,9.665831359443626,0.1193,42.796,0.1286,44.686,0.1828,40.682,0.2233,37.035,0.2332,33.643,0.2301,30.338,0.2288,27.662,0.2302,25.566,0.231,23.829,0.2304,22.353,0.2299,21.112,0.23,20.013,0.2301,18.971,0.2303,18.002,0.2307,17.117,0.2308,16.205,0.2179,12.84,0.0282,6.329
da4022_9x6.75,da4022,3,9.0,6.75,da4022_9x6.75_3b_static_0749md.txt,5193.333,0.207191,0.114618,5.192801483269433,529.5183863265676,56.84009644261929,0.09135806953655723,9.315930469279238,0.1193,42.796,0.1286,44.686,0.1828,40.682,0.2233,37.035,0.2332,33.643,0.2301,30.338,0.2288,27.662,0.2302,25.566,0.231,23.829,0.2304,22.353,0.2299,21.112,0.23,20.013,0.2301,18.971,0.2303,18.002,0.2307,17.117,0.2308,16.205,0.2179,12.84,0.0282,6.329
da4022_9x6.75,da4022,3,9.0,6.75,da4022_9x6.75_3b_static_0749md.txt,5460.0,0.207195,0.114548,5.739883112123491,585.3051870030532,66.01291439789735,0.08695091202194094,8.866525472199063,0.1193,42.796,0.1286,44.686,0.1828,40.682,0.2233,37.035,0.2332,33.643,0.2301,30.338,0.2288,27.662,0.2302,25.566,0.231,23.829,0.2304,22.353,0.2299,21.112,0.23,20.013,0.2301,18.971,0.2303,18.002,0.2307,17.117,0.2308,16.205,0.2179,12.84,0.0282,6.329
da4022_9x6.75,da4022,4,9.0,6.75,da4022_9x6.75_4b_static_1086ga.txt,1505.0,0.243484,0.161061,0.5124858984310864,52.25901795527386,1.9438527300168464,0.2636444060382316,26.88424752981208,0.1193,42.796,0.1286,44.686,0.1828,40.682,0.2233,37.035,0.2332,33.643,0.2301,30.338,0.2288,27.662,0.2302,25.566,0.231,23.829,0.2304,22.353,0.2299,21.112,0.23,20.013,0.2301,18.971,0.2303,18.002,0.2307,17.117,0.2308,16.205,0.2179,12.84,0.0282,6.329
da4022_9x6.75,da4022,4,9.0,6.75,da4022_9x6.75_4b_static_1086ga.txt,1796.667,0.240866,0.156181,0.7225188378913601,73.67641731797914,3.2069666246156245,0.22529665021941367,22.973864695835346,0.1193,42.796,0.1286,44.686,0.1828,40.682,0.2233,37.035,0.2332,33.643,0.2301,30.338,0.2288,27.662,0.2302,25.566,0.231,23.829,0.2304,22.353,0.2299,21.112,0.23,20.013,0.2301,18.971,0.2303,18.002,0.2307,17.117,0.2308,16.205,0.2179,12.84,0.0282,6.329
da4022_9x6.75,da4022,4,9.0,6.75,da4022_9x6.75_4b_static_1086ga.txt,1958.333,0.239311,0.154376,0.852853111633702,86.9668145221561,4.104902806348042,0.20776450792325807,21.18608372107275,0.1193,42.796,0.1286,44.686,0.1828,40.682,0.2233,37.035,0.2332,33.643,0.2301,30.338,0.2288,27.662,0.2302,25.566,0.231,23.829,0.2304,22.353,0.2299,21.112,0.23,20.013,0.2301,18.971,0.2303,18.002,0.2307,17.117,0.2308,16.205,0.2179,12.84,0.0282,6.329
da4022_9x6.75,da4022,4,9.0,6.75,da4022_9x6.75_4b_static_1086ga.txt,2225.0,0.237572,0.150464,1.0929335973675451,111.4482108943977,5.867946112519854,0.18625487971603238,18.99271205926921,0.1193,42.796,0.1286,44.686,0.1828,40.682,0.2233,37.035,0.2332,33.643,0.2301,30.338,0.2288,27.662,0.2302,25.566,0.231,23.829,0.2304,22.353,0.2299,21.112,0.23,20.013,0.2301,18.971,0.2303,18.002,0.2307,17.117,0.2308,16.205,0.2179,12.84,0.0282,6.329
da4022_9x6.75,da4022,4,9.0,6.75,da4022_9x6.75_4b_static_1086ga.txt,2453.333,0.239441,0.149536,1.3392140933454277,136.56183236328695,7.817695111326068,0.17130549020838765,17.468298573762464,0.1193,42.796,0.1286,44.686,0.1828,40.682,0.2233,37.035,0.2332,33.643,0.2301,30.338,0.2288,27.662,0.2302,25.566,0.231,23.829,0.2304,22.353,0.2299,21.112,0.23,20.013,0.2301,18.971,0.2303,18.002,0.2307,17.117,0.2308,16.205,0.2179,12.84,0.0282,6.329
da4022_9x6.75,da4022,4,9.0,6.75,da4022_9x6.75_4b_static_1086ga.txt,2726.667,0.237467,0.147303,1.6406122952052438,167.29589566317182,10.572345952087508,0.15517958858329878,15.82391424016344,0.1193,42.796,0.1286,44.686,0.1828,40.682,0.2233,37.035,0.2332,33.643,0.2301,30.338,0.2288,27.662,0.2302,25.566,0.231,23.829,0.2304,22.353,0.2299,21.112,0.23,20.013,0.2301,18.971,0.2303,18.002,0.2307,17.117,0.2308,16.205,0.2179,12.84,0.0282,6.329
da4022_9x6.75,da4022,4,9.0,6.75,da4022_9x6.75_4b_static_1086ga.txt,2976.667,0.239446,0.14708,1.9715445008421502,201.04158921162175,13.734341679103698,0.14354852579805724,14.637875910535938,0.1193,42.796,0.1286,44.686,0.1828,40.682,0.2233,37.035,0.2332,33.643,0.2301,30.338,0.2288,27.662,0.2302,25.566,0.231,23.829,0.2304,22.353,0.2299,21.112,0.23,20.013,0.2301,18.971,0.2303,18.002,0.2307,17.117,0.2308,16.205,0.2179,12.84,0.0282,6.329
da4022_9x6.75,da4022,4,9.0,6.75,da4022_9x6.75_4b_static_1086ga.txt,3203.333,0.241329,0.14732,2.3011884257038075,234.65591468073276,17.144761233825175,0.13422108329883042,13.686741476327843,0.1193,42.796,0.1286,44.686,0.1828,40.682,0.2233,37.035,0.2332,33.643,0.2301,30.338,0.2288,27.662,0.2302,25.566,0.231,23.829,0.2304,22.353,0.2299,21.112,0.23,20.013,0.2301,18.971,0.2303,18.002,0.2307,17.117,0.2308,16.205,0.2179,12.84,0.0282,6.329
da4022_9x6.75,da4022,4,9.0,6.75,da4022_9x6.75_4b_static_1086ga.txt,3436.667,0.241883,0.147213,2.654720135896368,270.7061163492496,21.15543642559359,0.12548642734142418,12.796054446872702,0.1193,42.796,0.1286,44.686,0.1828,40.682,0.2233,37.035,0.2332,33.643,0.2301,30.338,0.2288,27.662,0.2302,25.566,0.231,23.829,0.2304,22.353,0.2299,21.112,0.23,20.013,0.2301,18.971,0.2303,18.002,0.2307,17.117,0.2308,16.205,0.2179,12.84,0.0282,6.329
da4022_9x6.75,da4022,4,9.0,6.75,da4022_9x6.75_4b_static_1086ga.txt,3710.0,0.241997,0.146411,3.0952540001630817,315.62806872510816,26.47030245120821,0.11693308022711324,11.923855774103618,0.1193,42.796,0.1286,44.686,0.1828,40.682,0.2233,37.035,0.2332,33.643,0.2301,30.338,0.2288,27.662,0.2302,25.566,0.231,23.829,0.2304,22.353,0.2299,21.112,0.23,20.013,0.2301,18.971,0.2303,18.002,0.2307,17.117,0.2308,16.205,0.2179,12.84,0.0282,6.329
da4022_9x6.75,da4022,4,9.0,6.75,da4022_9x6.75_4b_static_1086ga.txt,3938.333,0.244743,0.147676,3.5275537537174158,359.7103754816799,31.938218794058205,0.11044929513644897,11.262693696262126,0.1193,42.796,0.1286,44.686,0.1828,40.682,0.2233,37.035,0.2332,33.643,0.2301,30.338,0.2288,27.662,0.2302,25.566,0.231,23.829,0.2304,22.353,0.2299,21.112,0.23,20.013,0.2301,18.971,0.2303,18.002,0.2307,17.117,0.2308,16.205,0.2179,12.84,0.0282,6.329
da4022_9x6.75,da4022,4,9.0,6.75,da4022_9x6.75_4b_static_1086ga.txt,4188.333,0.243839,0.146685,3.9748804213378626,405.32500102867573,38.156873651175154,0.1041720675985058,10.622594626962908,0.1193,42.796,0.1286,44.686,0.1828,40.682,0.2233,37.035,0.2332,33.643,0.2301,30.338,0.2288,27.662,0.2302,25.566,0.231,23.829,0.2304,22.353,0.2299,21.112,0.23,20.013,0.2301,18.971,0.2303,18.002,0.2307,17.117,0.2308,16.205,0.2179,12.84,0.0282,6.329
da4022_9x6.75,da4022,4,9.0,6.75,da4022_9x6.75_4b_static_1086ga.txt,4456.667,0.245067,0.147146,4.523178185194486,461.23581296309,46.11502874734257,0.09808468753161385,10.00185461208607,0.1193,42.796,0.1286,44.686,0.1828,40.682,0.2233,37.035,0.2332,33.643,0.2301,30.338,0.2288,27.662,0.2302,25.566,0.231,23.829,0.2304,22.353,0.2299,21.112,0.23,20.013,0.2301,18.971,0.2303,18.002,0.2307,17.117,0.2308,16.205,0.2179,12.84,0.0282,6.329
da4022_9x6.75,da4022,4,9.0,6.75,da4022_9x6.75_4b_static_1086ga.txt,4698.333,0.246992,0.148069,5.066510748509113,516.6403153481682,54.36995771198055,0.09318585045345172,9.502312252752136,0.1193,42.796,0.1286,44.686,0.1828,40.682,0.2233,37.035,0.2332,33.643,0.2301,30.338,0.2288,27.662,0.2302,25.566,0.231,23.829,0.2304,22.353,0.2299,21.112,0.23,20.013,0.2301,18.971,0.2303,18.002,0.2307,17.117,0.2308,16.205,0.2179,12.84,0.0282,6.329
da4022_9x6.75,da4022,4,9.0,6.75,da4022_9x6.75_4b_static_1086ga.txt,4938.333,0.247589,0.148435,5.6108748442579905,572.1500047679882,63.29084587377869,0.08865223345960317,9.040011977546174,0.1193,42.796,0.1286,44.686,0.1828,40.682,0.2233,37.035,0.2332,33.643,0.2301,30.338,0.2288,27.662,0.2302,25.566,0.231,23.829,0.2304,22.353,0.2299,21.112,0.23,20.013,0.2301,18.971,0.2303,18.002,0.2307,17.117,0.2308,16.205,0.2179,12.84,0.0282,6.329
da4022_9x6.75,da4022,2,9.0,6.75,da4022_9x6.75_static_0767rd.txt,1326.667,0.146329,0.087607,0.23932758021979875,24.404621376290454,0.7242492530084148,0.33044919166387887,33.69643983051082,0.1193,42.796,0.1286,44.686,0.1828,40.682,0.2233,37.035,0.2332,33.643,0.2301,30.338,0.2288,27.662,0.2302,25.566,0.231,23.829,0.2304,22.353,0.2299,21.112,0.23,20.013,0.2301,18.971,0.2303,18.002,0.2307,17.117,0.2308,16.205,0.2179,12.84,0.0282,6.329
da4022_9x6.75,da4022,2,9.0,6.75,da4022_9x6.75_static_0767rd.txt,1433.333,0.150878,0.089766,0.28804385222283796,29.372298616024636,0.9358724024813145,0.3077811157366498,31.3849393765098,0.1193,42.796,0.1286,44.686,0.1828,40.682,0.2233,37.035,0.2332,33.643,0.2301,30.338,0.2288,27.662,0.2302,25.566,0.231,23.829,0.2304,22.353,0.2299,21.112,0.23,20.013,0.2301,18.971,0.2303,18.002,0.2307,17.117,0.2308,16.205,0.2179,12.84,0.0282,6.329
da4022_9x6.75,da4022,2,9.0,6.75,da4022_9x6.75_static_0767rd.txt,1700.0,0.152442,0.088946,0.40939352815926805,41.74652181522417,1.5471650780386812,0.26460882162506555,26.9825905508064,0.1193,42.796,0.1286,44.686,0.1828,40.682,0.2233,37.035,0.2332,33.643,0.2301,30.338,0.2288,27.662,0.2302,25.566,0.231,23.829,0.2304,22.353,0.2299,21.112,0.23,20.013,0.2301,18.971,0.2303,18.002,0.2307,17.117,0.2308,16.205,0.2179,12.84,0.0282,6.329
da4022_9x6.75,da4022,2,9.0,6.75,da4022_9x6.75_static_0767rd.txt,1953.333,0.146078,0.083298,0.5179357403575925,52.81474717233638,2.1979960288853793,0.235639980032285,24.028590806471634,0.1193,42.796,0.1286,44.686,0.1828,40.682,0.2233,37.035,0.2332,33.643,0.2301,30.338,0.2288,27.662,0.2302,25.566,0.231,23.829,0.2304,22.353,0.2299,21.112,0.23,20.013,0.2301,18.971,0.2303,18.002,0.2307,17.117,0.2308,16.205,0.2179,12.84,0.0282,6.329
da4022_9x6.75,da4022,2,9.0,6.75,da4022_9x6.75_static_0767rd.txt,2210.0,0.146178,0.081402,0.6634451981682128,67.65258249944812,3.1108234513801967,0.213269961647569,21.74748376332071,0.1193,42.796,0.1286,44.686,0.1828,40.682,0.2233,37.035,0.2332,33.643,0.2301,30.338,0.2288,27.662,0.2302,25.566,0.231,23.829,0.2304,22.353,0.2299,21.112,0.23,20.013,0.2301,18.971,0.2303,18.002,0.2307,17.117,0.2308,16.205,0.2179,12.84,0.0282,6.329
da4022_9x6.75,da4022,2,9.0,6.75,da4022_9x6.75_static_0767rd.txt,2530.0,0.147843,0.080288,0.879387526378538,89.67257181387508,4.603367751833777,0.1910313435263192,19.47977581807439,0.1193,42.796,0.1286,44.686,0.1828,40.682,0.2233,37.035,0.2332,33.643,0.2301,30.338,0.2288,27.662,0.2302,25.566,0.231,23.829,0.2304,22.353,0.2299,21.112,0.23,20.013,0.2301,18.971,0.2303,18.002,0.2307,17.117,0.2308,16.205,0.2179,12.84,0.0282,6.329
da4022_9x6.75,da4022,2,9.0,6.75,da4022_9x6.75_static_0767rd.txt,2686.667,0.147452,0.079276,0.9890467989429136,100.85470562760104,5.443105095314571,0.18170635723978318,18.528891847856627,0.1193,42.796,0.1286,44.686,0.1828,40.682,0.2233,37.035,0.2332,33.643,0.2301,30.338,0.2288,27.662,0.2302,25.566,0.231,23.829,0.2304,22.353,0.2299,21.112,0.23,20.013,0.2301,18.971,0.2303,18.002,0.2307,17.117,0.2308,16.205,0.2179,12.84,0.0282,6.329
da4022_9x6.75,da4022,2,9.0,6.75,da4022_9x6.75_static_0767rd.txt,2943.333,0.146372,0.077756,1.1783526925287975,120.15853451778106,7.019651927138966,0.16786483215401599,17.117449093626877,0.1193,42.796,0.1286,44.686,0.1828,40.682,0.2233,37.035,0.2332,33.643,0.2301,30.338,0.2288,27.662,0.2302,25.566,0.231,23.829,0.2304,22.353,0.2299,21.112,0.23,20.013,0.2301,18.971,0.2303,18.002,0.2307,17.117,0.2308,16.205,0.2179,12.84,0.0282,6.329
da4022_9x6.75,da4022,2,9.0,6.75,da4022_9x6.75_static_0767rd.txt,3256.667,0.146333,0.076829,1.442206588748987,147.06414410109335,9.3952579582048,0.15350367123124278,15.653018230613187,0.1193,42.796,0.1286,44.686,0.1828,40.682,0.2233,37.035,0.2332,33.643,0.2301,30.338,0.2288,27.662,0.2302,25.566,0.231,23.829,0.2304,22.353,0.2299,21.112,0.23,20.013,0.2301,18.971,0.2303,18.002,0.2307,17.117,0.2308,16.205,0.2179,12.84,0.0282,6.329
da4022_9x6.75,da4022,2,9.0,6.75,da4022_9x6.75_static_0767rd.txt,3493.333,0.145205,0.075765,1.6466452143403243,167.91108220853445,11.435418285264305,0.1439951887428721,14.683422855192354,0.1193,42.796,0.1286,44.686,0.1828,40.682,0.2233,37.035,0.2332,33.643,0.2301,30.338,0.2288,27.662,0.2302,25.566,0.231,23.829,0.2304,22.353,0.2299,21.112,0.23,20.013,0.2301,18.971,0.2303,18.002,0.2307,17.117,0.2308,16.205,0.2179,12.84,0.0282,6.329
da4022_9x6.75,da4022,2,9.0,6.75,da4022_9x6.75_static_0767rd.txt,3710.0,0.147485,0.076383,1.88640163396262,192.35943303397391,13.809625725735339,0.1366004895011137,13.929373384500693,0.1193,42.796,0.1286,44.686,0.1828,40.682,0.2233,37.035,0.2332,33.643,0.2301,30.338,0.2288,27.662,0.2302,25.566,0.231,23.829,0.2304,22.353,0.2299,21.112,0.23,20.013,0.2301,18.971,0.2303,18.002,0.2307,17.117,0.2308,16.205,0.2179,12.84,0.0282,6.329
da4022_9x6.75,da4022,2,9.0,6.75,da4022_9x6.75_static_0767rd.txt,3950.0,0.149582,0.077088,2.1687626191418903,221.15224048394614,16.82060192816635,0.128934899500253,13.147700743908777,0.1193,42.796,0.1286,44.686,0.1828,40.682,0.2233,37.035,0.2332,33.643,0.2301,30.338,0.2288,27.662,0.2302,25.566,0.231,23.829,0.2304,22.353,0.2299,21.112,0.23,20.013,0.2301,18.971,0.2303,18.002,0.2307,17.117,0.2308,16.205,0.2179,12.84,0.0282,6.329
da4022_9x6.75,da4022,2,9.0,6.75,da4022_9x6.75_static_0767rd.txt,4200.0,0.149532,0.076649,2.451157483844293,249.948502683821,20.105636768095508,0.12191394443840224,12.431762573192911,0.1193,42.796,0.1286,44.686,0.1828,40.682,0.2233,37.035,0.2332,33.643,0.2301,30.338,0.2288,27.662,0.2302,25.566,0.231,23.829,0.2304,22.353,0.2299,21.112,0.23,20.013,0.2301,18.971,0.2303,18.002,0.2307,17.117,0.2308,16.205,0.2179,12.84,0.0282,6.329
da4022_9x6.75,da4022,2,9.0,6.75,da4022_9x6.75_static_0767rd.txt,4450.0,0.150186,0.076846,2.7636813303628727,281.81706600754313,23.975339587553208,0.11527183255404805,11.754455655503975,0.1193,42.796,0.1286,44.686,0.1828,40.682,0.2233,37.035,0.2332,33.643,0.2301,30.338,0.2288,27.662,0.2302,25.566,0.231,23.829,0.2304,22.353,0.2299,21.112,0.23,20.013,0.2301,18.971,0.2303,18.002,0.2307,17.117,0.2308,16.205,0.2179,12.84,0.0282,6.329
da4022_9x6.75,da4022,2,9.0,6.75,da4022_9x6.75_static_0767rd.txt,4693.333,0.150883,0.076885,3.088456872523249,314.9349545995064,28.14162647107578,0.10974692154689755,11.191071522578818,0.1193,42.796,0.1286,44.686,0.1828,40.682,0.2233,37.035,0.2332,33.643,0.2301,30.338,0.2288,27.662,0.2302,25.566,0.231,23.829,0.2304,22.353,0.2299,21.112,0.23,20.013,0.2301,18.971,0.2303,18.002,0.2307,17.117,0.2308,16.205,0.2179,12.84,0.0282,6.329
da4022_9x6.75,da4022,2,9.0,6.75,da4022_9x6.75_static_0767rd.txt,4933.333,0.151599,0.077399,3.4285910836180973,349.6189915636938,32.90183434572508,0.1042066848793667,10.626124607217216,0.1193,42.796,0.1286,44.686,0.1828,40.682,0.2233,37.035,0.2332,33.643,0.2301,30.338,0.2288,27.662,0.2302,25.566,0.231,23.829,0.2304,22.353,0.2299,21.112,0.23,20.013,0.2301,18.971,0.2303,18.002,0.2307,17.117,0.2308,16.205,0.2179,12.84,0.0282,6.329
da4022_9x6.75,da4022,2,9.0,6.75,da4022_9x6.75_static_0767rd.txt,5183.333,0.153229,0.078077,3.825583458353703,390.1009476583444,38.49585038851817,0.09937651512420484,10.133584366139798,0.1193,42.796,0.1286,44.686,0.1828,40.682,0.2233,37.035,0.2332,33.643,0.2301,30.338,0.2288,27.662,0.2302,25.566,0.231,23.829,0.2304,22.353,0.2299,21.112,0.23,20.013,0.2301,18.971,0.2303,18.002,0.2307,17.117,0.2308,16.205,0.2179,12.84,0.0282,6.329
da4022_9x6.75,da4022,2,9.0,6.75,da4022_9x6.75_static_0767rd.txt,5463.333,0.153899,0.078517,4.268641032836724,435.2802468566457,45.33150966423893,0.09416498732236497,9.602156426747664,0.1193,42.796,0.1286,44.686,0.1828,40.682,0.2233,37.035,0.2332,33.643,0.2301,30.338,0.2288,27.662,0.2302,25.566,0.231,23.829,0.2304,22.353,0.2299,21.112,0.23,20.013,0.2301,18.971,0.2303,18.002,0.2307,17.117,0.2308,16.205,0.2179,12.84,0.0282,6.329
da4022_9x6.75,da4022,2,9.0,6.75,da4022_9x6.75_static_0767rd.txt,5710.0,0.15486,0.079018,4.691913140398472,478.4419899148509,52.083219940630464,0.09008492842314228,9.186106205803439,0.1193,42.796,0.1286,44.686,0.1828,40.682,0.2233,37.035,0.2332,33.643,0.2301,30.338,0.2288,27.662,0.2302,25.566,0.231,23.829,0.2304,22.353,0.2299,21.112,0.23,20.013,0.2301,18.971,0.2303,18.002,0.2307,17.117,0.2308,16.205,0.2179,12.84,0.0282,6.329
da4022_9x6.75,da4022,2,9.0,6.75,da4022_9x6.75_static_0767rd.txt,5940.0,0.156683,0.079983,5.137280278430007,523.8567990526844,59.34996844646632,0.08655910715544582,8.826572494730192,0.1193,42.796,0.1286,44.686,0.1828,40.682,0.2233,37.035,0.2332,33.643,0.2301,30.338,0.2288,27.662,0.2302,25.566,0.231,23.829,0.2304,22.353,0.2299,21.112,0.23,20.013,0.2301,18.971,0.2303,18.002,0.2307,17.117,0.2308,16.205,0.2179,12.84,0.0282,6.329
da4052_5x3.75,da4052,3,5.0,3.75,da4052_5x3.75_3b_static_1204ga.txt,1477.778,0.139069,0.116804,0.02688420492920415,2.741425963933061,0.07062951897062411,0.3806369535149418,38.814167275771226,0.1246,42.397,0.1476,43.441,0.2604,38.976,0.3446,36.442,0.3645,33.59,0.3572,30.501,0.3422,27.979,0.3208,26.144,0.292,24.601,0.2604,23.183,0.2318,21.909,0.2068,20.912,0.1833,20.115,0.1586,19.45,0.132,18.957,0.1038,18.64,0.0735,18.466,0.0162,15.278
da4052_5x3.75,da4052,3,5.0,3.75,da4052_5x3.75_3b_static_1204ga.txt,1980.0,0.143556,0.111732,0.04981959596035235,5.080184972478099,0.16250775317419122,0.30656750208681416,31.26118522500693,0.1246,42.397,0.1476,43.441,0.2604,38.976,0.3446,36.442,0.3645,33.59,0.3572,30.501,0.3422,27.979,0.3208,26.144,0.292,24.601,0.2604,23.183,0.2318,21.909,0.2068,20.912,0.1833,20.115,0.1586,19.45,0.132,18.957,0.1038,18.64,0.0735,18.466,0.0162,15.278
da4052_5x3.75,da4052,3,5.0,3.75,da4052_5x3.75_3b_static_1204ga.txt,2526.667,0.150364,0.111023,0.08497444926410856,8.664982360348189,0.33555052709804606,0.25323890860490134,25.82318208612537,0.1246,42.397,0.1476,43.441,0.2604,38.976,0.3446,36.442,0.3645,33.59,0.3572,30.501,0.3422,27.979,0.3208,26.144,0.292,24.601,0.2604,23.183,0.2318,21.909,0.2068,20.912,0.1833,20.115,0.1586,19.45,0.132,18.957,0.1038,18.64,0.0735,18.466,0.0162,15.278
da4052_5x3.75,da4052,3,5.0,3.75,da4052_5x3.75_3b_static_1204ga.txt,3060.0,0.147364,0.106184,0.12214697782581545,12.455525365523952,0.5700649022116462,0.21426854618119662,21.84931104721762,0.1246,42.397,0.1476,43.441,0.2604,38.976,0.3446,36.442,0.3645,33.59,0.3572,30.501,0.3422,27.979,0.3208,26.144,0.292,24.601,0.2604,23.183,0.2318,21.909,0.2068,20.912,0.1833,20.115,0.1586,19.45,0.132,18.957,0.1038,18.64,0.0735,18.466,0.0162,15.278
da4052_5x3.75,da4052,3,5.0,3.75,da4052_5x3.75_3b_static_1204ga.txt,3506.667,0.148414,0.104806,0.16155202075358538,16.473721480177776,0.8467801475574078,0.1907839020784706,19.454543812460994,0.1246,42.397,0.1476,43.441,0.2604,38.976,0.3446,36.442,0.3645,33.59,0.3572,30.501,0.3422,27.979,0.3208,26.144,0.292,24.601,0.2604,23.183,0.2318,21.909,0.2068,20.912,0.1833,20.115,0.1586,19.45,0.132,18.957,0.1038,18.64,0.0735,18.466,0.0162,15.278
da4052_5x3.75,da4052,3,5.0,3.75,da4052_5x3.75_3b_static_1204ga.txt,3946.667,0.148775,0.101791,0.20513482696135693,20.917930889891753,1.1724701000413373,0.17495953794823815,17.840907746094555,0.1246,42.397,0.1476,43.441,0.2604,38.976,0.3446,36.442,0.3645,33.59,0.3572,30.501,0.3422,27.979,0.3208,26.144,0.292,24.601,0.2604,23.183,0.2318,21.909,0.2068,20.912,0.1833,20.115,0.1586,19.45,0.132,18.957,0.1038,18.64,0.0735,18.466,0.0162,15.278
da4052_5x3.75,da4052,3,5.0,3.75,da4052_5x3.75_3b_static_1204ga.txt,4500.0,0.14659,0.099024,0.2627712482744967,26.79521021699528,1.6907482594242387,0.15541713369202573,15.848137100031687,0.1246,42.397,0.1476,43.441,0.2604,38.976,0.3446,36.442,0.3645,33.59,0.3572,30.501,0.3422,27.979,0.3208,26.144,0.292,24.601,0.2604,23.183,0.2318,21.909,0.2068,20.912,0.1833,20.115,0.1586,19.45,0.132,18.957,0.1038,18.64,0.0735,18.466,0.0162,15.278
da4052_5x3.75,da4052,3,5.0,3.75,da4052_5x3.75_3b_static_1204ga.txt,4997.778,0.149366,0.099282,0.330258606811245,33.677005584092946,2.3222145536942382,0.14221709457718332,14.502107710296924,0.1246,42.397,0.1476,43.441,0.2604,38.976,0.3446,36.442,0.3645,33.59,0.3572,30.501,0.3422,27.979,0.3208,26.144,0.292,24.601,0.2604,23.183,0.2318,21.909,0.2068,20.912,0.1833,20.115,0.1586,19.45,0.132,18.957,0.1038,18.64,0.0735,18.466,0.0162,15.278
da4052_5x3.75,da4052,3,5.0,3.75,da4052_5x3.75_3b_static_1204ga.txt,5433.334,0.151686,0.10309,0.39639373032599473,40.420911353621754,3.098251658662022,0.1279411016267081,13.046361563501106,0.1246,42.397,0.1476,43.441,0.2604,38.976,0.3446,36.442,0.3645,33.59,0.3572,30.501,0.3422,27.979,0.3208,26.144,0.292,24.601,0.2604,23.183,0.2318,21.909,0.2068,20.912,0.1833,20.115,0.1586,19.45,0.132,18.957,0.1038,18.64,0.0735,18.466,0.0162,15.278
da4052_5x3.75,da4052,3,5.0,3.75,da4052_5x3.75_3b_static_1204ga.txt,5937.778,0.151365,0.099086,0.4724130102256656,48.17272057488191,3.886736581774315,0.12154490027466865,12.394130541486508,0.1246,42.397,0.1476,43.441,0.2604,38.976,0.3446,36.442,0.3645,33.59,0.3572,30.501,0.3422,27.979,0.3208,26.144,0.292,24.601,0.2604,23.183,0.2318,21.909,0.2068,20.912,0.1833,20.115,0.1586,19.45,0.132,18.957,0.1038,18.64,0.0735,18.466,0.0162,15.278
da4052_5x3.75,da4052,3,5.0,3.75,da4052_5x3.75_3b_static_1204ga.txt,6451.111,0.150682,0.097056,0.5551097774494735,56.60544400477978,4.882327126061476,0.1136977845024643,11.59394742368335,0.1246,42.397,0.1476,43.441,0.2604,38.976,0.3446,36.442,0.3645,33.59,0.3572,30.501,0.3422,27.979,0.3208,26.144,0.292,24.601,0.2604,23.183,0.2318,21.909,0.2068,20.912,0.1833,20.115,0.1586,19.45,0.132,18.957,0.1038,18.64,0.0735,18.466,0.0162,15.278
da4052_5x3.75,da4052,3,5.0,3.75,da4052_5x3.75_3b_static_1204ga.txt,6913.334,0.150248,0.095101,0.6356707818585181,64.8203802377487,5.887740272443666,0.10796515342798696,11.009381738716787,0.1246,42.397,0.1476,43.441,0.2604,38.976,0.3446,36.442,0.3645,33.59,0.3572,30.501,0.3422,27.979,0.3208,26.144,0.292,24.601,0.2604,23.183,0.2318,21.909,0.2068,20.912,0.1833,20.115,0.1586,19.45,0.132,18.957,0.1038,18.64,0.0735,18.466,0.0162,15.278
da4052_5x3.75,da4052,3,5.0,3.75,da4052_5x3.75_3b_static_1204ga.txt,7440.0,0.149289,0.104993,0.7315131739385262,74.59358434720586,8.101773436409033,0.09029049993562353,9.207068666223792,0.1246,42.397,0.1476,43.441,0.2604,38.976,0.3446,36.442,0.3645,33.59,0.3572,30.501,0.3422,27.979,0.3208,26.144,0.292,24.601,0.2604,23.183,0.2318,21.909,0.2068,20.912,0.1833,20.115,0.1586,19.45,0.132,18.957,0.1038,18.64,0.0735,18.466,0.0162,15.278
da4052_5x3.75,da4052,3,5.0,3.75,da4052_5x3.75_3b_static_1204ga.txt,7946.667,0.149294,0.094482,0.8345663215746187,85.10208089149901,8.883928690524783,0.09394113242542472,9.579329579971217,0.1246,42.397,0.1476,43.441,0.2604,38.976,0.3446,36.442,0.3645,33.59,0.3572,30.501,0.3422,27.979,0.3208,26.144,0.292,24.601,0.2604,23.183,0.2318,21.909,0.2068,20.912,0.1833,20.115,0.1586,19.45,0.132,18.957,0.1038,18.64,0.0735,18.466,0.0162,15.278
da4052_5x3.75,da4052,4,5.0,3.75,da4052_5x3.75_4b_static_1214rd.txt,1490.0,0.162065,0.128034,0.031850059070541475,3.247802161853587,0.07935696709351447,0.4013517683079959,40.92649052510245,0.1246,42.397,0.1476,43.441,0.2604,38.976,0.3446,36.442,0.3645,33.59,0.3572,30.501,0.3422,27.979,0.3208,26.144,0.292,24.601,0.2604,23.183,0.2318,21.909,0.2068,20.912,0.1833,20.115,0.1586,19.45,0.132,18.957,0.1038,18.64,0.0735,18.466,0.0162,15.278
da4052_5x3.75,da4052,4,5.0,3.75,da4052_5x3.75_4b_static_1214rd.txt,2035.0,0.16863,0.12936,0.061817599835009125,6.3036408799140515,0.20426510890504573,0.30263416090187745,30.86009604726155,0.1246,42.397,0.1476,43.441,0.2604,38.976,0.3446,36.442,0.3645,33.59,0.3572,30.501,0.3422,27.979,0.3208,26.144,0.292,24.601,0.2604,23.183,0.2318,21.909,0.2068,20.912,0.1833,20.115,0.1586,19.45,0.132,18.957,0.1038,18.64,0.0735,18.466,0.0162,15.278
da4052_5x3.75,da4052,4,5.0,3.75,da4052_5x3.75_4b_static_1214rd.txt,2418.333,0.174804,0.129163,0.0904965540641305,9.22808033978275,0.3422846099371449,0.264389783930831,26.960254921999972,0.1246,42.397,0.1476,43.441,0.2604,38.976,0.3446,36.442,0.3645,33.59,0.3572,30.501,0.3422,27.979,0.3208,26.144,0.292,24.601,0.2604,23.183,0.2318,21.909,0.2068,20.912,0.1833,20.115,0.1586,19.45,0.132,18.957,0.1038,18.64,0.0735,18.466,0.0162,15.278
da4052_5x3.75,da4052,4,5.0,3.75,da4052_5x3.75_4b_static_1214rd.txt,2968.333,0.168181,0.125154,0.13117487011073656,13.376114178719194,0.6133149311979808,0.21387848793198994,21.809536175145432,0.1246,42.397,0.1476,43.441,0.2604,38.976,0.3446,36.442,0.3645,33.59,0.3572,30.501,0.3422,27.979,0.3208,26.144,0.292,24.601,0.2604,23.183,0.2318,21.909,0.2068,20.912,0.1833,20.115,0.1586,19.45,0.132,18.957,0.1038,18.64,0.0735,18.466,0.0162,15.278
da4052_5x3.75,da4052,4,5.0,3.75,da4052_5x3.75_4b_static_1214rd.txt,3475.0,0.172676,0.122558,0.18458230685893365,18.822157093292173,0.9636227270533527,0.1915503875913814,19.53270358291378,0.1246,42.397,0.1476,43.441,0.2604,38.976,0.3446,36.442,0.3645,33.59,0.3572,30.501,0.3422,27.979,0.3208,26.144,0.292,24.601,0.2604,23.183,0.2318,21.909,0.2068,20.912,0.1833,20.115,0.1586,19.45,0.132,18.957,0.1038,18.64,0.0735,18.466,0.0162,15.278
da4052_5x3.75,da4052,4,5.0,3.75,da4052_5x3.75_4b_static_1214rd.txt,3938.333,0.173788,0.122776,0.23861246431052702,24.33169984760617,1.4052439555373126,0.1698014521751069,17.314929377015282,0.1246,42.397,0.1476,43.441,0.2604,38.976,0.3446,36.442,0.3645,33.59,0.3572,30.501,0.3422,27.979,0.3208,26.144,0.292,24.601,0.2604,23.183,0.2318,21.909,0.2068,20.912,0.1833,20.115,0.1586,19.45,0.132,18.957,0.1038,18.64,0.0735,18.466,0.0162,15.278
da4052_5x3.75,da4052,4,5.0,3.75,da4052_5x3.75_4b_static_1214rd.txt,4473.333,0.172653,0.120277,0.3058335023861696,31.186338085500104,2.0173312484306467,0.15160301642285484,15.459205378274422,0.1246,42.397,0.1476,43.441,0.2604,38.976,0.3446,36.442,0.3645,33.59,0.3572,30.501,0.3422,27.979,0.3208,26.144,0.292,24.601,0.2604,23.183,0.2318,21.909,0.2068,20.912,0.1833,20.115,0.1586,19.45,0.132,18.957,0.1038,18.64,0.0735,18.466,0.0162,15.278
da4052_5x3.75,da4052,4,5.0,3.75,da4052_5x3.75_4b_static_1214rd.txt,4915.0,0.176175,0.119645,0.3767383195473877,38.41661724925308,2.661742646108691,0.14153822124695514,14.432881896157726,0.1246,42.397,0.1476,43.441,0.2604,38.976,0.3446,36.442,0.3645,33.59,0.3572,30.501,0.3422,27.979,0.3208,26.144,0.292,24.601,0.2604,23.183,0.2318,21.909,0.2068,20.912,0.1833,20.115,0.1586,19.45,0.132,18.957,0.1038,18.64,0.0735,18.466,0.0162,15.278
da4052_5x3.75,da4052,4,5.0,3.75,da4052_5x3.75_4b_static_1214rd.txt,5445.0,0.174646,0.116896,0.4583559603426081,46.73930040764259,3.5358533568790573,0.12963093038088513,13.218676141280167,0.1246,42.397,0.1476,43.441,0.2604,38.976,0.3446,36.442,0.3645,33.59,0.3572,30.501,0.3422,27.979,0.3208,26.144,0.292,24.601,0.2604,23.183,0.2318,21.909,0.2068,20.912,0.1833,20.115,0.1586,19.45,0.132,18.957,0.1038,18.64,0.0735,18.466,0.0162,15.278
da4052_5x3.75,da4052,4,5.0,3.75,da4052_5x3.75_4b_static_1214rd.txt,5955.0,0.174946,0.117619,0.5491816537423737,56.000943619112924,4.653971532773715,0.11800279607964588,12.032936433914323,0.1246,42.397,0.1476,43.441,0.2604,38.976,0.3446,36.442,0.3645,33.59,0.3572,30.501,0.3422,27.979,0.3208,26.144,0.292,24.601,0.2604,23.183,0.2318,21.909,0.2068,20.912,0.1833,20.115,0.1586,19.45,0.132,18.957,0.1038,18.64,0.0735,18.466,0.0162,15.278
da4052_5x3.75,da4052,4,5.0,3.75,da4052_5x3.75_4b_static_1214rd.txt,6441.667,0.174106,0.115207,0.639526802415899,65.21358490574244,5.769984162046862,0.11083683844792934,11.302212116056895,0.1246,42.397,0.1476,43.441,0.2604,38.976,0.3446,36.442,0.3645,33.59,0.3572,30.501,0.3422,27.979,0.3208,26.144,0.292,24.601,0.2604,23.183,0.2318,21.909,0.2068,20.912,0.1833,20.115,0.1586,19.45,0.132,18.957,0.1038,18.64,0.0735,18.466,0.0162,15.278
da4052_5x3.75,da4052,4,5.0,3.75,da4052_5x3.75_4b_static_1214rd.txt,6935.0,0.174561,0.114033,0.7431707766233318,75.78232899342098,7.126411374354135,0.10428401303042727,10.634009884152823,0.1246,42.397,0.1476,43.441,0.2604,38.976,0.3446,36.442,0.3645,33.59,0.3572,30.501,0.3422,27.979,0.3208,26.144,0.292,24.601,0.2604,23.183,0.2318,21.909,0.2068,20.912,0.1833,20.115,0.1586,19.45,0.132,18.957,0.1038,18.64,0.0735,18.466,0.0162,15.278
da4052_5x3.75,da4052,2,5.0,3.75,da4052_5x3.75_static_1131ga.txt,1543.333,0.12063,0.085647,0.025434492974091238,2.593596485455404,0.05899185124573263,0.4311526496794102,43.965334714648755,0.1246,42.397,0.1476,43.441,0.2604,38.976,0.3446,36.442,0.3645,33.59,0.3572,30.501,0.3422,27.979,0.3208,26.144,0.292,24.601,0.2604,23.183,0.2318,21.909,0.2068,20.912,0.1833,20.115,0.1586,19.45,0.132,18.957,0.1038,18.64,0.0735,18.466,0.0162,15.278
da4052_5x3.75,da4052,2,5.0,3.75,da4052_5x3.75_static_1131ga.txt,2113.333,0.118542,0.080863,0.046865860050379765,4.778987732852683,0.14300611084130987,0.3277192825863615,33.41806657588081,0.1246,42.397,0.1476,43.441,0.2604,38.976,0.3446,36.442,0.3645,33.59,0.3572,30.501,0.3422,27.979,0.3208,26.144,0.292,24.601,0.2604,23.183,0.2318,21.909,0.2068,20.912,0.1833,20.115,0.1586,19.45,0.132,18.957,0.1038,18.64,0.0735,18.466,0.0162,15.278
da4052_5x3.75,da4052,2,5.0,3.75,da4052_5x3.75_static_1131ga.txt,2540.0,0.116931,0.081453,0.06677986992663189,6.809651606474372,0.25009739988615914,0.2670154506085595,27.22799841011554,0.1246,42.397,0.1476,43.441,0.2604,38.976,0.3446,36.442,0.3645,33.59,0.3572,30.501,0.3422,27.979,0.3208,26.144,0.292,24.601,0.2604,23.183,0.2318,21.909,0.2068,20.912,0.1833,20.115,0.1586,19.45,0.132,18.957,0.1038,18.64,0.0735,18.466,0.0162,15.278
da4052_5x3.75,da4052,2,5.0,3.75,da4052_5x3.75_static_1131ga.txt,2996.667,0.1194,0.079965,0.09491388914400753,9.678523159693427,0.40319611599113186,0.2354037784086569,24.0045049439571,0.1246,42.397,0.1476,43.441,0.2604,38.976,0.3446,36.442,0.3645,33.59,0.3572,30.501,0.3422,27.979,0.3208,26.144,0.292,24.601,0.2604,23.183,0.2318,21.909,0.2068,20.912,0.1833,20.115,0.1586,19.45,0.132,18.957,0.1038,18.64,0.0735,18.466,0.0162,15.278
da4052_5x3.75,da4052,2,5.0,3.75,da4052_5x3.75_static_1131ga.txt,3413.333,0.120626,0.081133,0.12440754427663556,12.686038991565475,0.6045531045615964,0.20578431131679017,20.984159862622832,0.1246,42.397,0.1476,43.441,0.2604,38.976,0.3446,36.442,0.3645,33.59,0.3572,30.501,0.3422,27.979,0.3208,26.144,0.292,24.601,0.2604,23.183,0.2318,21.909,0.2068,20.912,0.1833,20.115,0.1586,19.45,0.132,18.957,0.1038,18.64,0.0735,18.466,0.0162,15.278
da4052_5x3.75,da4052,2,5.0,3.75,da4052_5x3.75_static_1131ga.txt,3986.667,0.117792,0.07748,0.16572353556500563,16.899097608766056,0.9198572551847998,0.1801622312928452,18.371434821559372,0.1246,42.397,0.1476,43.441,0.2604,38.976,0.3446,36.442,0.3645,33.59,0.3572,30.501,0.3422,27.979,0.3208,26.144,0.292,24.601,0.2604,23.183,0.2318,21.909,0.2068,20.912,0.1833,20.115,0.1586,19.45,0.132,18.957,0.1038,18.64,0.0735,18.466,0.0162,15.278
da4052_5x3.75,da4052,2,5.0,3.75,da4052_5x3.75_static_1131ga.txt,4506.667,0.114311,0.073976,0.20551684952253005,20.95688634982691,1.2686978210368525,0.16199038582297706,16.518422277023966,0.1246,42.397,0.1476,43.441,0.2604,38.976,0.3446,36.442,0.3645,33.59,0.3572,30.501,0.3422,27.979,0.3208,26.144,0.292,24.601,0.2604,23.183,0.2318,21.909,0.2068,20.912,0.1833,20.115,0.1586,19.45,0.132,18.957,0.1038,18.64,0.0735,18.466,0.0162,15.278
da4052_5x3.75,da4052,2,5.0,3.75,da4052_5x3.75_static_1131ga.txt,5000.0,0.118171,0.078325,0.2615166781612741,26.667279668518212,1.8344731467934097,0.14255683089087212,14.536751173017507,0.1246,42.397,0.1476,43.441,0.2604,38.976,0.3446,36.442,0.3645,33.59,0.3572,30.501,0.3422,27.979,0.3208,26.144,0.292,24.601,0.2604,23.183,0.2318,21.909,0.2068,20.912,0.1833,20.115,0.1586,19.45,0.132,18.957,0.1038,18.64,0.0735,18.466,0.0162,15.278
da4052_5x3.75,da4052,2,5.0,3.75,da4052_5x3.75_static_1131ga.txt,5406.667,0.115994,0.074175,0.30015338171854367,30.60712697185519,2.1965817100775036,0.13664567101760725,13.933980616990233,0.1246,42.397,0.1476,43.441,0.2604,38.976,0.3446,36.442,0.3645,33.59,0.3572,30.501,0.3422,27.979,0.3208,26.144,0.292,24.601,0.2604,23.183,0.2318,21.909,0.2068,20.912,0.1833,20.115,0.1586,19.45,0.132,18.957,0.1038,18.64,0.0735,18.466,0.0162,15.278
da4052_5x3.75,da4052,2,5.0,3.75,da4052_5x3.75_static_1131ga.txt,5983.333,0.115878,0.074215,0.3672280196431297,37.44683654898765,2.9786683863183967,0.12328596943851804,12.571670186915822,0.1246,42.397,0.1476,43.441,0.2604,38.976,0.3446,36.442,0.3645,33.59,0.3572,30.501,0.3422,27.979,0.3208,26.144,0.292,24.601,0.2604,23.183,0.2318,21.909,0.2068,20.912,0.1833,20.115,0.1586,19.45,0.132,18.957,0.1038,18.64,0.0735,18.466,0.0162,15.278
da4052_5x3.75,da4052,2,5.0,3.75,da4052_5x3.75_static_1131ga.txt,6426.667,0.115762,0.072541,0.4232393979198173,43.158407602985456,3.6077951683920597,0.11731247982918297,11.962543766646407,0.1246,42.397,0.1476,43.441,0.2604,38.976,0.3446,36.442,0.3645,33.59,0.3572,30.501,0.3422,27.979,0.3208,26.144,0.292,24.601,0.2604,23.183,0.2318,21.909,0.2068,20.912,0.1833,20.115,0.1586,19.45,0.132,18.957,0.1038,18.64,0.0735,18.466,0.0162,15.278
da4052_5x3.75,da4052,2,5.0,3.75,da4052_5x3.75_static_1131ga.txt,6963.333,0.116095,0.071011,0.4983062296114784,50.81309413627268,4.492396335462452,0.11092214319513781,11.310910779434142,0.1246,42.397,0.1476,43.441,0.2604,38.976,0.3446,36.442,0.3645,33.59,0.3572,30.501,0.3422,27.979,0.3208,26.144,0.292,24.601,0.2604,23.183,0.2318,21.909,0.2068,20.912,0.1833,20.115,0.1586,19.45,0.132,18.957,0.1038,18.64,0.0735,18.466,0.0162,15.278
da4052_5x3.75,da4052,2,5.0,3.75,da4052_5x3.75_static_1131ga.txt,7363.333,0.118512,0.074317,0.5688001235397371,58.00147079173185,5.559201766984023,0.10231686982793618,10.433417102469875,0.1246,42.397,0.1476,43.441,0.2604,38.976,0.3446,36.442,0.3645,33.59,0.3572,30.501,0.3422,27.979,0.3208,26.144,0.292,24.601,0.2604,23.183,0.2318,21.909,0.2068,20.912,0.1833,20.115,0.1586,19.45,0.132,18.957,0.1038,18.64,0.0735,18.466,0.0162,15.278
da4052_5x3.75,da4052,2,5.0,3.75,da4052_5x3.75_static_1131ga.txt,7936.667,0.1175,0.073174,0.6551830542099303,66.81007828462629,6.854443724015969,0.09558515330928463,9.746973054945842,0.1246,42.397,0.1476,43.441,0.2604,38.976,0.3446,36.442,0.3645,33.59,0.3572,30.501,0.3422,27.979,0.3208,26.144,0.292,24.601,0.2604,23.183,0.2318,21.909,0.2068,20.912,0.1833,20.115,0.1586,19.45,0.132,18.957,0.1038,18.64,0.0735,18.466,0.0162,15.278
da4052_9x6.75,da4052,3,9.0,6.75,da4052_9x6.75_3b_static_1080ga.txt,1508.889,0.147827,0.095074,0.312756857329942,31.89232381393667,1.1563707863173147,0.27046416342458496,27.57966924735613,0.1201,43.597,0.1458,44.647,0.2626,40.856,0.3494,38.623,0.3712,35.889,0.3644,32.831,0.3487,30.158,0.3267,28.126,0.2974,26.423,0.2645,24.606,0.2345,22.675,0.209,21.162,0.185,20.031,0.1597,19.09,0.1326,18.222,0.104,17.376,0.074,16.81,0.015,12.073
da4052_9x6.75,da4052,3,9.0,6.75,da4052_9x6.75_3b_static_1080ga.txt,1780.0,0.150295,0.093499,0.44250993892574586,45.123455912645596,1.8669403439370271,0.2370241450739531,24.169736359914257,0.1201,43.597,0.1458,44.647,0.2626,40.856,0.3494,38.623,0.3712,35.889,0.3644,32.831,0.3487,30.158,0.3267,28.126,0.2974,26.423,0.2645,24.606,0.2345,22.675,0.209,21.162,0.185,20.031,0.1597,19.09,0.1326,18.222,0.104,17.376,0.074,16.81,0.015,12.073
da4052_9x6.75,da4052,3,9.0,6.75,da4052_9x6.75_3b_static_1080ga.txt,2006.667,0.149833,0.092185,0.5606561426284572,57.17101585439036,2.637239998055269,0.2125920064316829,21.67835157078951,0.1201,43.597,0.1458,44.647,0.2626,40.856,0.3494,38.623,0.3712,35.889,0.3644,32.831,0.3487,30.158,0.3267,28.126,0.2974,26.423,0.2645,24.606,0.2345,22.675,0.209,21.162,0.185,20.031,0.1597,19.09,0.1326,18.222,0.104,17.376,0.074,16.81,0.015,12.073
da4052_9x6.75,da4052,3,9.0,6.75,da4052_9x6.75_3b_static_1080ga.txt,2264.445,0.149252,0.090853,0.7111843729336139,72.52062354969475,3.7349781942162372,0.19041192102136267,19.416612300975633,0.1201,43.597,0.1458,44.647,0.2626,40.856,0.3494,38.623,0.3712,35.889,0.3644,32.831,0.3487,30.158,0.3267,28.126,0.2974,26.423,0.2645,24.606,0.2345,22.675,0.209,21.162,0.185,20.031,0.1597,19.09,0.1326,18.222,0.104,17.376,0.074,16.81,0.015,12.073
da4052_9x6.75,da4052,3,9.0,6.75,da4052_9x6.75_3b_static_1080ga.txt,2520.0,0.147207,0.088323,0.8686964281942062,88.58238319856488,5.004248897624182,0.17359177090624503,17.70143432326483,0.1201,43.597,0.1458,44.647,0.2626,40.856,0.3494,38.623,0.3712,35.889,0.3644,32.831,0.3487,30.158,0.3267,28.126,0.2974,26.423,0.2645,24.606,0.2345,22.675,0.209,21.162,0.185,20.031,0.1597,19.09,0.1326,18.222,0.104,17.376,0.074,16.81,0.015,12.073
da4052_9x6.75,da4052,3,9.0,6.75,da4052_9x6.75_3b_static_1080ga.txt,2804.445,0.146659,0.087026,1.0718674086838573,109.30005747975684,6.795998459111099,0.1577203725299336,16.083002098569196,0.1201,43.597,0.1458,44.647,0.2626,40.856,0.3494,38.623,0.3712,35.889,0.3644,32.831,0.3487,30.158,0.3267,28.126,0.2974,26.423,0.2645,24.606,0.2345,22.675,0.209,21.162,0.185,20.031,0.1597,19.09,0.1326,18.222,0.104,17.376,0.074,16.81,0.015,12.073
da4052_9x6.75,da4052,3,9.0,6.75,da4052_9x6.75_3b_static_1080ga.txt,3002.222,0.148975,0.087885,1.2477784835472925,127.23799498781874,8.419894196021778,0.14819408112477725,15.111590719030175,0.1201,43.597,0.1458,44.647,0.2626,40.856,0.3494,38.623,0.3712,35.889,0.3644,32.831,0.3487,30.158,0.3267,28.126,0.2974,26.423,0.2645,24.606,0.2345,22.675,0.209,21.162,0.185,20.031,0.1597,19.09,0.1326,18.222,0.104,17.376,0.074,16.81,0.015,12.073
da4052_9x6.75,da4052,3,9.0,6.75,da4052_9x6.75_3b_static_1080ga.txt,3220.0,0.150146,0.087975,1.4466517686303626,147.51742630055756,10.398970793264366,0.1391148987135717,14.18577176850114,0.1201,43.597,0.1458,44.647,0.2626,40.856,0.3494,38.623,0.3712,35.889,0.3644,32.831,0.3487,30.158,0.3267,28.126,0.2974,26.423,0.2645,24.606,0.2345,22.675,0.209,21.162,0.185,20.031,0.1597,19.09,0.1326,18.222,0.104,17.376,0.074,16.81,0.015,12.073
da4052_9x6.75,da4052,3,9.0,6.75,da4052_9x6.75_3b_static_1080ga.txt,3491.111,0.148367,0.08616,1.6803630469011988,171.34934426141433,12.979564784689092,0.12946220268366646,13.201470704436936,0.1201,43.597,0.1458,44.647,0.2626,40.856,0.3494,38.623,0.3712,35.889,0.3644,32.831,0.3487,30.158,0.3267,28.126,0.2974,26.423,0.2645,24.606,0.2345,22.675,0.209,21.162,0.185,20.031,0.1597,19.09,0.1326,18.222,0.104,17.376,0.074,16.81,0.015,12.073
da4052_9x6.75,da4052,3,9.0,6.75,da4052_9x6.75_3b_static_1080ga.txt,3720.0,0.148889,0.086006,1.9146393702595432,195.2388807859507,15.675486822671354,0.12214225892432334,12.455044171488057,0.1201,43.597,0.1458,44.647,0.2626,40.856,0.3494,38.623,0.3712,35.889,0.3644,32.831,0.3487,30.158,0.3267,28.126,0.2974,26.423,0.2645,24.606,0.2345,22.675,0.209,21.162,0.185,20.031,0.1597,19.09,0.1326,18.222,0.104,17.376,0.074,16.81,0.015,12.073
da4052_9x6.75,da4052,3,9.0,6.75,da4052_9x6.75_3b_static_1080ga.txt,3962.222,0.148195,0.08523,2.1619699504846923,220.459581048033,18.77035002929989,0.11518005509273557,11.745096958975347,0.1201,43.597,0.1458,44.647,0.2626,40.856,0.3494,38.623,0.3712,35.889,0.3644,32.831,0.3487,30.158,0.3267,28.126,0.2974,26.423,0.2645,24.606,0.2345,22.675,0.209,21.162,0.185,20.031,0.1597,19.09,0.1326,18.222,0.104,17.376,0.074,16.81,0.015,12.073
da4052_9x6.75,da4052,3,9.0,6.75,da4052_9x6.75_3b_static_1080ga.txt,4191.111,0.14835,0.085083,2.4214994182598972,246.9242216516239,22.17653814209696,0.10919194883998816,11.134480055879242,0.1201,43.597,0.1458,44.647,0.2626,40.856,0.3494,38.623,0.3712,35.889,0.3644,32.831,0.3487,30.158,0.3267,28.126,0.2974,26.423,0.2645,24.606,0.2345,22.675,0.209,21.162,0.185,20.031,0.1597,19.09,0.1326,18.222,0.104,17.376,0.074,16.81,0.015,12.073
da4052_9x6.75,da4052,3,9.0,6.75,da4052_9x6.75_3b_static_1080ga.txt,4420.0,0.148005,0.08448,2.6869489678306264,273.99254259412,25.827607692449718,0.10403398564150068,10.608514185935125,0.1201,43.597,0.1458,44.647,0.2626,40.856,0.3494,38.623,0.3712,35.889,0.3644,32.831,0.3487,30.158,0.3267,28.126,0.2974,26.423,0.2645,24.606,0.2345,22.675,0.209,21.162,0.185,20.031,0.1597,19.09,0.1326,18.222,0.104,17.376,0.074,16.81,0.015,12.073
da4052_9x6.75,da4052,3,9.0,6.75,da4052_9x6.75_3b_static_1080ga.txt,4695.555,0.14723,0.083572,3.016537079349176,307.60117668614424,30.632684583287595,0.09847446021740194,10.041600364793478,0.1201,43.597,0.1458,44.647,0.2626,40.856,0.3494,38.623,0.3712,35.889,0.3644,32.831,0.3487,30.158,0.3267,28.126,0.2974,26.423,0.2645,24.606,0.2345,22.675,0.209,21.162,0.185,20.031,0.1597,19.09,0.1326,18.222,0.104,17.376,0.074,16.81,0.015,12.073
da4052_9x6.75,da4052,3,9.0,6.75,da4052_9x6.75_3b_static_1080ga.txt,4946.667,0.147316,0.083534,3.3497605323181943,341.58051243984386,35.79849527737998,0.09357266293912667,9.541756149054638,0.1201,43.597,0.1458,44.647,0.2626,40.856,0.3494,38.623,0.3712,35.889,0.3644,32.831,0.3487,30.158,0.3267,28.126,0.2974,26.423,0.2645,24.606,0.2345,22.675,0.209,21.162,0.185,20.031,0.1597,19.09,0.1326,18.222,0.104,17.376,0.074,16.81,0.015,12.073
da4052_9x6.75,da4052,3,9.0,6.75,da4052_9x6.75_3b_static_1080ga.txt,5182.222,0.147155,0.083114,3.672362488261724,374.4767569212447,40.9529973120148,0.08967261810613128,9.14406225430002,0.1201,43.597,0.1458,44.647,0.2626,40.856,0.3494,38.623,0.3712,35.889,0.3644,32.831,0.3487,30.158,0.3267,28.126,0.2974,26.423,0.2645,24.606,0.2345,22.675,0.209,21.162,0.185,20.031,0.1597,19.09,0.1326,18.222,0.104,17.376,0.074,16.81,0.015,12.073
da4052_9x6.75,da4052,3,9.0,6.75,da4052_9x6.75_3b_static_1080ga.txt,5437.778,0.146443,0.082245,4.0239266535665,410.32632484757795,46.82064505682904,0.08594342621043383,8.763790510565162,0.1201,43.597,0.1458,44.647,0.2626,40.856,0.3494,38.623,0.3712,35.889,0.3644,32.831,0.3487,30.158,0.3267,28.126,0.2974,26.423,0.2645,24.606,0.2345,22.675,0.209,21.162,0.185,20.031,0.1597,19.09,0.1326,18.222,0.104,17.376,0.074,16.81,0.015,12.073
da4052_9x6.75,da4052,3,9.0,6.75,da4052_9x6.75_3b_static_1080ga.txt,5700.0,0.145621,0.081547,4.396551984631342,448.3235339928867,53.46825657981079,0.08222733011817421,8.384854167139055,0.1201,43.597,0.1458,44.647,0.2626,40.856,0.3494,38.623,0.3712,35.889,0.3644,32.831,0.3487,30.158,0.3267,28.126,0.2974,26.423,0.2645,24.606,0.2345,22.675,0.209,21.162,0.185,20.031,0.1597,19.09,0.1326,18.222,0.104,17.376,0.074,16.81,0.015,12.073
da4052_9x6.75,da4052,2,9.0,6.75,da4052_9x6.75_static_1041rd.txt,1460.0,0.107294,0.066613,0.21252970536714014,21.671998630229503,0.7339745955320882,0.2895600292719514,29.526905647897237,0.1201,43.597,0.1458,44.647,0.2626,40.856,0.3494,38.623,0.3712,35.889,0.3644,32.831,0.3487,30.158,0.3267,28.126,0.2974,26.423,0.2645,24.606,0.2345,22.675,0.209,21.162,0.185,20.031,0.1597,19.09,0.1326,18.222,0.104,17.376,0.074,16.81,0.015,12.073
da4052_9x6.75,da4052,2,9.0,6.75,da4052_9x6.75_static_1041rd.txt,1753.333,0.114292,0.068237,0.32649996452564123,33.293730736351485,1.3021967692469412,0.25073012945229145,25.567357808455636,0.1201,43.597,0.1458,44.647,0.2626,40.856,0.3494,38.623,0.3712,35.889,0.3644,32.831,0.3487,30.158,0.3267,28.126,0.2974,26.423,0.2645,24.606,0.2345,22.675,0.209,21.162,0.185,20.031,0.1597,19.09,0.1326,18.222,0.104,17.376,0.074,16.81,0.015,12.073
da4052_9x6.75,da4052,2,9.0,6.75,da4052_9x6.75_static_1041rd.txt,1996.667,0.109946,0.064553,0.4073138766831126,41.534456382466246,1.819268578217464,0.22388880979970668,22.83030492570926,0.1201,43.597,0.1458,44.647,0.2626,40.856,0.3494,38.623,0.3712,35.889,0.3644,32.831,0.3487,30.158,0.3267,28.126,0.2974,26.423,0.2645,24.606,0.2345,22.675,0.209,21.162,0.185,20.031,0.1597,19.09,0.1326,18.222,0.104,17.376,0.074,16.81,0.015,12.073
da4052_9x6.75,da4052,2,9.0,6.75,da4052_9x6.75_static_1041rd.txt,2243.333,0.111298,0.064328,0.5204911413966735,53.07532555935754,2.5712526474854887,0.20242707067532967,20.64181659132626,0.1201,43.597,0.1458,44.647,0.2626,40.856,0.3494,38.623,0.3712,35.889,0.3644,32.831,0.3487,30.158,0.3267,28.126,0.2974,26.423,0.2645,24.606,0.2345,22.675,0.209,21.162,0.185,20.031,0.1597,19.09,0.1326,18.222,0.104,17.376,0.074,16.81,0.015,12.073
da4052_9x6.75,da4052,2,9.0,6.75,da4052_9x6.75_static_1041rd.txt,2440.0,0.115019,0.065906,0.6363378148483471,64.88839867318066,3.3896737557106524,0.18772833632626024,19.142962818726094,0.1201,43.597,0.1458,44.647,0.2626,40.856,0.3494,38.623,0.3712,35.889,0.3644,32.831,0.3487,30.158,0.3267,28.126,0.2974,26.423,0.2645,24.606,0.2345,22.675,0.209,21.162,0.185,20.031,0.1597,19.09,0.1326,18.222,0.104,17.376,0.074,16.81,0.015,12.073
da4052_9x6.75,da4052,2,9.0,6.75,da4052_9x6.75_static_1041rd.txt,2726.667,0.114154,0.06509,0.7886672924947861,80.42168248023394,4.671690311951393,0.1688184018699123,17.214686143577296,0.1201,43.597,0.1458,44.647,0.2626,40.856,0.3494,38.623,0.3712,35.889,0.3644,32.831,0.3487,30.158,0.3267,28.126,0.2974,26.423,0.2645,24.606,0.2345,22.675,0.209,21.162,0.185,20.031,0.1597,19.09,0.1326,18.222,0.104,17.376,0.074,16.81,0.015,12.073
da4052_9x6.75,da4052,2,9.0,6.75,da4052_9x6.75_static_1041rd.txt,3006.667,0.115517,0.06495,0.9704095363828488,98.95423374779857,6.250267664289566,0.1552588766601486,15.8319993739094,0.1201,43.597,0.1458,44.647,0.2626,40.856,0.3494,38.623,0.3712,35.889,0.3644,32.831,0.3487,30.158,0.3267,28.126,0.2974,26.423,0.2645,24.606,0.2345,22.675,0.209,21.162,0.185,20.031,0.1597,19.09,0.1326,18.222,0.104,17.376,0.074,16.81,0.015,12.073
da4052_9x6.75,da4052,2,9.0,6.75,da4052_9x6.75_static_1041rd.txt,3210.0,0.114315,0.063982,1.0945907598540934,111.6171944399049,7.492666052169193,0.14608828849875133,14.896859630837374,0.1201,43.597,0.1458,44.647,0.2626,40.856,0.3494,38.623,0.3712,35.889,0.3644,32.831,0.3487,30.158,0.3267,28.126,0.2974,26.423,0.2645,24.606,0.2345,22.675,0.209,21.162,0.185,20.031,0.1597,19.09,0.1326,18.222,0.104,17.376,0.074,16.81,0.015,12.073
da4052_9x6.75,da4052,2,9.0,6.75,da4052_9x6.75_static_1041rd.txt,3420.0,0.116555,0.064905,1.2668395489986626,129.1816827355583,9.192210059910554,0.13781664482665115,14.05338671479569,0.1201,43.597,0.1458,44.647,0.2626,40.856,0.3494,38.623,0.3712,35.889,0.3644,32.831,0.3487,30.158,0.3267,28.126,0.2974,26.423,0.2645,24.606,0.2345,22.675,0.209,21.162,0.185,20.031,0.1597,19.09,0.1326,18.222,0.104,17.376,0.074,16.81,0.015,12.073
da4052_9x6.75,da4052,2,9.0,6.75,da4052_9x6.75_static_1041rd.txt,3770.0,0.114617,0.063254,1.5138060255630212,154.3652547570293,11.999841582973689,0.12615216751785518,12.863941052026451,0.1201,43.597,0.1458,44.647,0.2626,40.856,0.3494,38.623,0.3712,35.889,0.3644,32.831,0.3487,30.158,0.3267,28.126,0.2974,26.423,0.2645,24.606,0.2345,22.675,0.209,21.162,0.185,20.031,0.1597,19.09,0.1326,18.222,0.104,17.376,0.074,16.81,0.015,12.073
da4052_9x6.75,da4052,2,9.0,6.75,da4052_9x6.75_static_1041rd.txt,3980.0,0.114711,0.06292,1.6885335806969337,172.18250683943384,14.044342045229913,0.12022874231195724,12.259919780144825,0.1201,43.597,0.1458,44.647,0.2626,40.856,0.3494,38.623,0.3712,35.889,0.3644,32.831,0.3487,30.158,0.3267,28.126,0.2974,26.423,0.2645,24.606,0.2345,22.675,0.209,21.162,0.185,20.031,0.1597,19.09,0.1326,18.222,0.104,17.376,0.074,16.81,0.015,12.073
da4052_9x6.75,da4052,2,9.0,6.75,da4052_9x6.75_static_1041rd.txt,4213.333,0.114012,0.062267,1.8807913816132753,191.78734650602146,16.48916882365699,0.11406223089394939,11.631110613099214,0.1201,43.597,0.1458,44.647,0.2626,40.856,0.3494,38.623,0.3712,35.889,0.3644,32.831,0.3487,30.158,0.3267,28.126,0.2974,26.423,0.2645,24.606,0.2345,22.675,0.209,21.162,0.185,20.031,0.1597,19.09,0.1326,18.222,0.104,17.376,0.074,16.81,0.015,12.073
da4052_9x6.75,da4052,2,9.0,6.75,da4052_9x6.75_static_1041rd.txt,4460.0,0.114474,0.062057,2.115997099156513,215.77165486241614,19.492108528603683,0.1085566036148113,11.069692873184147,0.1201,43.597,0.1458,44.647,0.2626,40.856,0.3494,38.623,0.3712,35.889,0.3644,32.831,0.3487,30.158,0.3267,28.126,0.2974,26.423,0.2645,24.606,0.2345,22.675,0.209,21.162,0.185,20.031,0.1597,19.09,0.1326,18.222,0.104,17.376,0.074,16.81,0.015,12.073
da4052_9x6.75,da4052,2,9.0,6.75,da4052_9x6.75_static_1041rd.txt,4700.0,0.114813,0.061826,2.356813802986277,240.32812458752755,22.726271527393877,0.10370437579896957,10.574903335896519,0.1201,43.597,0.1458,44.647,0.2626,40.856,0.3494,38.623,0.3712,35.889,0.3644,32.831,0.3487,30.158,0.3267,28.126,0.2974,26.423,0.2645,24.606,0.2345,22.675,0.209,21.162,0.185,20.031,0.1597,19.09,0.1326,18.222,0.104,17.376,0.074,16.81,0.015,12.073
da4052_9x6.75,da4052,2,9.0,6.75,da4052_9x6.75_static_1041rd.txt,4940.0,0.115366,0.061923,2.6161956844675953,266.77771557744956,26.429947665772367,0.09898603347806295,10.093766319595678,0.1201,43.597,0.1458,44.647,0.2626,40.856,0.3494,38.623,0.3712,35.889,0.3644,32.831,0.3487,30.158,0.3267,28.126,0.2974,26.423,0.2645,24.606,0.2345,22.675,0.209,21.162,0.185,20.031,0.1597,19.09,0.1326,18.222,0.104,17.376,0.074,16.81,0.015,12.073
da4052_9x6.75,da4052,2,9.0,6.75,da4052_9x6.75_static_1041rd.txt,5193.333,0.114147,0.061082,2.860851634051459,291.7256794166672,30.291112834878216,0.09444524701507095,9.630734961997314,0.1201,43.597,0.1458,44.647,0.2626,40.856,0.3494,38.623,0.3712,35.889,0.3644,32.831,0.3487,30.158,0.3267,28.126,0.2974,26.423,0.2645,24.606,0.2345,22.675,0.209,21.162,0.185,20.031,0.1597,19.09,0.1326,18.222,0.104,17.376,0.074,16.81,0.015,12.073
da4052_9x6.75,da4052,2,9.0,6.75,da4052_9x6.75_static_1041rd.txt,5416.667,0.114733,0.061242,3.1281755435170386,318.98513187653674,34.45952168733562,0.09077826360737588,9.256806718642544,0.1201,43.597,0.1458,44.647,0.2626,40.856,0.3494,38.623,0.3712,35.889,0.3644,32.831,0.3487,30.158,0.3267,28.126,0.2974,26.423,0.2645,24.606,0.2345,22.675,0.209,21.162,0.185,20.031,0.1597,19.09,0.1326,18.222,0.104,17.376,0.074,16.81,0.015,12.073
da4052_9x6.75,da4052,2,9.0,6.75,da4052_9x6.75_static_1041rd.txt,5673.333,0.114687,0.060849,3.4302773503208726,349.79094291331626,39.33976304957976,0.08719618737910817,8.891536598033802,0.1201,43.597,0.1458,44.647,0.2626,40.856,0.3494,38.623,0.3712,35.889,0.3644,32.831,0.3487,30.158,0.3267,28.126,0.2974,26.423,0.2645,24.606,0.2345,22.675,0.209,21.162,0.185,20.031,0.1597,19.09,0.1326,18.222,0.104,17.376,0.074,16.81,0.015,12.073
da4052_9x6.75,da4052,2,9.0,6.75,da4052_9x6.75_static_1041rd.txt,5946.667,0.115379,0.060859,3.7915125868265935,386.6266856496963,45.31157297761575,0.0836764724257008,8.532625557728766,0.1201,43.597,0.1458,44.647,0.2626,40.856,0.3494,38.623,0.3712,35.889,0.3644,32.831,0.3487,30.158,0.3267,28.126,0.2974,26.423,0.2645,24.606,0.2345,22.675,0.209,21.162,0.185,20.031,0.1597,19.09,0.1326,18.222,0.104,17.376,0.074,16.81,0.015,12.073
ef_130x70,ef,2,5.118113,2.7559069999999997,ef_130x70_static_0350rd.txt,1530.0,0.084739,0.048691,0.01927853958302498,1.9658639375347322,0.0367217405760784,0.5249898093224801,53.53406202143241,0.1085,45.183,0.1265,40.121,0.1447,34.815,0.162,30.077,0.1768,26.358,0.187,23.644,0.1922,21.829,0.1924,20.462,0.1879,19.262,0.1805,18.146,0.1712,17.059,0.1607,16.002,0.1494,15.041,0.1369,13.964,0.1235,12.629,0.1098,11.234,0.0908,8.893,0.0389,1.758
ef_130x70,ef,2,5.118113,2.7559069999999997,ef_130x70_static_0350rd.txt,1963.333,0.087922,0.049362,0.032937711898484164,3.358711884128032,0.0786637993463701,0.41871498926022893,42.69704631655346,0.1085,45.183,0.1265,40.121,0.1447,34.815,0.162,30.077,0.1768,26.358,0.187,23.644,0.1922,21.829,0.1924,20.462,0.1879,19.262,0.1805,18.146,0.1712,17.059,0.1607,16.002,0.1494,15.041,0.1369,13.964,0.1235,12.629,0.1098,11.234,0.0908,8.893,0.0389,1.758
ef_130x70,ef,2,5.118113,2.7559069999999997,ef_130x70_static_0350rd.txt,2493.333,0.093456,0.048514,0.05646452698276992,5.75777936224602,0.15834640607011413,0.3565886235382445,36.361920078543086,0.1085,45.183,0.1265,40.121,0.1447,34.815,0.162,30.077,0.1768,26.358,0.187,23.644,0.1922,21.829,0.1924,20.462,0.1879,19.262,0.1805,18.146,0.1712,17.059,0.1607,16.002,0.1494,15.041,0.1369,13.964,0.1235,12.629,0.1098,11.234,0.0908,8.893,0.0389,1.758
ef_130x70,ef,2,5.118113,2.7559069999999997,ef_130x70_static_0350rd.txt,2940.0,0.093397,0.045801,0.07845769096671698,8.000457951157326,0.2450852773106696,0.32012404754637375,32.64356814471545,0.1085,45.183,0.1265,40.121,0.1447,34.815,0.162,30.077,0.1768,26.358,0.187,23.644,0.1922,21.829,0.1924,20.462,0.1879,19.262,0.1805,18.146,0.1712,17.059,0.1607,16.002,0.1494,15.041,0.1369,13.964,0.1235,12.629,0.1098,11.234,0.0908,8.893,0.0389,1.758
ef_130x70,ef,2,5.118113,2.7559069999999997,ef_130x70_static_0350rd.txt,3450.0,0.094061,0.044886,0.10880671959179242,11.095197604869393,0.3881221799730492,0.2803414110457378,28.58686820124485,0.1085,45.183,0.1265,40.121,0.1447,34.815,0.162,30.077,0.1768,26.358,0.187,23.644,0.1922,21.829,0.1924,20.462,0.1879,19.262,0.1805,18.146,0.1712,17.059,0.1607,16.002,0.1494,15.041,0.1369,13.964,0.1235,12.629,0.1098,11.234,0.0908,8.893,0.0389,1.758
ef_130x70,ef,2,5.118113,2.7559069999999997,ef_130x70_static_0350rd.txt,4063.333,0.095256,0.044234,0.1528498815112177,15.586350232874398,0.6248902249073757,0.2446027724851575,24.942541284246662,0.1085,45.183,0.1265,40.121,0.1447,34.815,0.162,30.077,0.1768,26.358,0.187,23.644,0.1922,21.829,0.1924,20.462,0.1879,19.262,0.1805,18.146,0.1712,17.059,0.1607,16.002,0.1494,15.041,0.1369,13.964,0.1235,12.629,0.1098,11.234,0.0908,8.893,0.0389,1.758
ef_130x70,ef,2,5.118113,2.7559069999999997,ef_130x70_static_0350rd.txt,4486.667,0.098944,0.044705,0.1935731305289303,19.7389659597243,0.850213278045997,0.22767596734528756,23.216487520742312,0.1085,45.183,0.1265,40.121,0.1447,34.815,0.162,30.077,0.1768,26.358,0.187,23.644,0.1922,21.829,0.1924,20.462,0.1879,19.262,0.1805,18.146,0.1712,17.059,0.1607,16.002,0.1494,15.041,0.1369,13.964,0.1235,12.629,0.1098,11.234,0.0908,8.893,0.0389,1.758
ef_130x70,ef,2,5.118113,2.7559069999999997,ef_130x70_static_0350rd.txt,4926.667,0.099403,0.044604,0.23448434034066468,23.910748353481026,1.1231395094551757,0.2087757917575269,21.28920597324539,0.1085,45.183,0.1265,40.121,0.1447,34.815,0.162,30.077,0.1768,26.358,0.187,23.644,0.1922,21.829,0.1924,20.462,0.1879,19.262,0.1805,18.146,0.1712,17.059,0.1607,16.002,0.1494,15.041,0.1369,13.964,0.1235,12.629,0.1098,11.234,0.0908,8.893,0.0389,1.758
ef_130x70,ef,2,5.118113,2.7559069999999997,ef_130x70_static_0350rd.txt,5413.333,0.102428,0.04557,0.291713222548043,29.746470257227802,1.5222063545178315,0.19163842121815672,19.541680514564785,0.1085,45.183,0.1265,40.121,0.1447,34.815,0.162,30.077,0.1768,26.358,0.187,23.644,0.1922,21.829,0.1924,20.462,0.1879,19.262,0.1805,18.146,0.1712,17.059,0.1607,16.002,0.1494,15.041,0.1369,13.964,0.1235,12.629,0.1098,11.234,0.0908,8.893,0.0389,1.758
ef_130x70,ef,2,5.118113,2.7559069999999997,ef_130x70_static_0350rd.txt,5963.333,0.103055,0.045336,0.35616818733235206,36.31904751697594,2.0244667861321193,0.1759318501899631,17.94005600179094,0.1085,45.183,0.1265,40.121,0.1447,34.815,0.162,30.077,0.1768,26.358,0.187,23.644,0.1922,21.829,0.1924,20.462,0.1879,19.262,0.1805,18.146,0.1712,17.059,0.1607,16.002,0.1494,15.041,0.1369,13.964,0.1235,12.629,0.1098,11.234,0.0908,8.893,0.0389,1.758
ef_130x70,ef,2,5.118113,2.7559069999999997,ef_130x70_static_0350rd.txt,6456.667,0.104479,0.045499,0.42330531283339057,43.16512905359023,2.5788571649738983,0.16414453603042997,16.738084466196916,0.1085,45.183,0.1265,40.121,0.1447,34.815,0.162,30.077,0.1768,26.358,0.187,23.644,0.1922,21.829,0.1924,20.462,0.1879,19.262,0.1805,18.146,0.1712,17.059,0.1607,16.002,0.1494,15.041,0.1369,13.964,0.1235,12.629,0.1098,11.234,0.0908,8.893,0.0389,1.758
ef_130x70,ef,2,5.118113,2.7559069999999997,ef_130x70_static_0350rd.txt,6936.667,0.106771,0.046841,0.4993015775703073,50.91459138138991,3.2921451046681836,0.15166451103941608,15.465476084026259,0.1085,45.183,0.1265,40.121,0.1447,34.815,0.162,30.077,0.1768,26.358,0.187,23.644,0.1922,21.829,0.1924,20.462,0.1879,19.262,0.1805,18.146,0.1712,17.059,0.1607,16.002,0.1494,15.041,0.1369,13.964,0.1235,12.629,0.1098,11.234,0.0908,8.893,0.0389,1.758
ef_130x70,ef,2,5.118113,2.7559069999999997,ef_130x70_static_0350rd.txt,7403.333,0.108757,0.046836,0.5793216021798012,59.074363027109285,4.00186028111919,0.14476307554090415,14.761725516960855,0.1085,45.183,0.1265,40.121,0.1447,34.815,0.162,30.077,0.1768,26.358,0.187,23.644,0.1922,21.829,0.1924,20.462,0.1879,19.262,0.1805,18.146,0.1712,17.059,0.1607,16.002,0.1494,15.041,0.1369,13.964,0.1235,12.629,0.1098,11.234,0.0908,8.893,0.0389,1.758
ef_130x70,ef,2,5.118113,2.7559069999999997,ef_130x70_static_0350rd.txt,7943.333,0.109596,0.046482,0.6720602013579826,68.5310683421946,4.905614154047587,0.13699817805757727,13.969926331374863,0.1085,45.183,0.1265,40.121,0.1447,34.815,0.162,30.077,0.1768,26.358,0.187,23.644,0.1922,21.829,0.1924,20.462,0.1879,19.262,0.1805,18.146,0.1712,17.059,0.1607,16.002,0.1494,15.041,0.1369,13.964,0.1235,12.629,0.1098,11.234,0.0908,8.893,0.0389,1.758
ef_130x70,ef,2,5.118113,2.7559069999999997,ef_130x70_static_0350rd.txt,8386.667,0.110697,0.046451,0.7566979982325313,77.1617217125656,5.769836909930442,0.13114720745922326,13.373293373294986,0.1085,45.183,0.1265,40.121,0.1447,34.815,0.162,30.077,0.1768,26.358,0.187,23.644,0.1922,21.829,0.1924,20.462,0.1879,19.262,0.1805,18.146,0.1712,17.059,0.1607,16.002,0.1494,15.041,0.1369,13.964,0.1235,12.629,0.1098,11.234,0.0908,8.893,0.0389,1.758
ef_130x70,ef,2,5.118113,2.7559069999999997,ef_130x70_static_0350rd.txt,8926.667,0.112074,0.046472,0.8679435419318697,88.5056101657416,6.960807725729113,0.12469006128752919,12.714847709210504,0.1085,45.183,0.1265,40.121,0.1447,34.815,0.162,30.077,0.1768,26.358,0.187,23.644,0.1922,21.829,0.1924,20.462,0.1879,19.262,0.1805,18.146,0.1712,17.059,0.1607,16.002,0.1494,15.041,0.1369,13.964,0.1235,12.629,0.1098,11.234,0.0908,8.893,0.0389,1.758
ef_130x70,ef,2,5.118113,2.7559069999999997,ef_130x70_static_0350rd.txt,9426.667,0.112405,0.046455,0.9707555825042312,98.98952063183975,8.194212709107214,0.11846843827050203,12.08041872306058,0.1085,45.183,0.1265,40.121,0.1447,34.815,0.162,30.077,0.1768,26.358,0.187,23.644,0.1922,21.829,0.1924,20.462,0.1879,19.262,0.1805,18.146,0.1712,17.059,0.1607,16.002,0.1494,15.041,0.1369,13.964,0.1235,12.629,0.1098,11.234,0.0908,8.893,0.0389,1.758
gwsdd_2.5x0.8_spec2,gwsdd,2,2.5,0.8,gwsdd_2.5x0.8_spec2_static_0465rd.txt,2943.333,0.053544,0.064008,0.0025663630894948333,0.2616962050746008,0.00955660026022402,0.26854352171414086,27.38381829820998,0.3176,15.947,0.3367,15.916,0.3383,16.01,0.3379,15.843,0.3369,15.373,0.3357,14.543,0.3342,13.531,0.3327,12.358,0.331,11.235,0.3295,10.201,0.3283,9.359,0.3277,8.667,0.327,8.069,0.3259,7.613,0.3253,7.244,0.3216,6.725,0.2866,6.095,0.1008,1.749
gwsdd_2.5x0.8_spec2,gwsdd,2,2.5,0.8,gwsdd_2.5x0.8_spec2_static_0465rd.txt,4100.0,0.055567,0.048453,0.005167888713454743,0.5269779907975449,0.019553441483772582,0.26429560840957733,26.95065169141117,0.3176,15.947,0.3367,15.916,0.3383,16.01,0.3379,15.843,0.3369,15.373,0.3357,14.543,0.3342,13.531,0.3327,12.358,0.331,11.235,0.3295,10.201,0.3283,9.359,0.3277,8.667,0.327,8.069,0.3259,7.613,0.3253,7.244,0.3216,6.725,0.2866,6.095,0.1008,1.749
gwsdd_2.5x0.8_spec2,gwsdd,2,2.5,0.8,gwsdd_2.5x0.8_spec2_static_0465rd.txt,5000.0,0.060486,0.045082,0.00836610600065944,0.8531053928364365,0.0329962170458588,0.2535474290592785,25.854642417061743,0.3176,15.947,0.3367,15.916,0.3383,16.01,0.3379,15.843,0.3369,15.373,0.3357,14.543,0.3342,13.531,0.3327,12.358,0.331,11.235,0.3295,10.201,0.3283,9.359,0.3277,8.667,0.327,8.069,0.3259,7.613,0.3253,7.244,0.3216,6.725,0.2866,6.095,0.1008,1.749
gwsdd_2.5x0.8_spec2,gwsdd,2,2.5,0.8,gwsdd_2.5x0.8_spec2_static_0465rd.txt,6030.0,0.057726,0.041306,0.011612736678263246,1.1841695867868485,0.05302931792155176,0.21898710248248712,22.330469883445126,0.3176,15.947,0.3367,15.916,0.3383,16.01,0.3379,15.843,0.3369,15.373,0.3357,14.543,0.3342,13.531,0.3327,12.358,0.331,11.235,0.3295,10.201,0.3283,9.359,0.3277,8.667,0.327,8.069,0.3259,7.613,0.3253,7.244,0.3216,6.725,0.2866,6.095,0.1008,1.749
gwsdd_2.5x0.8_spec2,gwsdd,2,2.5,0.8,gwsdd_2.5x0.8_spec2_static_0465rd.txt,7040.0,0.059232,0.043178,0.01624165213343937,1.6561876006015686,0.08821277075249867,0.1841190566274024,18.774918716116353,0.3176,15.947,0.3367,15.916,0.3383,16.01,0.3379,15.843,0.3369,15.373,0.3357,14.543,0.3342,13.531,0.3327,12.358,0.331,11.235,0.3295,10.201,0.3283,9.359,0.3277,8.667,0.327,8.069,0.3259,7.613,0.3253,7.244,0.3216,6.725,0.2866,6.095,0.1008,1.749
gwsdd_2.5x0.8_spec2,gwsdd,2,2.5,0.8,gwsdd_2.5x0.8_spec2_static_0465rd.txt,7930.0,0.059673,0.03667,0.020761213560639064,2.1170546068880878,0.10707336116343161,0.19389709387146398,19.772001027003512,0.3176,15.947,0.3367,15.916,0.3383,16.01,0.3379,15.843,0.3369,15.373,0.3357,14.543,0.3342,13.531,0.3327,12.358,0.331,11.235,0.3295,10.201,0.3283,9.359,0.3277,8.667,0.327,8.069,0.3259,7.613,0.3253,7.244,0.3216,6.725,0.2866,6.095,0.1008,1.749
gwsdd_2.5x0.8_spec2,gwsdd,2,2.5,0.8,gwsdd_2.5x0.8_spec2_static_0465rd.txt,8970.0,0.058355,0.035196,0.02597714679786406,2.6489317756689656,0.1487378851671873,0.17465050527419232,17.80939518328811,0.3176,15.947,0.3367,15.916,0.3383,16.01,0.3379,15.843,0.3369,15.373,0.3357,14.543,0.3342,13.531,0.3327,12.358,0.331,11.235,0.3295,10.201,0.3283,9.359,0.3277,8.667,0.327,8.069,0.3259,7.613,0.3253,7.244,0.3216,6.725,0.2866,6.095,0.1008,1.749
gwsdd_2.5x0.8_spec2,gwsdd,2,2.5,0.8,gwsdd_2.5x0.8_spec2_static_0465rd.txt,10076.667,0.058504,0.033697,0.03286607660410645,3.3514071170181925,0.2018798263066484,0.16280020250356284,16.601000596897293,0.3176,15.947,0.3367,15.916,0.3383,16.01,0.3379,15.843,0.3369,15.373,0.3357,14.543,0.3342,13.531,0.3327,12.358,0.331,11.235,0.3295,10.201,0.3283,9.359,0.3277,8.667,0.327,8.069,0.3259,7.613,0.3253,7.244,0.3216,6.725,0.2866,6.095,0.1008,1.749
gwsdd_2.5x0.8_spec2,gwsdd,2,2.5,0.8,gwsdd_2.5x0.8_spec2_static_0465rd.txt,10973.333,0.060116,0.032833,0.040049369388416356,4.0838991284910096,0.25402543665761407,0.15765889398862265,16.076733032036696,0.3176,15.947,0.3367,15.916,0.3383,16.01,0.3379,15.843,0.3369,15.373,0.3357,14.543,0.3342,13.531,0.3327,12.358,0.331,11.235,0.3295,10.201,0.3283,9.359,0.3277,8.667,0.327,8.069,0.3259,7.613,0.3253,7.244,0.3216,6.725,0.2866,6.095,0.1008,1.749
gwsdd_2.5x0.8_spec2,gwsdd,2,2.5,0.8,gwsdd_2.5x0.8_spec2_static_0465rd.txt,12033.333,0.059359,0.031558,0.04755398706761604,4.849157160459081,0.32197210082257655,0.14769598653462454,15.060799206112645,0.3176,15.947,0.3367,15.916,0.3383,16.01,0.3379,15.843,0.3369,15.373,0.3357,14.543,0.3342,13.531,0.3327,12.358,0.331,11.235,0.3295,10.201,0.3283,9.359,0.3277,8.667,0.327,8.069,0.3259,7.613,0.3253,7.244,0.3216,6.725,0.2866,6.095,0.1008,1.749
gwsdd_2.5x0.8_spec2,gwsdd,2,2.5,0.8,gwsdd_2.5x0.8_spec2_static_0465rd.txt,12306.667,0.060378,0.031021,0.05059272956412293,5.159022659534391,0.3385541220674148,0.14943764162484077,15.238398599403547,0.3176,15.947,0.3367,15.916,0.3383,16.01,0.3379,15.843,0.3369,15.373,0.3357,14.543,0.3342,13.531,0.3327,12.358,0.331,11.235,0.3295,10.201,0.3283,9.359,0.3277,8.667,0.327,8.069,0.3259,7.613,0.3253,7.244,0.3216,6.725,0.2866,6.095,0.1008,1.749
gwsdd_2.5x0.8_spec2,gwsdd,2,2.5,0.8,gwsdd_2.5x0.8_spec2_static_0465rd.txt,13983.333,0.059927,0.027794,0.06482946331523258,6.61076548212005,0.4449734689916249,0.14569287346984,14.856538519253773,0.3176,15.947,0.3367,15.916,0.3383,16.01,0.3379,15.843,0.3369,15.373,0.3357,14.543,0.3342,13.531,0.3327,12.358,0.331,11.235,0.3295,10.201,0.3283,9.359,0.3277,8.667,0.327,8.069,0.3259,7.613,0.3253,7.244,0.3216,6.725,0.2866,6.095,0.1008,1.749
gwsdd_2.5x0.8_spec2,gwsdd,2,2.5,0.8,gwsdd_2.5x0.8_spec2_static_0465rd.txt,14983.333,0.059797,0.027147,0.07427193668834732,7.573629801037799,0.5346851248259121,0.1389078043129206,14.164654016705054,0.3176,15.947,0.3367,15.916,0.3383,16.01,0.3379,15.843,0.3369,15.373,0.3357,14.543,0.3342,13.531,0.3327,12.358,0.331,11.235,0.3295,10.201,0.3283,9.359,0.3277,8.667,0.327,8.069,0.3259,7.613,0.3253,7.244,0.3216,6.725,0.2866,6.095,0.1008,1.749
gwsdd_2.5x0.8_spec2,gwsdd,2,2.5,0.8,gwsdd_2.5x0.8_spec2_static_0465rd.txt,16080.0,0.060262,0.029928,0.08620731504223397,8.790699682586203,0.7285960164509997,0.11831977268027195,12.065259051793626,0.3176,15.947,0.3367,15.916,0.3383,16.01,0.3379,15.843,0.3369,15.373,0.3357,14.543,0.3342,13.531,0.3327,12.358,0.331,11.235,0.3295,10.201,0.3283,9.359,0.3277,8.667,0.327,8.069,0.3259,7.613,0.3253,7.244,0.3216,6.725,0.2866,6.095,0.1008,1.749
gwsdd_2.5x0.8_spec2,gwsdd,2,2.5,0.8,gwsdd_2.5x0.8_spec2_static_0465rd.txt,16980.0,0.05964,0.028355,0.09513525699360044,9.701096398219622,0.8128186752298483,0.11704364071937466,11.935129806750998,0.3176,15.947,0.3367,15.916,0.3383,16.01,0.3379,15.843,0.3369,15.373,0.3357,14.543,0.3342,13.531,0.3327,12.358,0.331,11.235,0.3295,10.201,0.3283,9.359,0.3277,8.667,0.327,8.069,0.3259,7.613,0.3253,7.244,0.3216,6.725,0.2866,6.095,0.1008,1.749
gwsdd_2.5x0.8_spec2,gwsdd,2,2.5,0.8,gwsdd_2.5x0.8_spec2_static_0465rd.txt,18003.333,0.06015,0.027947,0.10786236782669596,10.998900524307075,0.9548714369641362,0.11296009457527331,11.518723985792633,0.3176,15.947,0.3367,15.916,0.3383,16.01,0.3379,15.843,0.3369,15.373,0.3357,14.543,0.3342,13.531,0.3327,12.358,0.331,11.235,0.3295,10.201,0.3283,9.359,0.3277,8.667,0.327,8.069,0.3259,7.613,0.3253,7.244,0.3216,6.725,0.2866,6.095,0.1008,1.749
gwsdd_2.5x0.8_spec2,gwsdd,2,2.5,0.8,gwsdd_2.5x0.8_spec2_static_0465rd.txt,19063.333,0.061163,0.027325,0.12297446353184523,12.539905424568557,1.1084283812266034,0.11094488883057997,11.313230188757627,0.3176,15.947,0.3367,15.916,0.3383,16.01,0.3379,15.843,0.3369,15.373,0.3357,14.543,0.3342,13.531,0.3327,12.358,0.331,11.235,0.3295,10.201,0.3283,9.359,0.3277,8.667,0.327,8.069,0.3259,7.613,0.3253,7.244,0.3216,6.725,0.2866,6.095,0.1008,1.749
gwsdd_2.5x0.8_spec2,gwsdd,2,2.5,0.8,gwsdd_2.5x0.8_spec2_static_0465rd.txt,19903.333,0.059848,0.027431,0.13116855952680426,13.37547067824428,1.2663974626962193,0.1035761389220887,10.561826813650809,0.3176,15.947,0.3367,15.916,0.3383,16.01,0.3379,15.843,0.3369,15.373,0.3357,14.543,0.3342,13.531,0.3327,12.358,0.331,11.235,0.3295,10.201,0.3283,9.359,0.3277,8.667,0.327,8.069,0.3259,7.613,0.3253,7.244,0.3216,6.725,0.2866,6.095,0.1008,1.749
gwsdd_2.5x0.8_spec2,gwsdd,2,2.5,0.8,gwsdd_2.5x0.8_spec2_static_0465rd.txt,21013.333,0.06092,0.027386,0.14882581499880465,15.176009646393485,1.4878679762601936,0.1000262236793908,10.199836200883157,0.3176,15.947,0.3367,15.916,0.3383,16.01,0.3379,15.843,0.3369,15.373,0.3357,14.543,0.3342,13.531,0.3327,12.358,0.331,11.235,0.3295,10.201,0.3283,9.359,0.3277,8.667,0.327,8.069,0.3259,7.613,0.3253,7.244,0.3216,6.725,0.2866,6.095,0.1008,1.749
gwsdd_2.5x0.8_spec2,gwsdd,2,2.5,0.8,gwsdd_2.5x0.8_spec2_static_0465rd.txt,21980.0,0.060864,0.030205,0.16268381798459342,16.58913267880402,1.8780747263709805,0.08662265441319725,8.833052511632133,0.3176,15.947,0.3367,15.916,0.3383,16.01,0.3379,15.843,0.3369,15.373,0.3357,14.543,0.3342,13.531,0.3327,12.358,0.331,11.235,0.3295,10.201,0.3283,9.359,0.3277,8.667,0.327,8.069,0.3259,7.613,0.3253,7.244,0.3216,6.725,0.2866,6.095,0.1008,1.749
gwsdd_2.5x0.8_spec2,gwsdd,2,2.5,0.8,gwsdd_2.5x0.8_spec2_static_0465rd.txt,22936.667,0.060411,0.030208,0.17583492185808208,17.930172062639343,2.1343412841856546,0.0823836952229366,8.400798970386077,0.3176,15.947,0.3367,15.916,0.3383,16.01,0.3379,15.843,0.3369,15.373,0.3357,14.543,0.3342,13.531,0.3327,12.358,0.331,11.235,0.3295,10.201,0.3283,9.359,0.3277,8.667,0.327,8.069,0.3259,7.613,0.3253,7.244,0.3216,6.725,0.2866,6.095,0.1008,1.749
gwsdd_2.5x0.8_spec2,gwsdd,2,2.5,0.8,gwsdd_2.5x0.8_spec2_static_0465rd.txt,23926.667,0.060466,0.029475,0.19151559297107235,19.529155519068425,2.3640213463195057,0.08101263267746667,8.260989499723827,0.3176,15.947,0.3367,15.916,0.3383,16.01,0.3379,15.843,0.3369,15.373,0.3357,14.543,0.3342,13.531,0.3327,12.358,0.331,11.235,0.3295,10.201,0.3283,9.359,0.3277,8.667,0.327,8.069,0.3259,7.613,0.3253,7.244,0.3216,6.725,0.2866,6.095,0.1008,1.749
gwsdd_2.5x0.8_spec2,gwsdd,2,2.5,0.8,gwsdd_2.5x0.8_spec2_static_0465rd.txt,24916.667,0.060581,0.028425,0.20808693970118833,21.21896261222623,2.5746682746945084,0.08082087379815112,8.241435535901774,0.3176,15.947,0.3367,15.916,0.3383,16.01,0.3379,15.843,0.3369,15.373,0.3357,14.543,0.3342,13.531,0.3327,12.358,0.331,11.235,0.3295,10.201,0.3283,9.359,0.3277,8.667,0.327,8.069,0.3259,7.613,0.3253,7.244,0.3216,6.725,0.2866,6.095,0.1008,1.749
gwsdd_2.5x0.8_spec2,gwsdd,2,2.5,0.8,gwsdd_2.5x0.8_spec2_static_0465rd.txt,25836.667,0.060305,0.027467,0.22271772740470902,22.710887755218046,2.7737777162505357,0.0802940070142926,8.187710075743766,0.3176,15.947,0.3367,15.916,0.3383,16.01,0.3379,15.843,0.3369,15.373,0.3357,14.543,0.3342,13.531,0.3327,12.358,0.331,11.235,0.3295,10.201,0.3283,9.359,0.3277,8.667,0.327,8.069,0.3259,7.613,0.3253,7.244,0.3216,6.725,0.2866,6.095,0.1008,1.749
gwsdd_2.5x0.8_spec2,gwsdd,2,2.5,0.8,gwsdd_2.5x0.8_spec2_static_0465rd.txt,27050.0,0.060073,0.02624,0.2431881163285356,24.79828650237702,3.0410012806728357,0.07996975136910468,8.154645201888993,0.3176,15.947,0.3367,15.916,0.3383,16.01,0.3379,15.843,0.3369,15.373,0.3357,14.543,0.3342,13.531,0.3327,12.358,0.331,11.235,0.3295,10.201,0.3283,9.359,0.3277,8.667,0.327,8.069,0.3259,7.613,0.3253,7.244,0.3216,6.725,0.2866,6.095,0.1008,1.749
gwsdd_2.5x0.8_spec3,gwsdd,2,2.5,0.8,gwsdd_2.5x0.8_spec3_static_0472rd.txt,3106.667,0.056026,0.065741,0.002991627484555683,0.3050611049191807,0.011541742548248777,0.2592006771984011,26.431113295406806,0.3225,16.67,0.3418,16.877,0.3425,16.896,0.3419,16.536,0.3409,15.976,0.3394,15.008,0.3374,13.726,0.3355,12.647,0.3337,11.692,0.3325,10.597,0.3322,9.696,0.331,9.005,0.33,8.6,0.3285,8.24,0.3276,7.788,0.3253,7.31,0.2897,6.693,0.1083,3.239
gwsdd_2.5x0.8_spec3,gwsdd,2,2.5,0.8,gwsdd_2.5x0.8_spec3_static_0472rd.txt,4116.667,0.058722,0.041866,0.005505804721550867,0.5614358340055847,0.017102108100895207,0.321937195640967,32.82845779557413,0.3225,16.67,0.3418,16.877,0.3425,16.896,0.3419,16.536,0.3409,15.976,0.3394,15.008,0.3374,13.726,0.3355,12.647,0.3337,11.692,0.3325,10.597,0.3322,9.696,0.331,9.005,0.33,8.6,0.3285,8.24,0.3276,7.788,0.3253,7.31,0.2897,6.693,0.1083,3.239
gwsdd_2.5x0.8_spec3,gwsdd,2,2.5,0.8,gwsdd_2.5x0.8_spec3_static_0472rd.txt,5043.333,0.060211,0.039014,0.00847304705848039,0.8640103458857399,0.029303829409325587,0.2891447032442779,29.484554179488196,0.3225,16.67,0.3418,16.877,0.3425,16.896,0.3419,16.536,0.3409,15.976,0.3394,15.008,0.3374,13.726,0.3355,12.647,0.3337,11.692,0.3325,10.597,0.3322,9.696,0.331,9.005,0.33,8.6,0.3285,8.24,0.3276,7.788,0.3253,7.31,0.2897,6.693,0.1083,3.239
gwsdd_2.5x0.8_spec3,gwsdd,2,2.5,0.8,gwsdd_2.5x0.8_spec3_static_0472rd.txt,6076.667,0.057782,0.037059,0.011804617912471936,1.20373602733573,0.04869013440984631,0.2424437322991813,24.722380456035584,0.3225,16.67,0.3418,16.877,0.3425,16.896,0.3419,16.536,0.3409,15.976,0.3394,15.008,0.3374,13.726,0.3355,12.647,0.3337,11.692,0.3325,10.597,0.3322,9.696,0.331,9.005,0.33,8.6,0.3285,8.24,0.3276,7.788,0.3253,7.31,0.2897,6.693,0.1083,3.239
gwsdd_2.5x0.8_spec3,gwsdd,2,2.5,0.8,gwsdd_2.5x0.8_spec3_static_0472rd.txt,6966.667,0.059139,0.037725,0.01588007576230852,1.6193170718143832,0.07468878059060914,0.21261661573177662,21.68086102101907,0.3225,16.67,0.3418,16.877,0.3425,16.896,0.3419,16.536,0.3409,15.976,0.3394,15.008,0.3374,13.726,0.3355,12.647,0.3337,11.692,0.3325,10.597,0.3322,9.696,0.331,9.005,0.33,8.6,0.3285,8.24,0.3276,7.788,0.3253,7.31,0.2897,6.693,0.1083,3.239
gwsdd_2.5x0.8_spec3,gwsdd,2,2.5,0.8,gwsdd_2.5x0.8_spec3_static_0472rd.txt,8000.0,0.059119,0.03377,0.020933196125907536,2.134591947903467,0.10123996483119468,0.20676810942013948,21.084479350251055,0.3225,16.67,0.3418,16.877,0.3425,16.896,0.3419,16.536,0.3409,15.976,0.3394,15.008,0.3374,13.726,0.3355,12.647,0.3337,11.692,0.3325,10.597,0.3322,9.696,0.331,9.005,0.33,8.6,0.3285,8.24,0.3276,7.788,0.3253,7.31,0.2897,6.693,0.1083,3.239
gwsdd_2.5x0.8_spec3,gwsdd,2,2.5,0.8,gwsdd_2.5x0.8_spec3_static_0472rd.txt,9046.667,0.05887,0.032324,0.02665629181569775,2.718185294233786,0.14013346991430395,0.19022073621668625,19.397116876475277,0.3225,16.67,0.3418,16.877,0.3425,16.896,0.3419,16.536,0.3409,15.976,0.3394,15.008,0.3374,13.726,0.3355,12.647,0.3337,11.692,0.3325,10.597,0.3322,9.696,0.331,9.005,0.33,8.6,0.3285,8.24,0.3276,7.788,0.3253,7.31,0.2897,6.693,0.1083,3.239
gwsdd_2.5x0.8_spec3,gwsdd,2,2.5,0.8,gwsdd_2.5x0.8_spec3_static_0472rd.txt,10020.0,0.060571,0.031581,0.03364563086769388,3.430899529165809,0.18602872360360462,0.18086255829710987,18.442848301622867,0.3225,16.67,0.3418,16.877,0.3425,16.896,0.3419,16.536,0.3409,15.976,0.3394,15.008,0.3374,13.726,0.3355,12.647,0.3337,11.692,0.3325,10.597,0.3322,9.696,0.331,9.005,0.33,8.6,0.3285,8.24,0.3276,7.788,0.3253,7.31,0.2897,6.693,0.1083,3.239
gwsdd_2.5x0.8_spec3,gwsdd,2,2.5,0.8,gwsdd_2.5x0.8_spec3_static_0472rd.txt,10990.0,0.061475,0.030881,0.041079241056301265,4.188916812193896,0.24001334888703132,0.17115398475455756,17.452849316999952,0.3225,16.67,0.3418,16.877,0.3425,16.896,0.3419,16.536,0.3409,15.976,0.3394,15.008,0.3374,13.726,0.3355,12.647,0.3337,11.692,0.3325,10.597,0.3322,9.696,0.331,9.005,0.33,8.6,0.3285,8.24,0.3276,7.788,0.3253,7.31,0.2897,6.693,0.1083,3.239
gwsdd_2.5x0.8_spec3,gwsdd,2,2.5,0.8,gwsdd_2.5x0.8_spec3_static_0472rd.txt,12066.667,0.06037,0.029861,0.04863224525765758,4.95910889627524,0.30719722971917096,0.15830951764153436,16.143078180778797,0.3225,16.67,0.3418,16.877,0.3425,16.896,0.3419,16.536,0.3409,15.976,0.3394,15.008,0.3374,13.726,0.3355,12.647,0.3337,11.692,0.3325,10.597,0.3322,9.696,0.331,9.005,0.33,8.6,0.3285,8.24,0.3276,7.788,0.3253,7.31,0.2897,6.693,0.1083,3.239
gwsdd_2.5x0.8_spec3,gwsdd,2,2.5,0.8,gwsdd_2.5x0.8_spec3_static_0472rd.txt,12053.333,0.059923,0.029111,0.04816553040006903,4.911517225563167,0.29848984020403907,0.16136405301816792,16.454554105445585,0.3225,16.67,0.3418,16.877,0.3425,16.896,0.3419,16.536,0.3409,15.976,0.3394,15.008,0.3374,13.726,0.3355,12.647,0.3337,11.692,0.3325,10.597,0.3322,9.696,0.331,9.005,0.33,8.6,0.3285,8.24,0.3276,7.788,0.3253,7.31,0.2897,6.693,0.1083,3.239
gwsdd_2.5x0.8_spec3,gwsdd,2,2.5,0.8,gwsdd_2.5x0.8_spec3_static_0472rd.txt,13996.667,0.060156,0.028629,0.06520136686751411,6.648689090312606,0.45965398894383247,0.1418488002624109,14.464552141904822,0.3225,16.67,0.3418,16.877,0.3425,16.896,0.3419,16.536,0.3409,15.976,0.3394,15.008,0.3374,13.726,0.3355,12.647,0.3337,11.692,0.3325,10.597,0.3322,9.696,0.331,9.005,0.33,8.6,0.3285,8.24,0.3276,7.788,0.3253,7.31,0.2897,6.693,0.1083,3.239
gwsdd_2.5x0.8_spec3,gwsdd,2,2.5,0.8,gwsdd_2.5x0.8_spec3_static_0472rd.txt,14973.333,0.059612,0.027412,0.07394335441162142,7.540123733550339,0.538824254556628,0.13723093158170055,13.993660585592487,0.3225,16.67,0.3418,16.877,0.3425,16.896,0.3419,16.536,0.3409,15.976,0.3394,15.008,0.3374,13.726,0.3355,12.647,0.3337,11.692,0.3325,10.597,0.3322,9.696,0.331,9.005,0.33,8.6,0.3285,8.24,0.3276,7.788,0.3253,7.31,0.2897,6.693,0.1083,3.239
gwsdd_2.5x0.8_spec3,gwsdd,2,2.5,0.8,gwsdd_2.5x0.8_spec3_static_0472rd.txt,15953.333,0.059619,0.027292,0.08394909860927585,8.560425691676144,0.6488444856956677,0.1293824644579797,13.19333966828425,0.3225,16.67,0.3418,16.877,0.3425,16.896,0.3419,16.536,0.3409,15.976,0.3394,15.008,0.3374,13.726,0.3355,12.647,0.3337,11.692,0.3325,10.597,0.3322,9.696,0.331,9.005,0.33,8.6,0.3285,8.24,0.3276,7.788,0.3253,7.31,0.2897,6.693,0.1083,3.239
gwsdd_2.5x0.8_spec3,gwsdd,2,2.5,0.8,gwsdd_2.5x0.8_spec3_static_0472rd.txt,17006.667,0.059472,0.026876,0.09516548143042489,9.704178433045422,0.7740574958342501,0.12294368563391936,12.536766952416919,0.3225,16.67,0.3418,16.877,0.3425,16.896,0.3419,16.536,0.3409,15.976,0.3394,15.008,0.3374,13.726,0.3355,12.647,0.3337,11.692,0.3325,10.597,0.3322,9.696,0.331,9.005,0.33,8.6,0.3285,8.24,0.3276,7.788,0.3253,7.31,0.2897,6.693,0.1083,3.239
gwsdd_2.5x0.8_spec3,gwsdd,2,2.5,0.8,gwsdd_2.5x0.8_spec3_static_0472rd.txt,18026.667,0.059538,0.02647,0.10704184924741497,10.915230914472831,0.9079275909498757,0.11789690093615017,12.022138134444504,0.3225,16.67,0.3418,16.877,0.3425,16.896,0.3419,16.536,0.3409,15.976,0.3394,15.008,0.3374,13.726,0.3355,12.647,0.3337,11.692,0.3325,10.597,0.3322,9.696,0.331,9.005,0.33,8.6,0.3285,8.24,0.3276,7.788,0.3253,7.31,0.2897,6.693,0.1083,3.239
gwsdd_2.5x0.8_spec3,gwsdd,2,2.5,0.8,gwsdd_2.5x0.8_spec3_static_0472rd.txt,19006.667,0.059394,0.026211,0.11870882204548472,12.104931046329249,1.0537860668861294,0.11264983071588877,11.48708587702108,0.3225,16.67,0.3418,16.877,0.3425,16.896,0.3419,16.536,0.3409,15.976,0.3394,15.008,0.3374,13.726,0.3355,12.647,0.3337,11.692,0.3325,10.597,0.3322,9.696,0.331,9.005,0.33,8.6,0.3285,8.24,0.3276,7.788,0.3253,7.31,0.2897,6.693,0.1083,3.239
gwsdd_2.5x0.8_spec3,gwsdd,2,2.5,0.8,gwsdd_2.5x0.8_spec3_static_0472rd.txt,19880.0,0.059843,0.025915,0.13085026494049495,13.34301366322801,1.192206038985737,0.10975474092700883,11.191868877446309,0.3225,16.67,0.3418,16.877,0.3425,16.896,0.3419,16.536,0.3409,15.976,0.3394,15.008,0.3374,13.726,0.3355,12.647,0.3337,11.692,0.3325,10.597,0.3322,9.696,0.331,9.005,0.33,8.6,0.3285,8.24,0.3276,7.788,0.3253,7.31,0.2897,6.693,0.1083,3.239
gwsdd_2.5x0.8_spec3,gwsdd,2,2.5,0.8,gwsdd_2.5x0.8_spec3_static_0472rd.txt,20986.667,0.059305,0.025663,0.14451294196482609,14.73621899066716,1.3889570054414764,0.10404421547871673,10.609557339021658,0.3225,16.67,0.3418,16.877,0.3425,16.896,0.3419,16.536,0.3409,15.976,0.3394,15.008,0.3374,13.726,0.3355,12.647,0.3337,11.692,0.3325,10.597,0.3322,9.696,0.331,9.005,0.33,8.6,0.3285,8.24,0.3276,7.788,0.3253,7.31,0.2897,6.693,0.1083,3.239
gwsdd_2.5x0.8_spec3,gwsdd,2,2.5,0.8,gwsdd_2.5x0.8_spec3_static_0472rd.txt,21980.0,0.05925,0.025647,0.15836974591855874,16.149219755834945,1.5946691775281094,0.09931197526752669,10.127003132316,0.3225,16.67,0.3418,16.877,0.3425,16.896,0.3419,16.536,0.3409,15.976,0.3394,15.008,0.3374,13.726,0.3355,12.647,0.3337,11.692,0.3325,10.597,0.3322,9.696,0.331,9.005,0.33,8.6,0.3285,8.24,0.3276,7.788,0.3253,7.31,0.2897,6.693,0.1083,3.239
gwsdd_2.5x0.8_spec3,gwsdd,2,2.5,0.8,gwsdd_2.5x0.8_spec3_static_0472rd.txt,22916.667,0.059505,0.027234,0.1728959645569456,17.63048182171747,1.9191846412955822,0.09008823895142726,9.18644378574001,0.3225,16.67,0.3418,16.877,0.3425,16.896,0.3419,16.536,0.3409,15.976,0.3394,15.008,0.3374,13.726,0.3355,12.647,0.3337,11.692,0.3325,10.597,0.3322,9.696,0.331,9.005,0.33,8.6,0.3285,8.24,0.3276,7.788,0.3253,7.31,0.2897,6.693,0.1083,3.239
gwsdd_2.5x0.8_spec3,gwsdd,2,2.5,0.8,gwsdd_2.5x0.8_spec3_static_0472rd.txt,23960.0,0.059156,0.028003,0.18788881043016115,19.15932662327718,2.2553604769329105,0.08330766294427275,8.49501745695755,0.3225,16.67,0.3418,16.877,0.3425,16.896,0.3419,16.536,0.3409,15.976,0.3394,15.008,0.3374,13.726,0.3355,12.647,0.3337,11.692,0.3325,10.597,0.3322,9.696,0.331,9.005,0.33,8.6,0.3285,8.24,0.3276,7.788,0.3253,7.31,0.2897,6.693,0.1083,3.239
gwsdd_2.5x0.8_spec3,gwsdd,2,2.5,0.8,gwsdd_2.5x0.8_spec3_static_0472rd.txt,24966.667,0.059321,0.027116,0.20457760508082065,20.861110071310865,2.4709177863991525,0.08279417721095038,8.442656484217382,0.3225,16.67,0.3418,16.877,0.3425,16.896,0.3419,16.536,0.3409,15.976,0.3394,15.008,0.3374,13.726,0.3355,12.647,0.3337,11.692,0.3325,10.597,0.3322,9.696,0.331,9.005,0.33,8.6,0.3285,8.24,0.3276,7.788,0.3253,7.31,0.2897,6.693,0.1083,3.239
gwsdd_2.5x0.8_spec3,gwsdd,2,2.5,0.8,gwsdd_2.5x0.8_spec3_static_0472rd.txt,25883.333,0.059295,0.026574,0.2197793891613172,22.411260640618075,2.698164934875573,0.08145513505142798,8.306112184224785,0.3225,16.67,0.3418,16.877,0.3425,16.896,0.3419,16.536,0.3409,15.976,0.3394,15.008,0.3374,13.726,0.3355,12.647,0.3337,11.692,0.3325,10.597,0.3322,9.696,0.331,9.005,0.33,8.6,0.3285,8.24,0.3276,7.788,0.3253,7.31,0.2897,6.693,0.1083,3.239
gwsdd_2.5x0.8_spec3,gwsdd,2,2.5,0.8,gwsdd_2.5x0.8_spec3_static_0472rd.txt,27010.0,0.059184,0.02556,0.23888119968012608,24.35910322894425,2.94907329231037,0.08100212371900097,8.25991788419093,0.3225,16.67,0.3418,16.877,0.3425,16.896,0.3419,16.536,0.3409,15.976,0.3394,15.008,0.3374,13.726,0.3355,12.647,0.3337,11.692,0.3325,10.597,0.3322,9.696,0.331,9.005,0.33,8.6,0.3285,8.24,0.3276,7.788,0.3253,7.31,0.2897,6.693,0.1083,3.239
gwsdd_2.5x0.8,gwsdd,2,2.5,0.8,gwsdd_2.5x0.8_static_0500rd.txt,3056.667,0.05679,0.045205,0.0029355982112995206,0.29934770908511277,0.007559304200638556,0.3883423835558228,39.59990246983657,0.3088,15.523,0.3279,16.157,0.3301,16.544,0.3292,16.32,0.3264,15.642,0.3239,14.684,0.3236,13.44,0.3233,12.179,0.3221,11.059,0.3207,10.093,0.3194,9.237,0.3183,8.534,0.3173,7.869,0.3158,7.353,0.3147,6.956,0.3098,6.593,0.2631,5.636,0.06,2.91
gwsdd_2.5x0.8,gwsdd,2,2.5,0.8,gwsdd_2.5x0.8_static_0500rd.txt,3896.667,0.059916,0.038356,0.005033358782205966,0.5132597555950265,0.013288138766205314,0.3787858383152134,38.625406057645925,0.3088,15.523,0.3279,16.157,0.3301,16.544,0.3292,16.32,0.3264,15.642,0.3239,14.684,0.3236,13.44,0.3233,12.179,0.3221,11.059,0.3207,10.093,0.3194,9.237,0.3183,8.534,0.3173,7.869,0.3158,7.353,0.3147,6.956,0.3098,6.593,0.2631,5.636,0.06,2.91
gwsdd_2.5x0.8,gwsdd,2,2.5,0.8,gwsdd_2.5x0.8_static_0500rd.txt,4946.667,0.060995,0.036523,0.00825749036692029,0.8420296805657682,0.025885432981938097,0.3190014388664877,32.52909391754449,0.3088,15.523,0.3279,16.157,0.3301,16.544,0.3292,16.32,0.3264,15.642,0.3239,14.684,0.3236,13.44,0.3233,12.179,0.3221,11.059,0.3207,10.093,0.3194,9.237,0.3183,8.534,0.3173,7.869,0.3158,7.353,0.3147,6.956,0.3098,6.593,0.2631,5.636,0.06,2.91
gwsdd_2.5x0.8,gwsdd,2,2.5,0.8,gwsdd_2.5x0.8_static_0500rd.txt,6063.333,0.059316,0.035378,0.012064884996870903,1.2302758839023422,0.04617623323321813,0.26127910728308823,26.64305418089646,0.3088,15.523,0.3279,16.157,0.3301,16.544,0.3292,16.32,0.3264,15.642,0.3239,14.684,0.3236,13.44,0.3233,12.179,0.3221,11.059,0.3207,10.093,0.3194,9.237,0.3183,8.534,0.3173,7.869,0.3158,7.353,0.3147,6.956,0.3098,6.593,0.2631,5.636,0.06,2.91
gwsdd_2.5x0.8,gwsdd,2,2.5,0.8,gwsdd_2.5x0.8_static_0500rd.txt,7050.0,0.061387,0.034284,0.016880415523445404,1.7213233391061582,0.07034120460551163,0.2399790509433887,24.471052902202967,0.3088,15.523,0.3279,16.157,0.3301,16.544,0.3292,16.32,0.3264,15.642,0.3239,14.684,0.3236,13.44,0.3233,12.179,0.3221,11.059,0.3207,10.093,0.3194,9.237,0.3183,8.534,0.3173,7.869,0.3158,7.353,0.3147,6.956,0.3098,6.593,0.2631,5.636,0.06,2.91
gwsdd_2.5x0.8,gwsdd,2,2.5,0.8,gwsdd_2.5x0.8_static_0500rd.txt,7973.333,0.062036,0.033045,0.021819866106163287,2.225007123346228,0.0980790899609739,0.22247215094313688,22.685845925278958,0.3088,15.523,0.3279,16.157,0.3301,16.544,0.3292,16.32,0.3264,15.642,0.3239,14.684,0.3236,13.44,0.3233,12.179,0.3221,11.059,0.3207,10.093,0.3194,9.237,0.3183,8.534,0.3173,7.869,0.3158,7.353,0.3147,6.956,0.3098,6.593,0.2631,5.636,0.06,2.91
gwsdd_2.5x0.8,gwsdd,2,2.5,0.8,gwsdd_2.5x0.8_static_0500rd.txt,8916.667,0.06277,0.031791,0.027611227448727998,2.815561628968914,0.13196622595778112,0.2092294998082421,21.335471318772683,0.3088,15.523,0.3279,16.157,0.3301,16.544,0.3292,16.32,0.3264,15.642,0.3239,14.684,0.3236,13.44,0.3233,12.179,0.3221,11.059,0.3207,10.093,0.3194,9.237,0.3183,8.534,0.3173,7.869,0.3158,7.353,0.3147,6.956,0.3098,6.593,0.2631,5.636,0.06,2.91
gwsdd_2.5x0.8,gwsdd,2,2.5,0.8,gwsdd_2.5x0.8_static_0500rd.txt,9990.0,0.063853,0.037662,0.03525662789591995,3.5951755080399477,0.21986232069027398,0.16035775382170608,16.351940144871705,0.3088,15.523,0.3279,16.157,0.3301,16.544,0.3292,16.32,0.3264,15.642,0.3239,14.684,0.3236,13.44,0.3233,12.179,0.3221,11.059,0.3207,10.093,0.3194,9.237,0.3183,8.534,0.3173,7.869,0.3158,7.353,0.3147,6.956,0.3098,6.593,0.2631,5.636,0.06,2.91
gwsdd_2.5x0.8,gwsdd,2,2.5,0.8,gwsdd_2.5x0.8_static_0500rd.txt,10990.0,0.063553,0.031313,0.042467816296886764,4.330512080770372,0.24337093985620972,0.17449830420171744,17.793874993164582,0.3088,15.523,0.3279,16.157,0.3301,16.544,0.3292,16.32,0.3264,15.642,0.3239,14.684,0.3236,13.44,0.3233,12.179,0.3221,11.059,0.3207,10.093,0.3194,9.237,0.3183,8.534,0.3173,7.869,0.3158,7.353,0.3147,6.956,0.3098,6.593,0.2631,5.636,0.06,2.91
gwsdd_2.5x0.8,gwsdd,2,2.5,0.8,gwsdd_2.5x0.8_static_0500rd.txt,12020.0,0.063369,0.031124,0.05065406206877408,5.165276834471924,0.31648984062414276,0.16004956736962017,16.32051387269049,0.3088,15.523,0.3279,16.157,0.3301,16.544,0.3292,16.32,0.3264,15.642,0.3239,14.684,0.3236,13.44,0.3233,12.179,0.3221,11.059,0.3207,10.093,0.3194,9.237,0.3183,8.534,0.3173,7.869,0.3158,7.353,0.3147,6.956,0.3098,6.593,0.2631,5.636,0.06,2.91
gwsdd_2.5x0.8,gwsdd,2,2.5,0.8,gwsdd_2.5x0.8_static_0500rd.txt,14006.667,0.06236,0.029228,0.06768683434443279,6.902136238616938,0.4702777955345506,0.14392947102147402,14.676721512593398,0.3088,15.523,0.3279,16.157,0.3301,16.544,0.3292,16.32,0.3264,15.642,0.3239,14.684,0.3236,13.44,0.3233,12.179,0.3221,11.059,0.3207,10.093,0.3194,9.237,0.3183,8.534,0.3173,7.869,0.3158,7.353,0.3147,6.956,0.3098,6.593,0.2631,5.636,0.06,2.91
gwsdd_2.5x0.8,gwsdd,2,2.5,0.8,gwsdd_2.5x0.8_static_0500rd.txt,14003.333,0.061642,0.028775,0.06687565415934589,6.819418879978984,0.46265850030037636,0.14454647243253405,14.739638146822214,0.3088,15.523,0.3279,16.157,0.3301,16.544,0.3292,16.32,0.3264,15.642,0.3239,14.684,0.3236,13.44,0.3233,12.179,0.3221,11.059,0.3207,10.093,0.3194,9.237,0.3183,8.534,0.3173,7.869,0.3158,7.353,0.3147,6.956,0.3098,6.593,0.2631,5.636,0.06,2.91
gwsdd_2.5x0.8,gwsdd,2,2.5,0.8,gwsdd_2.5x0.8_static_0500rd.txt,15006.667,0.061549,0.026697,0.07668633484214417,7.819829895238861,0.5282824244383544,0.1451616243407559,14.80236618424803,0.3088,15.523,0.3279,16.157,0.3301,16.544,0.3292,16.32,0.3264,15.642,0.3239,14.684,0.3236,13.44,0.3233,12.179,0.3221,11.059,0.3207,10.093,0.3194,9.237,0.3183,8.534,0.3173,7.869,0.3158,7.353,0.3147,6.956,0.3098,6.593,0.2631,5.636,0.06,2.91
gwsdd_2.5x0.8,gwsdd,2,2.5,0.8,gwsdd_2.5x0.8_static_0500rd.txt,15960.0,0.062855,0.028081,0.08857967731231677,9.032613309572257,0.6684396368020629,0.1325170926968037,13.512982791962976,0.3088,15.523,0.3279,16.157,0.3301,16.544,0.3292,16.32,0.3264,15.642,0.3239,14.684,0.3236,13.44,0.3233,12.179,0.3221,11.059,0.3207,10.093,0.3194,9.237,0.3183,8.534,0.3173,7.869,0.3158,7.353,0.3147,6.956,0.3098,6.593,0.2631,5.636,0.06,2.91
gwsdd_2.5x0.8,gwsdd,2,2.5,0.8,gwsdd_2.5x0.8_static_0500rd.txt,16896.667,0.06285,0.026149,0.09927407776827878,10.123138662874558,0.738599797575282,0.13440848223108298,13.705850849279111,0.3088,15.523,0.3279,16.157,0.3301,16.544,0.3292,16.32,0.3264,15.642,0.3239,14.684,0.3236,13.44,0.3233,12.179,0.3221,11.059,0.3207,10.093,0.3194,9.237,0.3183,8.534,0.3173,7.869,0.3158,7.353,0.3147,6.956,0.3098,6.593,0.2631,5.636,0.06,2.91
gwsdd_2.5x0.8,gwsdd,2,2.5,0.8,gwsdd_2.5x0.8_static_0500rd.txt,17923.333,0.061744,0.025731,0.10973894929487038,11.190258579114213,0.86748894671677,0.1265018415625986,12.899597881294696,0.3088,15.523,0.3279,16.157,0.3301,16.544,0.3292,16.32,0.3264,15.642,0.3239,14.684,0.3236,13.44,0.3233,12.179,0.3221,11.059,0.3207,10.093,0.3194,9.237,0.3183,8.534,0.3173,7.869,0.3158,7.353,0.3147,6.956,0.3098,6.593,0.2631,5.636,0.06,2.91
gwsdd_2.5x0.8,gwsdd,2,2.5,0.8,gwsdd_2.5x0.8_static_0500rd.txt,19083.333,0.061058,0.025333,0.1230210759503335,12.544658568454418,1.0308613886634759,0.11933813537223642,12.169103146562428,0.3088,15.523,0.3279,16.157,0.3301,16.544,0.3292,16.32,0.3264,15.642,0.3239,14.684,0.3236,13.44,0.3233,12.179,0.3221,11.059,0.3207,10.093,0.3194,9.237,0.3183,8.534,0.3173,7.869,0.3158,7.353,0.3147,6.956,0.3098,6.593,0.2631,5.636,0.06,2.91
gwsdd_2.5x0.8,gwsdd,2,2.5,0.8,gwsdd_2.5x0.8_static_0500rd.txt,20040.0,0.060415,0.025041,0.13423590753804468,13.688253128035027,1.1800374320655747,0.11375563510987437,11.599846543914015,0.3088,15.523,0.3279,16.157,0.3301,16.544,0.3292,16.32,0.3264,15.642,0.3239,14.684,0.3236,13.44,0.3233,12.179,0.3221,11.059,0.3207,10.093,0.3194,9.237,0.3183,8.534,0.3173,7.869,0.3158,7.353,0.3147,6.956,0.3098,6.593,0.2631,5.636,0.06,2.91
gwsdd_2.5x0.8,gwsdd,2,2.5,0.8,gwsdd_2.5x0.8_static_0500rd.txt,20966.667,0.061993,0.02517,0.15077520854670493,15.374792467020333,1.3583834211811243,0.11099606060828156,11.318448257894548,0.3088,15.523,0.3279,16.157,0.3301,16.544,0.3292,16.32,0.3264,15.642,0.3239,14.684,0.3236,13.44,0.3233,12.179,0.3221,11.059,0.3207,10.093,0.3194,9.237,0.3183,8.534,0.3173,7.869,0.3158,7.353,0.3147,6.956,0.3098,6.593,0.2631,5.636,0.06,2.91
gwsdd_2.5x0.8,gwsdd,2,2.5,0.8,gwsdd_2.5x0.8_static_0500rd.txt,22110.0,0.061263,0.027492,0.1656930278703095,16.895986689675837,1.7398969507132576,0.09523151805190813,9.710912294403098,0.3088,15.523,0.3279,16.157,0.3301,16.544,0.3292,16.32,0.3264,15.642,0.3239,14.684,0.3236,13.44,0.3233,12.179,0.3221,11.059,0.3207,10.093,0.3194,9.237,0.3183,8.534,0.3173,7.869,0.3158,7.353,0.3147,6.956,0.3098,6.593,0.2631,5.636,0.06,2.91
gwsdd_2.5x0.8,gwsdd,2,2.5,0.8,gwsdd_2.5x0.8_static_0500rd.txt,22893.333,0.062395,0.029538,0.18092406172397096,18.449119905775262,2.075196023306225,0.08718408270449592,8.890302264738308,0.3088,15.523,0.3279,16.157,0.3301,16.544,0.3292,16.32,0.3264,15.642,0.3239,14.684,0.3236,13.44,0.3233,12.179,0.3221,11.059,0.3207,10.093,0.3194,9.237,0.3183,8.534,0.3173,7.869,0.3158,7.353,0.3147,6.956,0.3098,6.593,0.2631,5.636,0.06,2.91
gwsdd_2.5x0.8,gwsdd,2,2.5,0.8,gwsdd_2.5x0.8_static_0500rd.txt,23886.667,0.061837,0.028686,0.19520368469700897,19.905236211857158,2.2892204854256457,0.08527080984106859,8.695202728869553,0.3088,15.523,0.3279,16.157,0.3301,16.544,0.3292,16.32,0.3264,15.642,0.3239,14.684,0.3236,13.44,0.3233,12.179,0.3221,11.059,0.3207,10.093,0.3194,9.237,0.3183,8.534,0.3173,7.869,0.3158,7.353,0.3147,6.956,0.3098,6.593,0.2631,5.636,0.06,2.91
gwsdd_2.5x0.8,gwsdd,2,2.5,0.8,gwsdd_2.5x0.8_static_0500rd.txt,25013.333,0.06111,0.027229,0.21153581231035648,21.570649743832654,2.4951539726845877,0.08477866080655565,8.645017493900125,0.3088,15.523,0.3279,16.157,0.3301,16.544,0.3292,16.32,0.3264,15.642,0.3239,14.684,0.3236,13.44,0.3233,12.179,0.3221,11.059,0.3207,10.093,0.3194,9.237,0.3183,8.534,0.3173,7.869,0.3158,7.353,0.3147,6.956,0.3098,6.593,0.2631,5.636,0.06,2.91
gwsdd_2.5x0.8,gwsdd,2,2.5,0.8,gwsdd_2.5x0.8_static_0500rd.txt,25986.667,0.061405,0.026134,0.22942111566958193,23.394443124775734,2.685397589002543,0.08543282998730832,8.711724185864524,0.3088,15.523,0.3279,16.157,0.3301,16.544,0.3292,16.32,0.3264,15.642,0.3239,14.684,0.3236,13.44,0.3233,12.179,0.3221,11.059,0.3207,10.093,0.3194,9.237,0.3183,8.534,0.3173,7.869,0.3158,7.353,0.3147,6.956,0.3098,6.593,0.2631,5.636,0.06,2.91
gwsdd_2.5x1,gwsdd,2,2.5,1.0,gwsdd_2.5x1_static_0456rd.txt,2943.333,0.071378,0.027552,0.0034211464328769274,0.34885984845762086,0.004113602211749972,0.8316668109290845,84.80641309000367,0.3122,16.092,0.3305,16.806,0.3314,17.346,0.3309,17.312,0.3287,17.026,0.3261,16.534,0.3253,15.656,0.3248,14.685,0.3233,13.731,0.322,12.773,0.3212,11.79,0.3206,10.924,0.3196,10.109,0.3185,9.359,0.3179,8.888,0.3125,8.564,0.2562,8.027,0.0724,6.065
gwsdd_2.5x1,gwsdd,2,2.5,1.0,gwsdd_2.5x1_static_0456rd.txt,3953.333,0.072971,0.03397,0.006309654547962418,0.64340570408472,0.012289570462262821,0.5134153848043157,52.35379918772627,0.3122,16.092,0.3305,16.806,0.3314,17.346,0.3309,17.312,0.3287,17.026,0.3261,16.534,0.3253,15.656,0.3248,14.685,0.3233,13.731,0.322,12.773,0.3212,11.79,0.3206,10.924,0.3196,10.109,0.3185,9.359,0.3179,8.888,0.3125,8.564,0.2562,8.027,0.0724,6.065
gwsdd_2.5x1,gwsdd,2,2.5,1.0,gwsdd_2.5x1_static_0456rd.txt,4916.667,0.073628,0.040575,0.00984720734963751,1.0041356986980785,0.028237216107499744,0.3487315219796796,35.56071869391481,0.3122,16.092,0.3305,16.806,0.3314,17.346,0.3309,17.312,0.3287,17.026,0.3261,16.534,0.3253,15.656,0.3248,14.685,0.3233,13.731,0.322,12.773,0.3212,11.79,0.3206,10.924,0.3196,10.109,0.3185,9.359,0.3179,8.888,0.3125,8.564,0.2562,8.027,0.0724,6.065
gwsdd_2.5x1,gwsdd,2,2.5,1.0,gwsdd_2.5x1_static_0456rd.txt,6013.333,0.074828,0.040655,0.01497004602243018,1.5265198638097803,0.05176195759651603,0.2892094255615591,29.491154019115513,0.3122,16.092,0.3305,16.806,0.3314,17.346,0.3309,17.312,0.3287,17.026,0.3261,16.534,0.3253,15.656,0.3248,14.685,0.3233,13.731,0.322,12.773,0.3212,11.79,0.3206,10.924,0.3196,10.109,0.3185,9.359,0.3179,8.888,0.3125,8.564,0.2562,8.027,0.0724,6.065
gwsdd_2.5x1,gwsdd,2,2.5,1.0,gwsdd_2.5x1_static_0456rd.txt,7020.0,0.074923,0.039633,0.020427624781109932,2.08303801819275,0.08028219678056164,0.2544477555459217,25.946450168602095,0.3122,16.092,0.3305,16.806,0.3314,17.346,0.3309,17.312,0.3287,17.026,0.3261,16.534,0.3253,15.656,0.3248,14.685,0.3233,13.731,0.322,12.773,0.3212,11.79,0.3206,10.924,0.3196,10.109,0.3185,9.359,0.3179,8.888,0.3125,8.564,0.2562,8.027,0.0724,6.065
gwsdd_2.5x1,gwsdd,2,2.5,1.0,gwsdd_2.5x1_static_0456rd.txt,8060.0,0.074791,0.037523,0.02688115423721326,2.7411148799246696,0.11504126346133625,0.23366532519218755,23.82723205092336,0.3122,16.092,0.3305,16.806,0.3314,17.346,0.3309,17.312,0.3287,17.026,0.3261,16.534,0.3253,15.656,0.3248,14.685,0.3233,13.731,0.322,12.773,0.3212,11.79,0.3206,10.924,0.3196,10.109,0.3185,9.359,0.3179,8.888,0.3125,8.564,0.2562,8.027,0.0724,6.065
gwsdd_2.5x1,gwsdd,2,2.5,1.0,gwsdd_2.5x1_static_0456rd.txt,9033.333,0.074573,0.037432,0.03366713372912962,3.4330922108089537,0.1615615669262707,0.20838578363438232,21.24943621260903,0.3122,16.092,0.3305,16.806,0.3314,17.346,0.3309,17.312,0.3287,17.026,0.3261,16.534,0.3253,15.656,0.3248,14.685,0.3233,13.731,0.322,12.773,0.3212,11.79,0.3206,10.924,0.3196,10.109,0.3185,9.359,0.3179,8.888,0.3125,8.564,0.2562,8.027,0.0724,6.065
gwsdd_2.5x1,gwsdd,2,2.5,1.0,gwsdd_2.5x1_static_0456rd.txt,10066.667,0.075002,0.036637,0.042050652463873205,4.287973208371178,0.21884064007819923,0.19215193507406608,19.594044355010745,0.3122,16.092,0.3305,16.806,0.3314,17.346,0.3309,17.312,0.3287,17.026,0.3261,16.534,0.3253,15.656,0.3248,14.685,0.3233,13.731,0.322,12.773,0.3212,11.79,0.3206,10.924,0.3196,10.109,0.3185,9.359,0.3179,8.888,0.3125,8.564,0.2562,8.027,0.0724,6.065
gwsdd_2.5x1,gwsdd,2,2.5,1.0,gwsdd_2.5x1_static_0456rd.txt,11030.0,0.075796,0.036515,0.05101827860440993,5.202416585114176,0.2869120617419416,0.1778185214475141,18.13244292877936,0.3122,16.092,0.3305,16.806,0.3314,17.346,0.3309,17.312,0.3287,17.026,0.3261,16.534,0.3253,15.656,0.3248,14.685,0.3233,13.731,0.322,12.773,0.3212,11.79,0.3206,10.924,0.3196,10.109,0.3185,9.359,0.3179,8.888,0.3125,8.564,0.2562,8.027,0.0724,6.065
gwsdd_2.5x1,gwsdd,2,2.5,1.0,gwsdd_2.5x1_static_0456rd.txt,11856.667,0.076136,0.035915,0.05921664398464942,6.0384171949288925,0.35052153332363484,0.16893867667175522,17.22695076012249,0.3122,16.092,0.3305,16.806,0.3314,17.346,0.3309,17.312,0.3287,17.026,0.3261,16.534,0.3253,15.656,0.3248,14.685,0.3233,13.731,0.322,12.773,0.3212,11.79,0.3206,10.924,0.3196,10.109,0.3185,9.359,0.3179,8.888,0.3125,8.564,0.2562,8.027,0.0724,6.065
gwsdd_2.5x1,gwsdd,2,2.5,1.0,gwsdd_2.5x1_static_0456rd.txt,13013.333,0.076381,0.034784,0.07156339168164283,7.297435075346101,0.4488447149936137,0.159439087263534,16.258262226502836,0.3122,16.092,0.3305,16.806,0.3314,17.346,0.3309,17.312,0.3287,17.026,0.3261,16.534,0.3253,15.656,0.3248,14.685,0.3233,13.731,0.322,12.773,0.3212,11.79,0.3206,10.924,0.3196,10.109,0.3185,9.359,0.3179,8.888,0.3125,8.564,0.2562,8.027,0.0724,6.065
gwsdd_2.5x1,gwsdd,2,2.5,1.0,gwsdd_2.5x1_static_0456rd.txt,14060.0,0.07574,0.034275,0.08283701316603452,8.44702453600715,0.5578075516936006,0.1485046462969656,15.14325955315685,0.3122,16.092,0.3305,16.806,0.3314,17.346,0.3309,17.312,0.3287,17.026,0.3261,16.534,0.3253,15.656,0.3248,14.685,0.3233,13.731,0.322,12.773,0.3212,11.79,0.3206,10.924,0.3196,10.109,0.3185,9.359,0.3179,8.888,0.3125,8.564,0.2562,8.027,0.0724,6.065
gwsdd_2.5x1,gwsdd,2,2.5,1.0,gwsdd_2.5x1_static_0456rd.txt,14993.333,0.075351,0.034078,0.09371603002894395,9.556375523644054,0.6725423278561061,0.1393459209142818,14.209329476863335,0.3122,16.092,0.3305,16.806,0.3314,17.346,0.3309,17.312,0.3287,17.026,0.3261,16.534,0.3253,15.656,0.3248,14.685,0.3233,13.731,0.322,12.773,0.3212,11.79,0.3206,10.924,0.3196,10.109,0.3185,9.359,0.3179,8.888,0.3125,8.564,0.2562,8.027,0.0724,6.065
gwsdd_2.5x1,gwsdd,2,2.5,1.0,gwsdd_2.5x1_static_0456rd.txt,15863.333,0.076968,0.035684,0.10715873364091823,10.927149805582767,0.8340802112285846,0.1284753339047277,13.100838095040379,0.3122,16.092,0.3305,16.806,0.3314,17.346,0.3309,17.312,0.3287,17.026,0.3261,16.534,0.3253,15.656,0.3248,14.685,0.3233,13.731,0.322,12.773,0.3212,11.79,0.3206,10.924,0.3196,10.109,0.3185,9.359,0.3179,8.888,0.3125,8.564,0.2562,8.027,0.0724,6.065
gwsdd_2.5x1,gwsdd,2,2.5,1.0,gwsdd_2.5x1_static_0456rd.txt,17003.333,0.076014,0.031681,0.12158785481237736,12.398510685338762,0.9119101011836515,0.13333315932629475,13.596198429259204,0.3122,16.092,0.3305,16.806,0.3314,17.346,0.3309,17.312,0.3287,17.026,0.3261,16.534,0.3253,15.656,0.3248,14.685,0.3233,13.731,0.322,12.773,0.3212,11.79,0.3206,10.924,0.3196,10.109,0.3185,9.359,0.3179,8.888,0.3125,8.564,0.2562,8.027,0.0724,6.065
gwsdd_2.5x1,gwsdd,2,2.5,1.0,gwsdd_2.5x1_static_0456rd.txt,17993.333,0.075375,0.031573,0.13501407618269848,13.76760424637348,1.0769651896301653,0.12536531123077704,12.783704040704732,0.3122,16.092,0.3305,16.806,0.3314,17.346,0.3309,17.312,0.3287,17.026,0.3261,16.534,0.3253,15.656,0.3248,14.685,0.3233,13.731,0.322,12.773,0.3212,11.79,0.3206,10.924,0.3196,10.109,0.3185,9.359,0.3179,8.888,0.3125,8.564,0.2562,8.027,0.0724,6.065
gwsdd_2.5x1,gwsdd,2,2.5,1.0,gwsdd_2.5x1_static_0456rd.txt,19006.667,0.074596,0.031341,0.1490925563071182,15.203209690069313,1.2600323956460333,0.11832438342244107,12.065729216647998,0.3122,16.092,0.3305,16.806,0.3314,17.346,0.3309,17.312,0.3287,17.026,0.3261,16.534,0.3253,15.656,0.3248,14.685,0.3233,13.731,0.322,12.773,0.3212,11.79,0.3206,10.924,0.3196,10.109,0.3185,9.359,0.3179,8.888,0.3125,8.564,0.2562,8.027,0.0724,6.065
gwsdd_2.5x1,gwsdd,2,2.5,1.0,gwsdd_2.5x1_static_0456rd.txt,19986.667,0.074761,0.031977,0.16522826569602134,16.848594137245783,1.494891976909976,0.11052856544026496,11.270777017663011,0.3122,16.092,0.3305,16.806,0.3314,17.346,0.3309,17.312,0.3287,17.026,0.3261,16.534,0.3253,15.656,0.3248,14.685,0.3233,13.731,0.322,12.773,0.3212,11.79,0.3206,10.924,0.3196,10.109,0.3185,9.359,0.3179,8.888,0.3125,8.564,0.2562,8.027,0.0724,6.065
gwsdd_2.5x1,gwsdd,2,2.5,1.0,gwsdd_2.5x1_static_0456rd.txt,20950.0,0.075031,0.033056,0.18219534568104348,18.57875479200782,1.7797268223190068,0.1023726469681682,10.439104787890686,0.3122,16.092,0.3305,16.806,0.3314,17.346,0.3309,17.312,0.3287,17.026,0.3261,16.534,0.3253,15.656,0.3248,14.685,0.3233,13.731,0.322,12.773,0.3212,11.79,0.3206,10.924,0.3196,10.109,0.3185,9.359,0.3179,8.888,0.3125,8.564,0.2562,8.027,0.0724,6.065
gwsdd_2.5x1,gwsdd,2,2.5,1.0,gwsdd_2.5x1_static_0456rd.txt,21983.333,0.074305,0.03362,0.1986706006355049,20.258763251008748,2.091362367000927,0.09499578063097892,9.686873767390386,0.3122,16.092,0.3305,16.806,0.3314,17.346,0.3309,17.312,0.3287,17.026,0.3261,16.534,0.3253,15.656,0.3248,14.685,0.3233,13.731,0.322,12.773,0.3212,11.79,0.3206,10.924,0.3196,10.109,0.3185,9.359,0.3179,8.888,0.3125,8.564,0.2562,8.027,0.0724,6.065
gwsdd_2.5x1,gwsdd,2,2.5,1.0,gwsdd_2.5x1_static_0456rd.txt,23003.333,0.073736,0.034962,0.215868660352686,22.012477283545966,2.491836434879608,0.08663034913971615,8.83383715537071,0.3122,16.092,0.3305,16.806,0.3314,17.346,0.3309,17.312,0.3287,17.026,0.3261,16.534,0.3253,15.656,0.3248,14.685,0.3233,13.731,0.322,12.773,0.3212,11.79,0.3206,10.924,0.3196,10.109,0.3185,9.359,0.3179,8.888,0.3125,8.564,0.2562,8.027,0.0724,6.065
gwsdd_2.5x1,gwsdd,2,2.5,1.0,gwsdd_2.5x1_static_0456rd.txt,23926.667,0.074106,0.035853,0.2347179329327934,23.934568168823546,2.875564285991289,0.08162499933534938,8.323433520656838,0.3122,16.092,0.3305,16.806,0.3314,17.346,0.3309,17.312,0.3287,17.026,0.3261,16.534,0.3253,15.656,0.3248,14.685,0.3233,13.731,0.322,12.773,0.3212,11.79,0.3206,10.924,0.3196,10.109,0.3185,9.359,0.3179,8.888,0.3125,8.564,0.2562,8.027,0.0724,6.065
gwsdd_2.5x1,gwsdd,2,2.5,1.0,gwsdd_2.5x1_static_0456rd.txt,24946.667,0.073949,0.034351,0.2546160957284771,25.963616089946836,3.122683282029488,0.08153759851143069,8.314521116939087,0.3122,16.092,0.3305,16.806,0.3314,17.346,0.3309,17.312,0.3287,17.026,0.3261,16.534,0.3253,15.656,0.3248,14.685,0.3233,13.731,0.322,12.773,0.3212,11.79,0.3206,10.924,0.3196,10.109,0.3185,9.359,0.3179,8.888,0.3125,8.564,0.2562,8.027,0.0724,6.065
gwsdd_2.5x1,gwsdd,2,2.5,1.0,gwsdd_2.5x1_static_0456rd.txt,25960.0,0.073645,0.033058,0.27458773319512036,28.00015634239219,3.3864261080778904,0.08108481461920168,8.26835000935097,0.3122,16.092,0.3305,16.806,0.3314,17.346,0.3309,17.312,0.3287,17.026,0.3261,16.534,0.3253,15.656,0.3248,14.685,0.3233,13.731,0.322,12.773,0.3212,11.79,0.3206,10.924,0.3196,10.109,0.3185,9.359,0.3179,8.888,0.3125,8.564,0.2562,8.027,0.0724,6.065
gwsdd_2.5x1,gwsdd,2,2.5,1.0,gwsdd_2.5x1_static_0456rd.txt,26953.333,0.073553,0.031926,0.2956336285583187,30.146240414241227,3.66043672568313,0.08076457830401262,8.23569499309271,0.3122,16.092,0.3305,16.806,0.3314,17.346,0.3309,17.312,0.3287,17.026,0.3261,16.534,0.3253,15.656,0.3248,14.685,0.3233,13.731,0.322,12.773,0.3212,11.79,0.3206,10.924,0.3196,10.109,0.3185,9.359,0.3179,8.888,0.3125,8.564,0.2562,8.027,0.0724,6.065
gwsdd_3x2,gwsdd,2,3.0,2.0,gwsdd_3x2_static_0392rd.txt,3986.667,0.127411,0.076966,0.023231664120887074,2.368970455852618,0.07105358488846852,0.32695977489880884,33.34061834559293,0.3065,29.162,0.3085,28.401,0.3057,27.59,0.3031,26.619,0.3004,25.551,0.2967,24.328,0.293,22.961,0.2903,21.39,0.288,19.813,0.2853,18.338,0.2831,16.92,0.2819,15.72,0.2806,14.706,0.2792,13.837,0.2783,13.045,0.2771,12.249,0.253,11.436,0.1128,5.54
gwsdd_3x2,gwsdd,2,3.0,2.0,gwsdd_3x2_static_0392rd.txt,5003.333,0.129049,0.087428,0.03706183634668457,3.779255540544893,0.1595460158721007,0.23229559286767157,23.687558225048473,0.3065,29.162,0.3085,28.401,0.3057,27.59,0.3031,26.619,0.3004,25.551,0.2967,24.328,0.293,22.961,0.2903,21.39,0.288,19.813,0.2853,18.338,0.2831,16.92,0.2819,15.72,0.2806,14.706,0.2792,13.837,0.2783,13.045,0.2771,12.249,0.253,11.436,0.1128,5.54
gwsdd_3x2,gwsdd,2,3.0,2.0,gwsdd_3x2_static_0392rd.txt,6013.333,0.129047,0.075038,0.053534271228038346,5.458976432118853,0.23773011896289775,0.225189266978802,22.962914652689964,0.3065,29.162,0.3085,28.401,0.3057,27.59,0.3031,26.619,0.3004,25.551,0.2967,24.328,0.293,22.961,0.2903,21.39,0.288,19.813,0.2853,18.338,0.2831,16.92,0.2819,15.72,0.2806,14.706,0.2792,13.837,0.2783,13.045,0.2771,12.249,0.253,11.436,0.1128,5.54
gwsdd_3x2,gwsdd,2,3.0,2.0,gwsdd_3x2_static_0392rd.txt,7103.333,0.130183,0.0702,0.07535847442880701,7.684425816033714,0.36659018258475534,0.20556599169532916,20.961897456861333,0.3065,29.162,0.3085,28.401,0.3057,27.59,0.3031,26.619,0.3004,25.551,0.2967,24.328,0.293,22.961,0.2903,21.39,0.288,19.813,0.2853,18.338,0.2831,16.92,0.2819,15.72,0.2806,14.706,0.2792,13.837,0.2783,13.045,0.2771,12.249,0.253,11.436,0.1128,5.54
gwsdd_3x2,gwsdd,2,3.0,2.0,gwsdd_3x2_static_0392rd.txt,8070.0,0.132546,0.075872,0.09903008886730627,10.098258719063725,0.5809775231168415,0.1704542515449262,17.381496387137933,0.3065,29.162,0.3085,28.401,0.3057,27.59,0.3031,26.619,0.3004,25.551,0.2967,24.328,0.293,22.961,0.2903,21.39,0.288,19.813,0.2853,18.338,0.2831,16.92,0.2819,15.72,0.2806,14.706,0.2792,13.837,0.2783,13.045,0.2771,12.249,0.253,11.436,0.1128,5.54
gwsdd_3x2,gwsdd,2,3.0,2.0,gwsdd_3x2_static_0392rd.txt,8950.0,0.132159,0.07163,0.12144965564626489,12.384418292308272,0.7482061116231298,0.16232112216083966,16.55214799761791,0.3065,29.162,0.3085,28.401,0.3057,27.59,0.3031,26.619,0.3004,25.551,0.2967,24.328,0.293,22.961,0.2903,21.39,0.288,19.813,0.2853,18.338,0.2831,16.92,0.2819,15.72,0.2806,14.706,0.2792,13.837,0.2783,13.045,0.2771,12.249,0.253,11.436,0.1128,5.54
gwsdd_3x2,gwsdd,2,3.0,2.0,gwsdd_3x2_static_0392rd.txt,10030.0,0.135044,0.069057,0.15585855037671686,15.89314907503754,1.015237616782929,0.15351928238297485,15.65461012506563,0.3065,29.162,0.3085,28.401,0.3057,27.59,0.3031,26.619,0.3004,25.551,0.2967,24.328,0.293,22.961,0.2903,21.39,0.288,19.813,0.2853,18.338,0.2831,16.92,0.2819,15.72,0.2806,14.706,0.2792,13.837,0.2783,13.045,0.2771,12.249,0.253,11.436,0.1128,5.54
gwsdd_3x2,gwsdd,2,3.0,2.0,gwsdd_3x2_static_0392rd.txt,11013.333,0.13535,0.068748,0.18834290945616267,19.205631837188303,1.338053797392349,0.14075884678419703,14.353407818592185,0.3065,29.162,0.3085,28.401,0.3057,27.59,0.3031,26.619,0.3004,25.551,0.2967,24.328,0.293,22.961,0.2903,21.39,0.288,19.813,0.2853,18.338,0.2831,16.92,0.2819,15.72,0.2806,14.706,0.2792,13.837,0.2783,13.045,0.2771,12.249,0.253,11.436,0.1128,5.54
gwsdd_3x2,gwsdd,2,3.0,2.0,gwsdd_3x2_static_0392rd.txt,11980.0,0.135046,0.070086,0.22235599061588732,22.67400086837884,1.7557348220519555,0.12664554340615988,12.91425139126612,0.3065,29.162,0.3085,28.401,0.3057,27.59,0.3031,26.619,0.3004,25.551,0.2967,24.328,0.293,22.961,0.2903,21.39,0.288,19.813,0.2853,18.338,0.2831,16.92,0.2819,15.72,0.2806,14.706,0.2792,13.837,0.2783,13.045,0.2771,12.249,0.253,11.436,0.1128,5.54
gwsdd_3x2,gwsdd,2,3.0,2.0,gwsdd_3x2_static_0392rd.txt,12970.0,0.135283,0.06918,0.26108183169666543,26.622937669506452,2.1991643171086634,0.11871865583919669,12.105933814217567,0.3065,29.162,0.3085,28.401,0.3057,27.59,0.3031,26.619,0.3004,25.551,0.2967,24.328,0.293,22.961,0.2903,21.39,0.288,19.813,0.2853,18.338,0.2831,16.92,0.2819,15.72,0.2806,14.706,0.2792,13.837,0.2783,13.045,0.2771,12.249,0.253,11.436,0.1128,5.54
gwsdd_3x2,gwsdd,2,3.0,2.0,gwsdd_3x2_static_0392rd.txt,13920.0,0.13541,0.069675,0.301011218604583,30.694601989933673,2.738116217061368,0.10993368971300921,11.210116575284038,0.3065,29.162,0.3085,28.401,0.3057,27.59,0.3031,26.619,0.3004,25.551,0.2967,24.328,0.293,22.961,0.2903,21.39,0.288,19.813,0.2853,18.338,0.2831,16.92,0.2819,15.72,0.2806,14.706,0.2792,13.837,0.2783,13.045,0.2771,12.249,0.253,11.436,0.1128,5.54
gwsdd_3x2,gwsdd,2,3.0,2.0,gwsdd_3x2_static_0392rd.txt,14913.333,0.136878,0.069388,0.3492501126140597,35.613600221692394,3.3532482766767755,0.10415277480144797,10.620627309167553,0.3065,29.162,0.3085,28.401,0.3057,27.59,0.3031,26.619,0.3004,25.551,0.2967,24.328,0.293,22.961,0.2903,21.39,0.288,19.813,0.2853,18.338,0.2831,16.92,0.2819,15.72,0.2806,14.706,0.2792,13.837,0.2783,13.045,0.2771,12.249,0.253,11.436,0.1128,5.54
gwsdd_3x2,gwsdd,2,3.0,2.0,gwsdd_3x2_static_0392rd.txt,15906.667,0.136661,0.066436,0.3966947440092127,40.45160620693231,3.8958142231044435,0.10182588832305765,10.38335092239018,0.3065,29.162,0.3085,28.401,0.3057,27.59,0.3031,26.619,0.3004,25.551,0.2967,24.328,0.293,22.961,0.2903,21.39,0.288,19.813,0.2853,18.338,0.2831,16.92,0.2819,15.72,0.2806,14.706,0.2792,13.837,0.2783,13.045,0.2771,12.249,0.253,11.436,0.1128,5.54
gwsdd_3x2,gwsdd,2,3.0,2.0,gwsdd_3x2_static_0392rd.txt,16946.667,0.137799,0.070409,0.4540128350437401,46.29642487941756,4.992732033873154,0.09093474914405447,9.272763802527313,0.3065,29.162,0.3085,28.401,0.3057,27.59,0.3031,26.619,0.3004,25.551,0.2967,24.328,0.293,22.961,0.2903,21.39,0.288,19.813,0.2853,18.338,0.2831,16.92,0.2819,15.72,0.2806,14.706,0.2792,13.837,0.2783,13.045,0.2771,12.249,0.253,11.436,0.1128,5.54
gwsdd_3x2,gwsdd,2,3.0,2.0,gwsdd_3x2_static_0392rd.txt,17953.333,0.137346,0.067437,0.5078783051525826,51.78917419838402,5.685788426640406,0.08932416527722885,9.108529954391036,0.3065,29.162,0.3085,28.401,0.3057,27.59,0.3031,26.619,0.3004,25.551,0.2967,24.328,0.293,22.961,0.2903,21.39,0.288,19.813,0.2853,18.338,0.2831,16.92,0.2819,15.72,0.2806,14.706,0.2792,13.837,0.2783,13.045,0.2771,12.249,0.253,11.436,0.1128,5.54
gwsdd_3x2,gwsdd,2,3.0,2.0,gwsdd_3x2_static_0392rd.txt,18936.667,0.137922,0.068744,0.5674062351707995,57.85933373484315,6.801467381967789,0.08342409120054303,8.506889835014306,0.3065,29.162,0.3085,28.401,0.3057,27.59,0.3031,26.619,0.3004,25.551,0.2967,24.328,0.293,22.961,0.2903,21.39,0.288,19.813,0.2853,18.338,0.2831,16.92,0.2819,15.72,0.2806,14.706,0.2792,13.837,0.2783,13.045,0.2771,12.249,0.253,11.436,0.1128,5.54
gwsdd_3x3,gwsdd,2,3.0,3.0,gwsdd_3x3_static_0401rd.txt,2963.333,0.186341,0.158068,0.018772530123361383,1.9142653325408152,0.05992975810270986,0.31324221417994574,31.941816438839542,0.2796,28.129,0.2987,28.41,0.3023,28.958,0.3028,29.296,0.3037,29.222,0.3035,28.817,0.3011,28.462,0.2964,28.156,0.2903,27.713,0.2825,27.035,0.2723,26.167,0.2599,25.05,0.2455,23.666,0.2282,22.325,0.2074,21.289,0.1833,20.572,0.1511,20.064,0.0283,19.524
gwsdd_3x3,gwsdd,2,3.0,3.0,gwsdd_3x3_static_0401rd.txt,4033.333,0.186951,0.14719,0.03489067932093044,3.5578591385366507,0.14071089929502045,0.24796003362736785,25.284886646037933,0.2796,28.129,0.2987,28.41,0.3023,28.958,0.3028,29.296,0.3037,29.222,0.3035,28.817,0.3011,28.462,0.2964,28.156,0.2903,27.713,0.2825,27.035,0.2723,26.167,0.2599,25.05,0.2455,23.666,0.2282,22.325,0.2074,21.289,0.1833,20.572,0.1511,20.064,0.0283,19.524
gwsdd_3x3,gwsdd,2,3.0,3.0,gwsdd_3x3_static_0401rd.txt,4996.667,0.188977,0.143425,0.054128156709884426,5.519535897567919,0.2606893409379583,0.20763471385186566,21.172848409178027,0.2796,28.129,0.2987,28.41,0.3023,28.958,0.3028,29.296,0.3037,29.222,0.3035,28.817,0.3011,28.462,0.2964,28.156,0.2903,27.713,0.2825,27.035,0.2723,26.167,0.2599,25.05,0.2455,23.666,0.2282,22.325,0.2074,21.289,0.1833,20.572,0.1511,20.064,0.0283,19.524
gwsdd_3x3,gwsdd,2,3.0,3.0,gwsdd_3x3_static_0401rd.txt,6010.0,0.188982,0.140298,0.07831101593153657,7.985501260016068,0.4437435876458979,0.17647807903429993,17.995755842647586,0.2796,28.129,0.2987,28.41,0.3023,28.958,0.3028,29.296,0.3037,29.222,0.3035,28.817,0.3011,28.462,0.2964,28.156,0.2903,27.713,0.2825,27.035,0.2723,26.167,0.2599,25.05,0.2455,23.666,0.2282,22.325,0.2074,21.289,0.1833,20.572,0.1511,20.064,0.0283,19.524
gwsdd_3x3,gwsdd,2,3.0,3.0,gwsdd_3x3_static_0401rd.txt,7006.667,0.192013,0.141135,0.10814515355424588,11.027736643425216,0.7073369651551618,0.15289057250178226,15.590499559154479,0.2796,28.129,0.2987,28.41,0.3023,28.958,0.3028,29.296,0.3037,29.222,0.3035,28.817,0.3011,28.462,0.2964,28.156,0.2903,27.713,0.2825,27.035,0.2723,26.167,0.2599,25.05,0.2455,23.666,0.2282,22.325,0.2074,21.289,0.1833,20.572,0.1511,20.064,0.0283,19.524
gwsdd_3x3,gwsdd,2,3.0,3.0,gwsdd_3x3_static_0401rd.txt,7926.667,0.191887,0.139478,0.13831849472411017,14.10456116248772,1.0121263861002305,0.1366612871906815,13.93557302347708,0.2796,28.129,0.2987,28.41,0.3023,28.958,0.3028,29.296,0.3037,29.222,0.3035,28.817,0.3011,28.462,0.2964,28.156,0.2903,27.713,0.2825,27.035,0.2723,26.167,0.2599,25.05,0.2455,23.666,0.2282,22.325,0.2074,21.289,0.1833,20.572,0.1511,20.064,0.0283,19.524
gwsdd_3x3,gwsdd,2,3.0,3.0,gwsdd_3x3_static_0401rd.txt,8876.667,0.193651,0.139657,0.17505441696628418,17.85058271339185,1.423212295154506,0.12299951143078061,12.542459599433101,0.2796,28.129,0.2987,28.41,0.3023,28.958,0.3028,29.296,0.3037,29.222,0.3035,28.817,0.3011,28.462,0.2964,28.156,0.2903,27.713,0.2825,27.035,0.2723,26.167,0.2599,25.05,0.2455,23.666,0.2282,22.325,0.2074,21.289,0.1833,20.572,0.1511,20.064,0.0283,19.524
gwsdd_3x3,gwsdd,2,3.0,3.0,gwsdd_3x3_static_0401rd.txt,9910.0,0.19368,0.143782,0.2182154814624065,22.251786437000046,2.038837805795249,0.10702934821109593,10.913956163531475,0.2796,28.129,0.2987,28.41,0.3023,28.958,0.3028,29.296,0.3037,29.222,0.3035,28.817,0.3011,28.462,0.2964,28.156,0.2903,27.713,0.2825,27.035,0.2723,26.167,0.2599,25.05,0.2455,23.666,0.2282,22.325,0.2074,21.289,0.1833,20.572,0.1511,20.064,0.0283,19.524
gwsdd_3x3,gwsdd,2,3.0,3.0,gwsdd_3x3_static_0401rd.txt,10933.333,0.194184,0.14204,0.2663005526212056,27.15509910328253,2.704740382031234,0.09845697368603507,10.039817234839122,0.2796,28.129,0.2987,28.41,0.3023,28.958,0.3028,29.296,0.3037,29.222,0.3035,28.817,0.3011,28.462,0.2964,28.156,0.2903,27.713,0.2825,27.035,0.2723,26.167,0.2599,25.05,0.2455,23.666,0.2282,22.325,0.2074,21.289,0.1833,20.572,0.1511,20.064,0.0283,19.524
gwsdd_3x3,gwsdd,2,3.0,3.0,gwsdd_3x3_static_0401rd.txt,11946.667,0.193538,0.14074,0.3168934326200367,32.31413710288802,3.4963509272599276,0.09063547659055622,9.242246495037167,0.2796,28.129,0.2987,28.41,0.3023,28.958,0.3028,29.296,0.3037,29.222,0.3035,28.817,0.3011,28.462,0.2964,28.156,0.2903,27.713,0.2825,27.035,0.2723,26.167,0.2599,25.05,0.2455,23.666,0.2282,22.325,0.2074,21.289,0.1833,20.572,0.1511,20.064,0.0283,19.524
gwsdd_3x3,gwsdd,2,3.0,3.0,gwsdd_3x3_static_0401rd.txt,12916.667,0.195937,0.140622,0.37503418327794596,38.242843710945735,4.415316646333056,0.0849393629762463,8.661404554689554,0.2796,28.129,0.2987,28.41,0.3023,28.958,0.3028,29.296,0.3037,29.222,0.3035,28.817,0.3011,28.462,0.2964,28.156,0.2903,27.713,0.2825,27.035,0.2723,26.167,0.2599,25.05,0.2455,23.666,0.2282,22.325,0.2074,21.289,0.1833,20.572,0.1511,20.064,0.0283,19.524
gwsdd_3x3,gwsdd,2,3.0,3.0,gwsdd_3x3_static_0401rd.txt,13876.667,0.195651,0.139471,0.43222101460082546,44.074277617823164,5.429959730870156,0.07959930386657982,8.116870069450814,0.2796,28.129,0.2987,28.41,0.3023,28.958,0.3028,29.296,0.3037,29.222,0.3035,28.817,0.3011,28.462,0.2964,28.156,0.2903,27.713,0.2825,27.035,0.2723,26.167,0.2599,25.05,0.2455,23.666,0.2282,22.325,0.2074,21.289,0.1833,20.572,0.1511,20.064,0.0283,19.524
gwsdd_3x3,gwsdd,2,3.0,3.0,gwsdd_3x3_static_0401rd.txt,14920.0,0.194753,0.143404,0.49736506362085287,50.71712191429825,6.9394480520644235,0.07167213586574674,7.308523896105882,0.2796,28.129,0.2987,28.41,0.3023,28.958,0.3028,29.296,0.3037,29.222,0.3035,28.817,0.3011,28.462,0.2964,28.156,0.2903,27.713,0.2825,27.035,0.2723,26.167,0.2599,25.05,0.2455,23.666,0.2282,22.325,0.2074,21.289,0.1833,20.572,0.1511,20.064,0.0283,19.524
gwsdd_4.5x3,gwsdd,2,4.5,3.0,gwsdd_4.5x3_static_0341rd.txt,1466.667,0.102951,0.06522,0.012862107051076948,1.3115699093040896,0.022766110811828392,0.5649672514285705,57.6106266083291,0.2305,24.346,0.2328,24.709,0.2334,24.743,0.2337,24.595,0.2328,24.188,0.2313,23.702,0.2295,23.133,0.2266,22.241,0.2224,21.101,0.2169,19.833,0.21,18.54,0.2012,17.274,0.1904,16.123,0.1777,15.216,0.1627,14.435,0.1454,13.738,0.1103,13.074,0.0179,11.837
gwsdd_4.5x3,gwsdd,2,4.5,3.0,gwsdd_4.5x3_static_0341rd.txt,1936.667,0.110924,0.065485,0.024163171509521592,2.463957774522553,0.052628401426122656,0.45912797757007207,46.81802425599691,0.2305,24.346,0.2328,24.709,0.2334,24.743,0.2337,24.595,0.2328,24.188,0.2313,23.702,0.2295,23.133,0.2266,22.241,0.2224,21.101,0.2169,19.833,0.21,18.54,0.2012,17.274,0.1904,16.123,0.1777,15.216,0.1627,14.435,0.1454,13.738,0.1103,13.074,0.0179,11.837
gwsdd_4.5x3,gwsdd,2,4.5,3.0,gwsdd_4.5x3_static_0341rd.txt,2533.333,0.1134,0.06326,0.04226843078059948,4.31018041641126,0.11379404052866911,0.3714467874084358,37.877031137894775,0.2305,24.346,0.2328,24.709,0.2334,24.743,0.2337,24.595,0.2328,24.188,0.2313,23.702,0.2295,23.133,0.2266,22.241,0.2224,21.101,0.2169,19.833,0.21,18.54,0.2012,17.274,0.1904,16.123,0.1777,15.216,0.1627,14.435,0.1454,13.738,0.1103,13.074,0.0179,11.837
gwsdd_4.5x3,gwsdd,2,4.5,3.0,gwsdd_4.5x3_static_0341rd.txt,3023.333,0.115239,0.059804,0.061177251190231874,6.238343490410271,0.18285282555575508,0.33457099174865,34.11674646782031,0.2305,24.346,0.2328,24.709,0.2334,24.743,0.2337,24.595,0.2328,24.188,0.2313,23.702,0.2295,23.133,0.2266,22.241,0.2224,21.101,0.2169,19.833,0.21,18.54,0.2012,17.274,0.1904,16.123,0.1777,15.216,0.1627,14.435,0.1454,13.738,0.1103,13.074,0.0179,11.837
gwsdd_4.5x3,gwsdd,2,4.5,3.0,gwsdd_4.5x3_static_0341rd.txt,3470.0,0.116229,0.058282,0.08128154692483046,8.288411121517589,0.26942405016847415,0.30168630778879657,30.763441928568533,0.2305,24.346,0.2328,24.709,0.2334,24.743,0.2337,24.595,0.2328,24.188,0.2313,23.702,0.2295,23.133,0.2266,22.241,0.2224,21.101,0.2169,19.833,0.21,18.54,0.2012,17.274,0.1904,16.123,0.1777,15.216,0.1627,14.435,0.1454,13.738,0.1103,13.074,0.0179,11.837
gwsdd_4.5x3,gwsdd,2,4.5,3.0,gwsdd_4.5x3_static_0341rd.txt,3970.0,0.117041,0.057143,0.10713652277410628,10.924884927483523,0.3955924978210457,0.2708254665197712,27.61651190975218,0.2305,24.346,0.2328,24.709,0.2334,24.743,0.2337,24.595,0.2328,24.188,0.2313,23.702,0.2295,23.133,0.2266,22.241,0.2224,21.101,0.2169,19.833,0.21,18.54,0.2012,17.274,0.1904,16.123,0.1777,15.216,0.1627,14.435,0.1454,13.738,0.1103,13.074,0.0179,11.837
gwsdd_4.5x3,gwsdd,2,4.5,3.0,gwsdd_4.5x3_static_0341rd.txt,4513.333,0.115325,0.055767,0.13643843457913837,13.912848381367581,0.5672609713935304,0.24052145566081237,24.52636279063823,0.2305,24.346,0.2328,24.709,0.2334,24.743,0.2337,24.595,0.2328,24.188,0.2313,23.702,0.2295,23.133,0.2266,22.241,0.2224,21.101,0.2169,19.833,0.21,18.54,0.2012,17.274,0.1904,16.123,0.1777,15.216,0.1627,14.435,0.1454,13.738,0.1103,13.074,0.0179,11.837
gwsdd_4.5x3,gwsdd,2,4.5,3.0,gwsdd_4.5x3_static_0341rd.txt,5053.333,0.114748,0.056505,0.1701842911650662,17.35396808951744,0.8067409878453942,0.2109528259120519,21.511201675602976,0.2305,24.346,0.2328,24.709,0.2334,24.743,0.2337,24.595,0.2328,24.188,0.2313,23.702,0.2295,23.133,0.2266,22.241,0.2224,21.101,0.2169,19.833,0.21,18.54,0.2012,17.274,0.1904,16.123,0.1777,15.216,0.1627,14.435,0.1454,13.738,0.1103,13.074,0.0179,11.837
gwsdd_4.5x3,gwsdd,2,4.5,3.0,gwsdd_4.5x3_static_0341rd.txt,5560.0,0.116244,0.056891,0.20870777995202608,21.282270699171082,1.0818858281263697,0.19291109516932128,19.671457140748505,0.2305,24.346,0.2328,24.709,0.2334,24.743,0.2337,24.595,0.2328,24.188,0.2313,23.702,0.2295,23.133,0.2266,22.241,0.2224,21.101,0.2169,19.833,0.21,18.54,0.2012,17.274,0.1904,16.123,0.1777,15.216,0.1627,14.435,0.1454,13.738,0.1103,13.074,0.0179,11.837
gwsdd_4.5x3,gwsdd,2,4.5,3.0,gwsdd_4.5x3_static_0341rd.txt,5953.333,0.118552,0.057904,0.24403254297728358,24.884394056816916,1.3517693089361225,0.18052824647227975,18.408757982825914,0.2305,24.346,0.2328,24.709,0.2334,24.743,0.2337,24.595,0.2328,24.188,0.2313,23.702,0.2295,23.133,0.2266,22.241,0.2224,21.101,0.2169,19.833,0.21,18.54,0.2012,17.274,0.1904,16.123,0.1777,15.216,0.1627,14.435,0.1454,13.738,0.1103,13.074,0.0179,11.837
gwsdd_4.5x3,gwsdd,2,4.5,3.0,gwsdd_4.5x3_static_0341rd.txt,6486.667,0.119121,0.057015,0.2911052562161627,29.684474944671493,1.7217394430982764,0.1690762544722317,17.240979791491664,0.2305,24.346,0.2328,24.709,0.2334,24.743,0.2337,24.595,0.2328,24.188,0.2313,23.702,0.2295,23.133,0.2266,22.241,0.2224,21.101,0.2169,19.833,0.21,18.54,0.2012,17.274,0.1904,16.123,0.1777,15.216,0.1627,14.435,0.1454,13.738,0.1103,13.074,0.0179,11.837
gwsdd_4.5x3,gwsdd,2,4.5,3.0,gwsdd_4.5x3_static_0341rd.txt,6923.333,0.121469,0.058881,0.3381539053542067,34.482101977148844,2.161893667592756,0.1564156047187729,15.949952809447968,0.2305,24.346,0.2328,24.709,0.2334,24.743,0.2337,24.595,0.2328,24.188,0.2313,23.702,0.2295,23.133,0.2266,22.241,0.2224,21.101,0.2169,19.833,0.21,18.54,0.2012,17.274,0.1904,16.123,0.1777,15.216,0.1627,14.435,0.1454,13.738,0.1103,13.074,0.0179,11.837
gwsdd_4.5x3,gwsdd,2,4.5,3.0,gwsdd_4.5x3_static_0341rd.txt,7473.333,0.119983,0.057948,0.38919467940182534,39.68681245907883,2.6760544355311393,0.14543600990858713,14.830345725460493,0.2305,24.346,0.2328,24.709,0.2334,24.743,0.2337,24.595,0.2328,24.188,0.2313,23.702,0.2295,23.133,0.2266,22.241,0.2224,21.101,0.2169,19.833,0.21,18.54,0.2012,17.274,0.1904,16.123,0.1777,15.216,0.1627,14.435,0.1454,13.738,0.1103,13.074,0.0179,11.837
gwsdd_4.5x3,gwsdd,2,4.5,3.0,gwsdd_4.5x3_static_0341rd.txt,7920.0,0.120292,0.058102,0.4382335453345661,44.687385124845505,3.1935970344407316,0.13722255519670168,13.992806432033538,0.2305,24.346,0.2328,24.709,0.2334,24.743,0.2337,24.595,0.2328,24.188,0.2313,23.702,0.2295,23.133,0.2266,22.241,0.2224,21.101,0.2169,19.833,0.21,18.54,0.2012,17.274,0.1904,16.123,0.1777,15.216,0.1627,14.435,0.1454,13.738,0.1103,13.074,0.0179,11.837
gwsdd_4.5x3,gwsdd,2,4.5,3.0,gwsdd_4.5x3_static_0341rd.txt,8496.667,0.119823,0.056986,0.5024072453826622,51.23128136342811,3.8674744800260283,0.12990576873290216,13.246701853630157,0.2305,24.346,0.2328,24.709,0.2334,24.743,0.2337,24.595,0.2328,24.188,0.2313,23.702,0.2295,23.133,0.2266,22.241,0.2224,21.101,0.2169,19.833,0.21,18.54,0.2012,17.274,0.1904,16.123,0.1777,15.216,0.1627,14.435,0.1454,13.738,0.1103,13.074,0.0179,11.837
gwsdd_4.5x3,gwsdd,2,4.5,3.0,gwsdd_4.5x3_static_0341rd.txt,8926.667,0.121248,0.05756,0.5611406894975568,57.22042588422722,4.530042508454092,0.12387095451098755,12.631322063190545,0.2305,24.346,0.2328,24.709,0.2334,24.743,0.2337,24.595,0.2328,24.188,0.2313,23.702,0.2295,23.133,0.2266,22.241,0.2224,21.101,0.2169,19.833,0.21,18.54,0.2012,17.274,0.1904,16.123,0.1777,15.216,0.1627,14.435,0.1454,13.738,0.1103,13.074,0.0179,11.837
gwsdd_4.5x3,gwsdd,2,4.5,3.0,gwsdd_4.5x3_static_0341rd.txt,9420.0,0.120602,0.057162,0.6215482171694192,63.38027941951832,5.286565452111639,0.11757127057249449,11.988933078318743,0.2305,24.346,0.2328,24.709,0.2334,24.743,0.2337,24.595,0.2328,24.188,0.2313,23.702,0.2295,23.133,0.2266,22.241,0.2224,21.101,0.2169,19.833,0.21,18.54,0.2012,17.274,0.1904,16.123,0.1777,15.216,0.1627,14.435,0.1454,13.738,0.1103,13.074,0.0179,11.837
gwsdd_4.5x3,gwsdd,2,4.5,3.0,gwsdd_4.5x3_static_0341rd.txt,9950.0,0.121332,0.056826,0.697653901752013,71.14089946638384,6.19340982552121,0.11264455629549777,11.486548035822405,0.2305,24.346,0.2328,24.709,0.2334,24.743,0.2337,24.595,0.2328,24.188,0.2313,23.702,0.2295,23.133,0.2266,22.241,0.2224,21.101,0.2169,19.833,0.21,18.54,0.2012,17.274,0.1904,16.123,0.1777,15.216,0.1627,14.435,0.1454,13.738,0.1103,13.074,0.0179,11.837
gwsdd_4.5x3,gwsdd,2,4.5,3.0,gwsdd_4.5x3_static_0341rd.txt,10370.0,0.121883,0.057115,0.761235717895982,77.62444034364253,7.046929713242266,0.10802374209373805,11.015356119953099,0.2305,24.346,0.2328,24.709,0.2334,24.743,0.2337,24.595,0.2328,24.188,0.2313,23.702,0.2295,23.133,0.2266,22.241,0.2224,21.101,0.2169,19.833,0.21,18.54,0.2012,17.274,0.1904,16.123,0.1777,15.216,0.1627,14.435,0.1454,13.738,0.1103,13.074,0.0179,11.837
gwsdd_4.5x3,gwsdd,2,4.5,3.0,gwsdd_4.5x3_static_0341rd.txt,10836.667,0.122139,0.057003,0.8330370658883625,84.9461402097926,8.02598579233915,0.1037924919682142,10.583888684536943,0.2305,24.346,0.2328,24.709,0.2334,24.743,0.2337,24.595,0.2328,24.188,0.2313,23.702,0.2295,23.133,0.2266,22.241,0.2224,21.101,0.2169,19.833,0.21,18.54,0.2012,17.274,0.1904,16.123,0.1777,15.216,0.1627,14.435,0.1454,13.738,0.1103,13.074,0.0179,11.837
gwsdd_4.5x4,gwsdd,2,4.5,4.0,gwsdd_4.5x4_static_0332rd.txt,1533.333,0.152759,0.107823,0.020859230409726263,2.1270495439040107,0.04300652461711081,0.4850247862489938,49.458763823425315,0.194,27.627,0.2207,28.79,0.241,29.821,0.251,30.595,0.251,30.835,0.2458,30.581,0.2389,29.91,0.2308,28.915,0.2214,27.482,0.2123,25.814,0.2032,24.206,0.194,22.736,0.185,21.37,0.1754,20.298,0.1631,19.332,0.1431,18.032,0.1012,16.872,0.0072,15.562
gwsdd_4.5x4,gwsdd,2,4.5,4.0,gwsdd_4.5x4_static_0332rd.txt,2026.667,0.149693,0.106366,0.035709584227228065,3.6413641995205364,0.09796332223314119,0.36451993882203637,37.17068915705531,0.194,27.627,0.2207,28.79,0.241,29.821,0.251,30.595,0.251,30.835,0.2458,30.581,0.2389,29.91,0.2308,28.915,0.2214,27.482,0.2123,25.814,0.2032,24.206,0.194,22.736,0.185,21.37,0.1754,20.298,0.1631,19.332,0.1431,18.032,0.1012,16.872,0.0072,15.562
gwsdd_4.5x4,gwsdd,2,4.5,4.0,gwsdd_4.5x4_static_0332rd.txt,2516.667,0.155091,0.105181,0.05705012687871555,5.817493933067414,0.1854932234524025,0.3075590893127942,31.36229898209829,0.194,27.627,0.2207,28.79,0.241,29.821,0.251,30.595,0.251,30.835,0.2458,30.581,0.2389,29.91,0.2308,28.915,0.2214,27.482,0.2123,25.814,0.2032,24.206,0.194,22.736,0.185,21.37,0.1754,20.298,0.1631,19.332,0.1431,18.032,0.1012,16.872,0.0072,15.562
gwsdd_4.5x4,gwsdd,2,4.5,4.0,gwsdd_4.5x4_static_0332rd.txt,2953.333,0.149945,0.09497,0.07595831714020337,7.745592749838465,0.27066816707830854,0.2806326209695263,28.616563349311573,0.194,27.627,0.2207,28.79,0.241,29.821,0.251,30.595,0.251,30.835,0.2458,30.581,0.2389,29.91,0.2308,28.915,0.2214,27.482,0.2123,25.814,0.2032,24.206,0.194,22.736,0.185,21.37,0.1754,20.298,0.1631,19.332,0.1431,18.032,0.1012,16.872,0.0072,15.562
gwsdd_4.5x4,gwsdd,2,4.5,4.0,gwsdd_4.5x4_static_0332rd.txt,3516.667,0.153478,0.095819,0.11023693579912733,11.241039070337713,0.4610615031901323,0.23909377607192653,24.380779988265775,0.194,27.627,0.2207,28.79,0.241,29.821,0.251,30.595,0.251,30.835,0.2458,30.581,0.2389,29.91,0.2308,28.915,0.2214,27.482,0.2123,25.814,0.2032,24.206,0.194,22.736,0.185,21.37,0.1754,20.298,0.1631,19.332,0.1431,18.032,0.1012,16.872,0.0072,15.562
gwsdd_4.5x4,gwsdd,2,4.5,4.0,gwsdd_4.5x4_static_0332rd.txt,3970.0,0.153208,0.093112,0.1402429266767652,14.300798608777228,0.6446005399981313,0.2175656363508038,22.185520677377475,0.194,27.627,0.2207,28.79,0.241,29.821,0.251,30.595,0.251,30.835,0.2458,30.581,0.2389,29.91,0.2308,28.915,0.2214,27.482,0.2123,25.814,0.2032,24.206,0.194,22.736,0.185,21.37,0.1754,20.298,0.1631,19.332,0.1431,18.032,0.1012,16.872,0.0072,15.562
gwsdd_4.5x4,gwsdd,2,4.5,4.0,gwsdd_4.5x4_static_0332rd.txt,4490.0,0.154349,0.091569,0.18072365930712048,18.428684546417024,0.9170668268188983,0.19706705555364032,20.095247159186915,0.194,27.627,0.2207,28.79,0.241,29.821,0.251,30.595,0.251,30.835,0.2458,30.581,0.2389,29.91,0.2308,28.915,0.2214,27.482,0.2123,25.814,0.2032,24.206,0.194,22.736,0.185,21.37,0.1754,20.298,0.1631,19.332,0.1431,18.032,0.1012,16.872,0.0072,15.562
gwsdd_4.5x4,gwsdd,2,4.5,4.0,gwsdd_4.5x4_static_0332rd.txt,5023.333,0.152437,0.092118,0.22340497502164308,22.780967508949857,1.2919148674624334,0.17292546176858614,17.63348970021222,0.194,27.627,0.2207,28.79,0.241,29.821,0.251,30.595,0.251,30.835,0.2458,30.581,0.2389,29.91,0.2308,28.915,0.2214,27.482,0.2123,25.814,0.2032,24.206,0.194,22.736,0.185,21.37,0.1754,20.298,0.1631,19.332,0.1431,18.032,0.1012,16.872,0.0072,15.562
gwsdd_4.5x4,gwsdd,2,4.5,4.0,gwsdd_4.5x4_static_0332rd.txt,5426.667,0.155269,0.092167,0.2655642501043668,27.080017141874833,1.6296279273066478,0.16296005097511773,16.617300604703722,0.194,27.627,0.2207,28.79,0.241,29.821,0.251,30.595,0.251,30.835,0.2458,30.581,0.2389,29.91,0.2308,28.915,0.2214,27.482,0.2123,25.814,0.2032,24.206,0.194,22.736,0.185,21.37,0.1754,20.298,0.1631,19.332,0.1431,18.032,0.1012,16.872,0.0072,15.562
gwsdd_4.5x4,gwsdd,2,4.5,4.0,gwsdd_4.5x4_static_0332rd.txt,5966.667,0.154473,0.090555,0.31939983802713195,32.56971932587907,2.128243550679795,0.15007673248915077,15.303567730993844,0.194,27.627,0.2207,28.79,0.241,29.821,0.251,30.595,0.251,30.835,0.2458,30.581,0.2389,29.91,0.2308,28.915,0.2214,27.482,0.2123,25.814,0.2032,24.206,0.194,22.736,0.185,21.37,0.1754,20.298,0.1631,19.332,0.1431,18.032,0.1012,16.872,0.0072,15.562
gwsdd_4.5x4,gwsdd,2,4.5,4.0,gwsdd_4.5x4_static_0332rd.txt,6373.333,0.158653,0.091897,0.37428292878654995,38.16623707245083,2.6321743640280855,0.14219534005861792,14.499889366768258,0.194,27.627,0.2207,28.79,0.241,29.821,0.251,30.595,0.251,30.835,0.2458,30.581,0.2389,29.91,0.2308,28.915,0.2214,27.482,0.2123,25.814,0.2032,24.206,0.194,22.736,0.185,21.37,0.1754,20.298,0.1631,19.332,0.1431,18.032,0.1012,16.872,0.0072,15.562
gwsdd_4.5x4,gwsdd,2,4.5,4.0,gwsdd_4.5x4_static_0332rd.txt,6930.0,0.156968,0.090565,0.43782051098313535,44.645267342378425,3.3348291175458016,0.13128724008063727,13.387572726735153,0.194,27.627,0.2207,28.79,0.241,29.821,0.251,30.595,0.251,30.835,0.2458,30.581,0.2389,29.91,0.2308,28.915,0.2214,27.482,0.2123,25.814,0.2032,24.206,0.194,22.736,0.185,21.37,0.1754,20.298,0.1631,19.332,0.1431,18.032,0.1012,16.872,0.0072,15.562
gwsdd_4.5x4,gwsdd,2,4.5,4.0,gwsdd_4.5x4_static_0332rd.txt,7423.333,0.154953,0.088465,0.49592543626693836,50.57032077895494,4.003886886967795,0.12386100063943373,12.630307050770012,0.194,27.627,0.2207,28.79,0.241,29.821,0.251,30.595,0.251,30.835,0.2458,30.581,0.2389,29.91,0.2308,28.915,0.2214,27.482,0.2123,25.814,0.2032,24.206,0.194,22.736,0.185,21.37,0.1754,20.298,0.1631,19.332,0.1431,18.032,0.1012,16.872,0.0072,15.562
gwsdd_4.5x4,gwsdd,2,4.5,4.0,gwsdd_4.5x4_static_0332rd.txt,7900.0,0.156544,0.088032,0.5674258524604365,57.861334141672906,4.8021456936888365,0.11816089903439816,12.049058448542384,0.194,27.627,0.2207,28.79,0.241,29.821,0.251,30.595,0.251,30.835,0.2458,30.581,0.2389,29.91,0.2308,28.915,0.2214,27.482,0.2123,25.814,0.2032,24.206,0.194,22.736,0.185,21.37,0.1754,20.298,0.1631,19.332,0.1431,18.032,0.1012,16.872,0.0072,15.562
gwsdd_4.5x4,gwsdd,2,4.5,4.0,gwsdd_4.5x4_static_0332rd.txt,8460.0,0.155109,0.086147,0.6447572488646599,65.74694201023387,5.7711815521549275,0.11172014656581218,11.39228447694291,0.194,27.627,0.2207,28.79,0.241,29.821,0.251,30.595,0.251,30.835,0.2458,30.581,0.2389,29.91,0.2308,28.915,0.2214,27.482,0.2123,25.814,0.2032,24.206,0.194,22.736,0.185,21.37,0.1754,20.298,0.1631,19.332,0.1431,18.032,0.1012,16.872,0.0072,15.562
gwsdd_4.5x4,gwsdd,2,4.5,4.0,gwsdd_4.5x4_static_0332rd.txt,8910.0,0.156672,0.086388,0.7223793206306359,73.66219051670407,6.760830084700616,0.10684772603076365,10.895435855339352,0.194,27.627,0.2207,28.79,0.241,29.821,0.251,30.595,0.251,30.835,0.2458,30.581,0.2389,29.91,0.2308,28.915,0.2214,27.482,0.2123,25.814,0.2032,24.206,0.194,22.736,0.185,21.37,0.1754,20.298,0.1631,19.332,0.1431,18.032,0.1012,16.872,0.0072,15.562
gwsdd_4.5x4,gwsdd,2,4.5,4.0,gwsdd_4.5x4_static_0332rd.txt,9456.667,0.156115,0.085183,0.8108477868540904,82.68346345123875,7.970410873647322,0.10173224438592088,10.373801898295635,0.194,27.627,0.2207,28.79,0.241,29.821,0.251,30.595,0.251,30.835,0.2458,30.581,0.2389,29.91,0.2308,28.915,0.2214,27.482,0.2123,25.814,0.2032,24.206,0.194,22.736,0.185,21.37,0.1754,20.298,0.1631,19.332,0.1431,18.032,0.1012,16.872,0.0072,15.562
gwsdd_4x2.5,gwsdd,2,4.0,2.5,gwsdd_4x2.5_static_0374rd.txt,2040.0,0.118639,0.074804,0.017901780672537615,1.8254735992961528,0.03899116406961137,0.4591240374505712,46.8176224756233,0.2506,20.632,0.2545,21.099,0.2547,21.481,0.2549,21.832,0.2552,21.987,0.2549,21.911,0.2542,21.555,0.253,20.815,0.2511,19.811,0.2491,18.682,0.2466,17.468,0.2446,16.271,0.2433,15.19,0.2425,14.207,0.242,13.409,0.2412,12.74,0.2081,10.804,0.0582,4.632
gwsdd_4x2.5,gwsdd,2,4.0,2.5,gwsdd_4x2.5_static_0374rd.txt,2940.0,0.12317,0.071605,0.03860184139321178,3.9362923519460553,0.11172136098060154,0.3455188967838864,35.233122094077636,0.2506,20.632,0.2545,21.099,0.2547,21.481,0.2549,21.832,0.2552,21.987,0.2549,21.911,0.2542,21.555,0.253,20.815,0.2511,19.811,0.2491,18.682,0.2466,17.468,0.2446,16.271,0.2433,15.19,0.2425,14.207,0.242,13.409,0.2412,12.74,0.2081,10.804,0.0582,4.632
gwsdd_4x2.5,gwsdd,2,4.0,2.5,gwsdd_4x2.5_static_0374rd.txt,4030.0,0.123368,0.06387,0.0726475606444412,7.407989542243397,0.2566628024142259,0.2830467054871314,28.862731461521665,0.2506,20.632,0.2545,21.099,0.2547,21.481,0.2549,21.832,0.2552,21.987,0.2549,21.911,0.2542,21.555,0.253,20.815,0.2511,19.811,0.2491,18.682,0.2466,17.468,0.2446,16.271,0.2433,15.19,0.2425,14.207,0.242,13.409,0.2412,12.74,0.2081,10.804,0.0582,4.632
gwsdd_4x2.5,gwsdd,2,4.0,2.5,gwsdd_4x2.5_static_0374rd.txt,4966.667,0.125293,0.072646,0.11206379186561116,11.427326545314779,0.5464591624905148,0.20507258283468952,20.911583755379212,0.2506,20.632,0.2545,21.099,0.2547,21.481,0.2549,21.832,0.2552,21.987,0.2549,21.911,0.2542,21.555,0.253,20.815,0.2511,19.811,0.2491,18.682,0.2466,17.468,0.2446,16.271,0.2433,15.19,0.2425,14.207,0.242,13.409,0.2412,12.74,0.2081,10.804,0.0582,4.632
gwsdd_4x2.5,gwsdd,2,4.0,2.5,gwsdd_4x2.5_static_0374rd.txt,6103.333,0.125649,0.063001,0.1697077157683252,17.30537092364112,0.8794264385319605,0.19297545346899145,19.67801986090984,0.2506,20.632,0.2545,21.099,0.2547,21.481,0.2549,21.832,0.2552,21.987,0.2549,21.911,0.2542,21.555,0.253,20.815,0.2511,19.811,0.2491,18.682,0.2466,17.468,0.2446,16.271,0.2433,15.19,0.2425,14.207,0.242,13.409,0.2412,12.74,0.2081,10.804,0.0582,4.632
gwsdd_4x2.5,gwsdd,2,4.0,2.5,gwsdd_4x2.5_static_0374rd.txt,6906.667,0.127838,0.06273,0.22110849164424534,22.546791375673177,1.2689126202261567,0.17425036848072128,17.768592585716966,0.2506,20.632,0.2545,21.099,0.2547,21.481,0.2549,21.832,0.2552,21.987,0.2549,21.911,0.2542,21.555,0.253,20.815,0.2511,19.811,0.2491,18.682,0.2466,17.468,0.2446,16.271,0.2433,15.19,0.2425,14.207,0.242,13.409,0.2412,12.74,0.2081,10.804,0.0582,4.632
gwsdd_4x2.5,gwsdd,2,4.0,2.5,gwsdd_4x2.5_static_0374rd.txt,7946.667,0.127542,0.064635,0.2920328264314452,29.779060783391394,1.9914695673807374,0.14664187252207864,14.953309491220615,0.2506,20.632,0.2545,21.099,0.2547,21.481,0.2549,21.832,0.2552,21.987,0.2549,21.911,0.2542,21.555,0.253,20.815,0.2511,19.811,0.2491,18.682,0.2466,17.468,0.2446,16.271,0.2433,15.19,0.2425,14.207,0.242,13.409,0.2412,12.74,0.2081,10.804,0.0582,4.632
gwsdd_4x2.5,gwsdd,2,4.0,2.5,gwsdd_4x2.5_static_0374rd.txt,8946.667,0.127281,0.061474,0.3693980039449429,37.6681133664343,2.7028762921593965,0.13666848350274347,13.936306843085404,0.2506,20.632,0.2545,21.099,0.2547,21.481,0.2549,21.832,0.2552,21.987,0.2549,21.911,0.2542,21.555,0.253,20.815,0.2511,19.811,0.2491,18.682,0.2466,17.468,0.2446,16.271,0.2433,15.19,0.2425,14.207,0.242,13.409,0.2412,12.74,0.2081,10.804,0.0582,4.632
gwsdd_4x2.5,gwsdd,2,4.0,2.5,gwsdd_4x2.5_static_0374rd.txt,9913.333,0.128861,0.056527,0.45916556068497966,46.82185666715746,3.381161374618755,0.13580113748245842,13.84786216317075,0.2506,20.632,0.2545,21.099,0.2547,21.481,0.2549,21.832,0.2552,21.987,0.2549,21.911,0.2542,21.555,0.253,20.815,0.2511,19.811,0.2491,18.682,0.2466,17.468,0.2446,16.271,0.2433,15.19,0.2425,14.207,0.242,13.409,0.2412,12.74,0.2081,10.804,0.0582,4.632
gwsdd_4x2.5,gwsdd,2,4.0,2.5,gwsdd_4x2.5_static_0374rd.txt,10886.667,0.128791,0.059648,0.553456908633251,56.43689829179701,4.7253238753636895,0.11712570888924595,11.943498431089717,0.2506,20.632,0.2545,21.099,0.2547,21.481,0.2549,21.832,0.2552,21.987,0.2549,21.911,0.2542,21.555,0.253,20.815,0.2511,19.811,0.2491,18.682,0.2466,17.468,0.2446,16.271,0.2433,15.19,0.2425,14.207,0.242,13.409,0.2412,12.74,0.2081,10.804,0.0582,4.632
gwsdd_4x2.5,gwsdd,2,4.0,2.5,gwsdd_4x2.5_static_0374rd.txt,11886.667,0.129001,0.060692,0.6608786001255454,67.39086233581759,6.258389885236369,0.10559882210032448,10.768083096707285,0.2506,20.632,0.2545,21.099,0.2547,21.481,0.2549,21.832,0.2552,21.987,0.2549,21.911,0.2542,21.555,0.253,20.815,0.2511,19.811,0.2491,18.682,0.2466,17.468,0.2446,16.271,0.2433,15.19,0.2425,14.207,0.242,13.409,0.2412,12.74,0.2081,10.804,0.0582,4.632
gwsdd_4x2.5,gwsdd,2,4.0,2.5,gwsdd_4x2.5_static_0374rd.txt,12890.0,0.128096,0.058974,0.771702350149978,78.69173980411028,7.754793092715899,0.0995129516575807,10.147497020652384,0.2506,20.632,0.2545,21.099,0.2547,21.481,0.2549,21.832,0.2552,21.987,0.2549,21.911,0.2542,21.555,0.253,20.815,0.2511,19.811,0.2491,18.682,0.2466,17.468,0.2446,16.271,0.2433,15.19,0.2425,14.207,0.242,13.409,0.2412,12.74,0.2081,10.804,0.0582,4.632
gwsdd_4x2.5,gwsdd,2,4.0,2.5,gwsdd_4x2.5_static_0374rd.txt,13956.667,0.128118,0.058964,0.9048612770404109,92.27017146940199,9.84199102002848,0.09193884400006214,9.375152982931189,0.2506,20.632,0.2545,21.099,0.2547,21.481,0.2549,21.832,0.2552,21.987,0.2549,21.911,0.2542,21.555,0.253,20.815,0.2511,19.811,0.2491,18.682,0.2466,17.468,0.2446,16.271,0.2433,15.19,0.2425,14.207,0.242,13.409,0.2412,12.74,0.2081,10.804,0.0582,4.632
gwsdd_4x4,gwsdd,2,4.0,4.0,gwsdd_4x4_static_0437rd.txt,2013.333,0.159341,0.131444,0.02341893720690603,2.388066996059412,0.06586254070975406,0.3555729395577015,36.258349136320916,0.2397,29.313,0.2514,29.176,0.253,29.309,0.2531,29.394,0.2527,29.354,0.2524,29.149,0.2518,28.728,0.2498,28.174,0.2459,27.617,0.2401,26.879,0.2319,25.902,0.2209,24.647,0.2071,23.179,0.1907,21.747,0.1721,20.554,0.1513,19.582,0.126,18.769,0.0353,18.557
gwsdd_4x4,gwsdd,2,4.0,4.0,gwsdd_4x4_static_0437rd.txt,2516.667,0.163405,0.130832,0.037525394781792086,3.826525345739074,0.12803895501033932,0.2930779525556254,29.88563398873473,0.2397,29.313,0.2514,29.176,0.253,29.309,0.2531,29.394,0.2527,29.354,0.2524,29.149,0.2518,28.728,0.2498,28.174,0.2459,27.617,0.2401,26.879,0.2319,25.902,0.2209,24.647,0.2071,23.179,0.1907,21.747,0.1721,20.554,0.1513,19.582,0.126,18.769,0.0353,18.557
gwsdd_4x4,gwsdd,2,4.0,4.0,gwsdd_4x4_static_0437rd.txt,2900.0,0.165483,0.128848,0.05046122636676787,5.145613065294252,0.19294012374714214,0.2615382709762324,26.669481522867894,0.2397,29.313,0.2514,29.176,0.253,29.309,0.2531,29.394,0.2527,29.354,0.2524,29.149,0.2518,28.728,0.2498,28.174,0.2459,27.617,0.2401,26.879,0.2319,25.902,0.2209,24.647,0.2071,23.179,0.1907,21.747,0.1721,20.554,0.1513,19.582,0.126,18.769,0.0353,18.557
gwsdd_4x4,gwsdd,2,4.0,4.0,gwsdd_4x4_static_0437rd.txt,3533.333,0.165701,0.126186,0.07500715416124107,7.6486011187552405,0.34175569454034616,0.21947594541803914,22.380317990143336,0.2397,29.313,0.2514,29.176,0.253,29.309,0.2531,29.394,0.2527,29.354,0.2524,29.149,0.2518,28.728,0.2498,28.174,0.2459,27.617,0.2401,26.879,0.2319,25.902,0.2209,24.647,0.2071,23.179,0.1907,21.747,0.1721,20.554,0.1513,19.582,0.126,18.769,0.0353,18.557
gwsdd_4x4,gwsdd,2,4.0,4.0,gwsdd_4x4_static_0437rd.txt,3996.667,0.165263,0.124457,0.09571499502731882,9.760213225445879,0.4878250517826835,0.1962076254131327,20.00760967436716,0.2397,29.313,0.2514,29.176,0.253,29.309,0.2531,29.394,0.2527,29.354,0.2524,29.149,0.2518,28.728,0.2498,28.174,0.2459,27.617,0.2401,26.879,0.2319,25.902,0.2209,24.647,0.2071,23.179,0.1907,21.747,0.1721,20.554,0.1513,19.582,0.126,18.769,0.0353,18.557
gwsdd_4x4,gwsdd,2,4.0,4.0,gwsdd_4x4_static_0437rd.txt,4496.667,0.169401,0.125271,0.12419549527512332,12.664416011086693,0.6993162225504687,0.17759561593204753,18.109712891971014,0.2397,29.313,0.2514,29.176,0.253,29.309,0.2531,29.394,0.2527,29.354,0.2524,29.149,0.2518,28.728,0.2498,28.174,0.2459,27.617,0.2401,26.879,0.2319,25.902,0.2209,24.647,0.2071,23.179,0.1907,21.747,0.1721,20.554,0.1513,19.582,0.126,18.769,0.0353,18.557
gwsdd_4x4,gwsdd,2,4.0,4.0,gwsdd_4x4_static_0437rd.txt,4900.0,0.167896,0.124083,0.14616417152793984,14.904597546352715,0.8962958847377707,0.16307580344486697,16.629104071713275,0.2397,29.313,0.2514,29.176,0.253,29.309,0.2531,29.394,0.2527,29.354,0.2524,29.149,0.2518,28.728,0.2498,28.174,0.2459,27.617,0.2401,26.879,0.2319,25.902,0.2209,24.647,0.2071,23.179,0.1907,21.747,0.1721,20.554,0.1513,19.582,0.126,18.769,0.0353,18.557
gwsdd_4x4,gwsdd,2,4.0,4.0,gwsdd_4x4_static_0437rd.txt,5433.333,0.169868,0.125417,0.18182459936133832,18.540949188697297,1.2351117535485605,0.14721307512372367,15.011555946599877,0.2397,29.313,0.2514,29.176,0.253,29.309,0.2531,29.394,0.2527,29.354,0.2524,29.149,0.2518,28.728,0.2498,28.174,0.2459,27.617,0.2401,26.879,0.2319,25.902,0.2209,24.647,0.2071,23.179,0.1907,21.747,0.1721,20.554,0.1513,19.582,0.126,18.769,0.0353,18.557
gwsdd_4x4,gwsdd,2,4.0,4.0,gwsdd_4x4_static_0437rd.txt,5940.0,0.167103,0.123784,0.21377925365910885,21.799417095451442,1.5928494311632448,0.1342118404141863,13.685798964395213,0.2397,29.313,0.2514,29.176,0.253,29.309,0.2531,29.394,0.2527,29.354,0.2524,29.149,0.2518,28.728,0.2498,28.174,0.2459,27.617,0.2401,26.879,0.2319,25.902,0.2209,24.647,0.2071,23.179,0.1907,21.747,0.1721,20.554,0.1513,19.582,0.126,18.769,0.0353,18.557
gwsdd_4x4,gwsdd,2,4.0,4.0,gwsdd_4x4_static_0437rd.txt,6440.0,0.167538,0.124778,0.2519378861518351,25.690514717241374,2.0461925525341136,0.12312520922814514,12.555277207623924,0.2397,29.313,0.2514,29.176,0.253,29.309,0.2531,29.394,0.2527,29.354,0.2524,29.149,0.2518,28.728,0.2498,28.174,0.2459,27.617,0.2401,26.879,0.2319,25.902,0.2209,24.647,0.2071,23.179,0.1907,21.747,0.1721,20.554,0.1513,19.582,0.126,18.769,0.0353,18.557
gwsdd_4x4,gwsdd,2,4.0,4.0,gwsdd_4x4_static_0437rd.txt,6960.0,0.167878,0.129436,0.2948632754881255,30.067686262701898,2.6793761019169895,0.1100492294744147,11.221898352078917,0.2397,29.313,0.2514,29.176,0.253,29.309,0.2531,29.394,0.2527,29.354,0.2524,29.149,0.2518,28.728,0.2498,28.174,0.2459,27.617,0.2401,26.879,0.2319,25.902,0.2209,24.647,0.2071,23.179,0.1907,21.747,0.1721,20.554,0.1513,19.582,0.126,18.769,0.0353,18.557
gwsdd_4x4,gwsdd,2,4.0,4.0,gwsdd_4x4_static_0437rd.txt,7420.0,0.17136,0.130388,0.34207842485763784,34.88229159372853,3.270395051151775,0.10459850247668516,10.666078882868785,0.2397,29.313,0.2514,29.176,0.253,29.309,0.2531,29.394,0.2527,29.354,0.2524,29.149,0.2518,28.728,0.2498,28.174,0.2459,27.617,0.2401,26.879,0.2319,25.902,0.2209,24.647,0.2071,23.179,0.1907,21.747,0.1721,20.554,0.1513,19.582,0.126,18.769,0.0353,18.557
gwsdd_4x4,gwsdd,2,4.0,4.0,gwsdd_4x4_static_0437rd.txt,7950.0,0.169072,0.128057,0.3874488419086198,39.50878657937418,3.9505320237573844,0.09807510471465915,10.000877436704599,0.2397,29.313,0.2514,29.176,0.253,29.309,0.2531,29.394,0.2527,29.354,0.2524,29.149,0.2518,28.728,0.2498,28.174,0.2459,27.617,0.2401,26.879,0.2319,25.902,0.2209,24.647,0.2071,23.179,0.1907,21.747,0.1721,20.554,0.1513,19.582,0.126,18.769,0.0353,18.557
gwsdd_4x4,gwsdd,2,4.0,4.0,gwsdd_4x4_static_0437rd.txt,8433.333,0.169608,0.127449,0.4373742908468279,44.599765551623435,4.693372857187357,0.09318976014808622,9.502710930652794,0.2397,29.313,0.2514,29.176,0.253,29.309,0.2531,29.394,0.2527,29.354,0.2524,29.149,0.2518,28.728,0.2498,28.174,0.2459,27.617,0.2401,26.879,0.2319,25.902,0.2209,24.647,0.2071,23.179,0.1907,21.747,0.1721,20.554,0.1513,19.582,0.126,18.769,0.0353,18.557
gwsdd_4x4,gwsdd,2,4.0,4.0,gwsdd_4x4_static_0437rd.txt,8936.667,0.170732,0.127661,0.49439548782865667,50.41430945620132,5.594172393336875,0.0883768774122018,9.011933474958504,0.2397,29.313,0.2514,29.176,0.253,29.309,0.2531,29.394,0.2527,29.354,0.2524,29.149,0.2518,28.728,0.2498,28.174,0.2459,27.617,0.2401,26.879,0.2319,25.902,0.2209,24.647,0.2071,23.179,0.1907,21.747,0.1721,20.554,0.1513,19.582,0.126,18.769,0.0353,18.557
gwsdd_4x4,gwsdd,2,4.0,4.0,gwsdd_4x4_static_0437rd.txt,9413.333,0.170837,0.127294,0.5488797400527933,55.97015699069441,6.519121538091792,0.08419535313855424,8.585536665278587,0.2397,29.313,0.2514,29.176,0.253,29.309,0.2531,29.394,0.2527,29.354,0.2524,29.149,0.2518,28.728,0.2498,28.174,0.2459,27.617,0.2401,26.879,0.2319,25.902,0.2209,24.647,0.2071,23.179,0.1907,21.747,0.1721,20.554,0.1513,19.582,0.126,18.769,0.0353,18.557
gwsdd_4x4,gwsdd,2,4.0,4.0,gwsdd_4x4_static_0437rd.txt,10026.667,0.170829,0.12818,0.6227062169263754,63.49836253219759,7.933063296364279,0.07849505212088267,8.004267728621159,0.2397,29.313,0.2514,29.176,0.253,29.309,0.2531,29.394,0.2527,29.354,0.2524,29.149,0.2518,28.728,0.2498,28.174,0.2459,27.617,0.2401,26.879,0.2319,25.902,0.2209,24.647,0.2071,23.179,0.1907,21.747,0.1721,20.554,0.1513,19.582,0.126,18.769,0.0353,18.557
gwsdd_4x4,gwsdd,2,4.0,4.0,gwsdd_4x4_static_0437rd.txt,10420.0,0.171018,0.128641,0.6732644462453532,68.65386714579935,8.935800035529542,0.07534461867637966,7.683012922494396,0.2397,29.313,0.2514,29.176,0.253,29.309,0.2531,29.394,0.2527,29.354,0.2524,29.149,0.2518,28.728,0.2498,28.174,0.2459,27.617,0.2401,26.879,0.2319,25.902,0.2209,24.647,0.2071,23.179,0.1907,21.747,0.1721,20.554,0.1513,19.582,0.126,18.769,0.0353,18.557
gwsdd_5x3,gwsdd,2,5.0,3.0,gwsdd_5x3_static_0323rd.txt,1546.667,0.102379,0.054877,0.021679686302960865,2.2107127615404716,0.03804361360812093,0.5698640125588132,58.109957279887965,0.229,17.203,0.2344,18.057,0.2359,18.977,0.2372,19.627,0.2382,20.203,0.2386,20.535,0.2382,20.568,0.2361,20.243,0.2321,19.49,0.2261,18.343,0.2177,17.002,0.2078,15.77,0.1967,14.733,0.1842,13.766,0.1696,12.898,0.1532,12.256,0.1266,11.657,0.0242,5.746
gwsdd_5x3,gwsdd,2,5.0,3.0,gwsdd_5x3_static_0323rd.txt,1960.0,0.106432,0.054953,0.03619368794535962,3.6907290405347006,0.07752835386960416,0.46684453027642253,47.60489364629334,0.229,17.203,0.2344,18.057,0.2359,18.977,0.2372,19.627,0.2382,20.203,0.2386,20.535,0.2382,20.568,0.2361,20.243,0.2321,19.49,0.2261,18.343,0.2177,17.002,0.2078,15.77,0.1967,14.733,0.1842,13.766,0.1696,12.898,0.1532,12.256,0.1266,11.657,0.0242,5.746
gwsdd_5x3,gwsdd,2,5.0,3.0,gwsdd_5x3_static_0323rd.txt,2523.333,0.103345,0.050033,0.0582488125277353,5.939725852124355,0.15061949553715984,0.3867282407234231,39.435305708210564,0.229,17.203,0.2344,18.057,0.2359,18.977,0.2372,19.627,0.2382,20.203,0.2386,20.535,0.2382,20.568,0.2361,20.243,0.2321,19.49,0.2261,18.343,0.2177,17.002,0.2078,15.77,0.1967,14.733,0.1842,13.766,0.1696,12.898,0.1532,12.256,0.1266,11.657,0.0242,5.746
gwsdd_5x3,gwsdd,2,5.0,3.0,gwsdd_5x3_static_0323rd.txt,2973.333,0.105053,0.047745,0.08221366949266629,8.38346117100807,0.23515785652065896,0.3496105582398166,35.65035544654053,0.229,17.203,0.2344,18.057,0.2359,18.977,0.2372,19.627,0.2382,20.203,0.2386,20.535,0.2382,20.568,0.2361,20.243,0.2321,19.49,0.2261,18.343,0.2177,17.002,0.2078,15.77,0.1967,14.733,0.1842,13.766,0.1696,12.898,0.1532,12.256,0.1266,11.657,0.0242,5.746
gwsdd_5x3,gwsdd,2,5.0,3.0,gwsdd_5x3_static_0323rd.txt,3566.667,0.108192,0.047448,0.12183406871445132,12.4236175161193,0.4033727389266766,0.3020384298617607,30.799348387243427,0.229,17.203,0.2344,18.057,0.2359,18.977,0.2372,19.627,0.2382,20.203,0.2386,20.535,0.2382,20.568,0.2361,20.243,0.2321,19.49,0.2261,18.343,0.2177,17.002,0.2078,15.77,0.1967,14.733,0.1842,13.766,0.1696,12.898,0.1532,12.256,0.1266,11.657,0.0242,5.746
gwsdd_5x3,gwsdd,2,5.0,3.0,gwsdd_5x3_static_0323rd.txt,3936.667,0.109839,0.047473,0.1506823557941134,15.365324121296613,0.5426673074400602,0.2776698609410092,28.31444590568739,0.229,17.203,0.2344,18.057,0.2359,18.977,0.2372,19.627,0.2382,20.203,0.2386,20.535,0.2382,20.568,0.2361,20.243,0.2321,19.49,0.2261,18.343,0.2177,17.002,0.2078,15.77,0.1967,14.733,0.1842,13.766,0.1696,12.898,0.1532,12.256,0.1266,11.657,0.0242,5.746
gwsdd_5x3,gwsdd,2,5.0,3.0,gwsdd_5x3_static_0323rd.txt,4443.333,0.109073,0.04665,0.1906265791254807,19.43850133587726,0.7667948312426675,0.24860180501810547,25.350329115253984,0.229,17.203,0.2344,18.057,0.2359,18.977,0.2372,19.627,0.2382,20.203,0.2386,20.535,0.2382,20.568,0.2361,20.243,0.2321,19.49,0.2261,18.343,0.2177,17.002,0.2078,15.77,0.1967,14.733,0.1842,13.766,0.1696,12.898,0.1532,12.256,0.1266,11.657,0.0242,5.746
gwsdd_5x3,gwsdd,2,5.0,3.0,gwsdd_5x3_static_0323rd.txt,4973.333,0.109492,0.04801,0.23973196166148988,24.44585680752244,1.1065607617530355,0.21664599897948825,22.09174376361839,0.229,17.203,0.2344,18.057,0.2359,18.977,0.2372,19.627,0.2382,20.203,0.2386,20.535,0.2382,20.568,0.2361,20.243,0.2321,19.49,0.2261,18.343,0.2177,17.002,0.2078,15.77,0.1967,14.733,0.1842,13.766,0.1696,12.898,0.1532,12.256,0.1266,11.657,0.0242,5.746
gwsdd_5x3,gwsdd,2,5.0,3.0,gwsdd_5x3_static_0323rd.txt,5410.0,0.111259,0.047291,0.2882558661319026,29.39391801806964,1.4030438201395037,0.20545036583621568,20.95010690054358,0.229,17.203,0.2344,18.057,0.2359,18.977,0.2372,19.627,0.2382,20.203,0.2386,20.535,0.2382,20.568,0.2361,20.243,0.2321,19.49,0.2261,18.343,0.2177,17.002,0.2078,15.77,0.1967,14.733,0.1842,13.766,0.1696,12.898,0.1532,12.256,0.1266,11.657,0.0242,5.746
gwsdd_5x3,gwsdd,2,5.0,3.0,gwsdd_5x3_static_0323rd.txt,5920.0,0.111005,0.046312,0.34437722833734147,35.116704311598916,1.8003610104281997,0.19128231856978198,19.505368150161573,0.229,17.203,0.2344,18.057,0.2359,18.977,0.2372,19.627,0.2382,20.203,0.2386,20.535,0.2382,20.568,0.2361,20.243,0.2321,19.49,0.2261,18.343,0.2177,17.002,0.2078,15.77,0.1967,14.733,0.1842,13.766,0.1696,12.898,0.1532,12.256,0.1266,11.657,0.0242,5.746
gwsdd_5x3,gwsdd,2,5.0,3.0,gwsdd_5x3_static_0323rd.txt,6473.333,0.110636,0.046215,0.4103938409200158,41.84852532924249,2.3489174007985865,0.17471616531960205,17.816090644573027,0.229,17.203,0.2344,18.057,0.2359,18.977,0.2372,19.627,0.2382,20.203,0.2386,20.535,0.2382,20.568,0.2361,20.243,0.2321,19.49,0.2261,18.343,0.2177,17.002,0.2078,15.77,0.1967,14.733,0.1842,13.766,0.1696,12.898,0.1532,12.256,0.1266,11.657,0.0242,5.746
gwsdd_5x3,gwsdd,2,5.0,3.0,gwsdd_5x3_static_0323rd.txt,6920.0,0.111362,0.046549,0.4720605224413426,48.136776824026825,2.8902112108150035,0.16333080457058619,16.655106949935625,0.229,17.203,0.2344,18.057,0.2359,18.977,0.2372,19.627,0.2382,20.203,0.2386,20.535,0.2382,20.568,0.2361,20.243,0.2321,19.49,0.2261,18.343,0.2177,17.002,0.2078,15.77,0.1967,14.733,0.1842,13.766,0.1696,12.898,0.1532,12.256,0.1266,11.657,0.0242,5.746
gwsdd_5x3,gwsdd,2,5.0,3.0,gwsdd_5x3_static_0323rd.txt,7413.333,0.11269,0.046981,0.5482275647474028,55.903653617433356,3.5864412823062795,0.1528611572290575,15.587500036103819,0.229,17.203,0.2344,18.057,0.2359,18.977,0.2372,19.627,0.2382,20.203,0.2386,20.535,0.2382,20.568,0.2361,20.243,0.2321,19.49,0.2261,18.343,0.2177,17.002,0.2078,15.77,0.1967,14.733,0.1842,13.766,0.1696,12.898,0.1532,12.256,0.1266,11.657,0.0242,5.746
gwsdd_5x3,gwsdd,2,5.0,3.0,gwsdd_5x3_static_0323rd.txt,7973.333,0.11131,0.046304,0.6264154481338668,63.87659885219386,4.397837306996336,0.1424371581771178,14.524547952370872,0.229,17.203,0.2344,18.057,0.2359,18.977,0.2372,19.627,0.2382,20.203,0.2386,20.535,0.2382,20.568,0.2361,20.243,0.2321,19.49,0.2261,18.343,0.2177,17.002,0.2078,15.77,0.1967,14.733,0.1842,13.766,0.1696,12.898,0.1532,12.256,0.1266,11.657,0.0242,5.746
gwsdd_5x3,gwsdd,2,5.0,3.0,gwsdd_5x3_static_0323rd.txt,8446.667,0.111712,0.046009,0.705535782758863,71.9446276515286,5.195171098666656,0.1358060724775627,13.84836539262263,0.229,17.203,0.2344,18.057,0.2359,18.977,0.2372,19.627,0.2382,20.203,0.2386,20.535,0.2382,20.568,0.2361,20.243,0.2321,19.49,0.2261,18.343,0.2177,17.002,0.2078,15.77,0.1967,14.733,0.1842,13.766,0.1696,12.898,0.1532,12.256,0.1266,11.657,0.0242,5.746
gwsdd_5x3,gwsdd,2,5.0,3.0,gwsdd_5x3_static_0323rd.txt,8900.0,0.11275,0.046074,0.7905785658745964,80.61657812551651,6.08592898283713,0.1299026932624583,13.246388242922741,0.229,17.203,0.2344,18.057,0.2359,18.977,0.2372,19.627,0.2382,20.203,0.2386,20.535,0.2382,20.568,0.2361,20.243,0.2321,19.49,0.2261,18.343,0.2177,17.002,0.2078,15.77,0.1967,14.733,0.1842,13.766,0.1696,12.898,0.1532,12.256,0.1266,11.657,0.0242,5.746
gwsdd_5x3,gwsdd,2,5.0,3.0,gwsdd_5x3_static_0323rd.txt,9476.667,0.11245,0.044713,0.8939622337607591,91.15877835558108,7.130198372445109,0.12537690917766134,12.78488670215225,0.229,17.203,0.2344,18.057,0.2359,18.977,0.2372,19.627,0.2382,20.203,0.2386,20.535,0.2382,20.568,0.2361,20.243,0.2321,19.49,0.2261,18.343,0.2177,17.002,0.2078,15.77,0.1967,14.733,0.1842,13.766,0.1696,12.898,0.1532,12.256,0.1266,11.657,0.0242,5.746
gwsdd_5x4.3_spec2,gwsdd,2,5.0,4.3,gwsdd_5x4.3_spec2_static_0420rd.txt,1526.667,0.164946,0.127315,0.034031327948476506,3.4702296858230395,0.08488158313404791,0.40092711153529104,40.883187585494646,0.2405,23.28,0.2451,24.395,0.2461,25.384,0.2474,26.288,0.2486,26.991,0.2495,27.445,0.2496,27.665,0.2483,27.649,0.2448,27.25,0.2388,26.294,0.2302,24.823,0.2192,23.023,0.2063,21.239,0.192,19.713,0.1764,18.353,0.1587,17.231,0.118,16.715,0.0198,12.094
gwsdd_5x4.3_spec2,gwsdd,2,5.0,4.3,gwsdd_5x4.3_spec2_static_0420rd.txt,1943.333,0.161754,0.117674,0.05407517728598618,5.514133499817592,0.1618166236693084,0.33417566168291374,34.07643402006942,0.2405,23.28,0.2451,24.395,0.2461,25.384,0.2474,26.288,0.2486,26.991,0.2495,27.445,0.2496,27.665,0.2483,27.649,0.2448,27.25,0.2388,26.294,0.2302,24.823,0.2192,23.023,0.2063,21.239,0.192,19.713,0.1764,18.353,0.1587,17.231,0.118,16.715,0.0198,12.094
gwsdd_5x4.3_spec2,gwsdd,2,5.0,4.3,gwsdd_5x4.3_spec2_static_0420rd.txt,2433.333,0.160786,0.11204,0.08427520053936044,8.59367883419521,0.3024674745528851,0.27862566268964334,28.411910559634876,0.2405,23.28,0.2451,24.395,0.2461,25.384,0.2474,26.288,0.2486,26.991,0.2495,27.445,0.2496,27.665,0.2483,27.649,0.2448,27.25,0.2388,26.294,0.2302,24.823,0.2192,23.023,0.2063,21.239,0.192,19.713,0.1764,18.353,0.1587,17.231,0.118,16.715,0.0198,12.094
gwsdd_5x4.3_spec2,gwsdd,2,5.0,4.3,gwsdd_5x4.3_spec2_static_0420rd.txt,2953.333,0.161575,0.109009,0.12475198729630586,12.721162404725964,0.5261390695294867,0.23710838924748262,24.178326874873953,0.2405,23.28,0.2451,24.395,0.2461,25.384,0.2474,26.288,0.2486,26.991,0.2495,27.445,0.2496,27.665,0.2483,27.649,0.2448,27.25,0.2388,26.294,0.2302,24.823,0.2192,23.023,0.2063,21.239,0.192,19.713,0.1764,18.353,0.1587,17.231,0.118,16.715,0.0198,12.094
gwsdd_5x4.3_spec2,gwsdd,2,5.0,4.3,gwsdd_5x4.3_spec2_static_0420rd.txt,3470.0,0.161006,0.10705,0.1716127228367794,17.499627582995153,0.8380617864162371,0.20477335396789603,20.88107090269318,0.2405,23.28,0.2451,24.395,0.2461,25.384,0.2474,26.288,0.2486,26.991,0.2495,27.445,0.2496,27.665,0.2483,27.649,0.2448,27.25,0.2388,26.294,0.2302,24.823,0.2192,23.023,0.2063,21.239,0.192,19.713,0.1764,18.353,0.1587,17.231,0.118,16.715,0.0198,12.094
gwsdd_5x4.3_spec2,gwsdd,2,5.0,4.3,gwsdd_5x4.3_spec2_static_0420rd.txt,3916.667,0.164786,0.107477,0.22377011306088507,22.81820122680886,1.209947215314737,0.18494204559384597,18.8588402353348,0.2405,23.28,0.2451,24.395,0.2461,25.384,0.2474,26.288,0.2486,26.991,0.2495,27.445,0.2496,27.665,0.2483,27.649,0.2448,27.25,0.2388,26.294,0.2302,24.823,0.2192,23.023,0.2063,21.239,0.192,19.713,0.1764,18.353,0.1587,17.231,0.118,16.715,0.0198,12.094
gwsdd_5x4.3_spec2,gwsdd,2,5.0,4.3,gwsdd_5x4.3_spec2_static_0420rd.txt,4433.333,0.164284,0.105701,0.2858277874369367,29.14632289690534,1.7257230470323497,0.16562784389329577,16.889339773857106,0.2405,23.28,0.2451,24.395,0.2461,25.384,0.2474,26.288,0.2486,26.991,0.2495,27.445,0.2496,27.665,0.2483,27.649,0.2448,27.25,0.2388,26.294,0.2302,24.823,0.2192,23.023,0.2063,21.239,0.192,19.713,0.1764,18.353,0.1587,17.231,0.118,16.715,0.0198,12.094
gwsdd_5x4.3_spec2,gwsdd,2,5.0,4.3,gwsdd_5x4.3_spec2_static_0420rd.txt,4896.667,0.164938,0.106663,0.35008244795054155,35.69847480541689,2.3464777945490694,0.14919486933300305,15.213642715198674,0.2405,23.28,0.2451,24.395,0.2461,25.384,0.2474,26.288,0.2486,26.991,0.2495,27.445,0.2496,27.665,0.2483,27.649,0.2448,27.25,0.2388,26.294,0.2302,24.823,0.2192,23.023,0.2063,21.239,0.192,19.713,0.1764,18.353,0.1587,17.231,0.118,16.715,0.0198,12.094
gwsdd_5x4.3_spec2,gwsdd,2,5.0,4.3,gwsdd_5x4.3_spec2_static_0420rd.txt,5430.0,0.164134,0.106924,0.42839726001078804,43.68436316283217,3.207566199397652,0.1335583533992959,13.619161833989784,0.2405,23.28,0.2451,24.395,0.2461,25.384,0.2474,26.288,0.2486,26.991,0.2495,27.445,0.2496,27.665,0.2483,27.649,0.2448,27.25,0.2388,26.294,0.2302,24.823,0.2192,23.023,0.2063,21.239,0.192,19.713,0.1764,18.353,0.1587,17.231,0.118,16.715,0.0198,12.094
gwsdd_5x4.3_spec2,gwsdd,2,5.0,4.3,gwsdd_5x4.3_spec2_static_0420rd.txt,5933.333,0.163702,0.105896,0.5101523640278295,52.02106366881958,4.144543170950786,0.12309013152607533,12.551700277472465,0.2405,23.28,0.2451,24.395,0.2461,25.384,0.2474,26.288,0.2486,26.991,0.2495,27.445,0.2496,27.665,0.2483,27.649,0.2448,27.25,0.2388,26.294,0.2302,24.823,0.2192,23.023,0.2063,21.239,0.192,19.713,0.1764,18.353,0.1587,17.231,0.118,16.715,0.0198,12.094
gwsdd_5x4.3_spec2,gwsdd,2,5.0,4.3,gwsdd_5x4.3_spec2_static_0420rd.txt,6436.667,0.161753,0.103365,0.5932297180631428,60.49259615293121,5.164848369495918,0.11485907729001561,11.71236633203139,0.2405,23.28,0.2451,24.395,0.2461,25.384,0.2474,26.288,0.2486,26.991,0.2495,27.445,0.2496,27.665,0.2483,27.649,0.2448,27.25,0.2388,26.294,0.2302,24.823,0.2192,23.023,0.2063,21.239,0.192,19.713,0.1764,18.353,0.1587,17.231,0.118,16.715,0.0198,12.094
gwsdd_5x4.3_spec2,gwsdd,2,5.0,4.3,gwsdd_5x4.3_spec2_static_0420rd.txt,6920.0,0.161965,0.103276,0.6865652782566051,70.01017455059629,6.412370899656927,0.10706886563491477,10.917985819307795,0.2405,23.28,0.2451,24.395,0.2461,25.384,0.2474,26.288,0.2486,26.991,0.2495,27.445,0.2496,27.665,0.2483,27.649,0.2448,27.25,0.2388,26.294,0.2302,24.823,0.2192,23.023,0.2063,21.239,0.192,19.713,0.1764,18.353,0.1587,17.231,0.118,16.715,0.0198,12.094
gwsdd_5x4.3_spec3,gwsdd,2,5.0,4.3,gwsdd_5x4.3_spec3_static_0428rd.txt,1566.667,0.136558,0.089034,0.02967010003404015,3.0255082045387724,0.0641485603805204,0.46252168182795084,47.164085781378034,0.2403,21.367,0.2449,22.135,0.246,22.799,0.2471,23.496,0.2485,24.014,0.2494,24.312,0.2494,24.411,0.248,24.29,0.2443,23.779,0.2382,22.783,0.2293,21.427,0.218,19.845,0.2052,18.142,0.1909,16.601,0.1754,15.293,0.1578,14.108,0.1164,13.081,0.012,12.614
gwsdd_5x4.3_spec3,gwsdd,2,5.0,4.3,gwsdd_5x4.3_spec3_static_0428rd.txt,1980.0,0.144081,0.09307,0.05000179167407511,5.098763764799918,0.13536494995097176,0.3693850711885567,37.66679459229775,0.2403,21.367,0.2449,22.135,0.246,22.799,0.2471,23.496,0.2485,24.014,0.2494,24.312,0.2494,24.411,0.248,24.29,0.2443,23.779,0.2382,22.783,0.2293,21.427,0.218,19.845,0.2052,18.142,0.1909,16.601,0.1754,15.293,0.1578,14.108,0.1164,13.081,0.012,12.614
gwsdd_5x4.3_spec3,gwsdd,2,5.0,4.3,gwsdd_5x4.3_spec3_static_0428rd.txt,2556.667,0.147357,0.085129,0.08526436749204375,8.694545792094523,0.2665636777629446,0.3198649126077464,32.61714373488872,0.2403,21.367,0.2449,22.135,0.246,22.799,0.2471,23.496,0.2485,24.014,0.2494,24.312,0.2494,24.411,0.248,24.29,0.2443,23.779,0.2382,22.783,0.2293,21.427,0.218,19.845,0.2052,18.142,0.1909,16.601,0.1754,15.293,0.1578,14.108,0.1164,13.081,0.012,12.614
gwsdd_5x4.3_spec3,gwsdd,2,5.0,4.3,gwsdd_5x4.3_spec3_static_0428rd.txt,2936.667,0.147349,0.079761,0.11248770869097235,11.470554031292274,0.37849107368670926,0.29720042693551735,30.306009385010924,0.2403,21.367,0.2449,22.135,0.246,22.799,0.2471,23.496,0.2485,24.014,0.2494,24.312,0.2494,24.411,0.248,24.29,0.2443,23.779,0.2382,22.783,0.2293,21.427,0.218,19.845,0.2052,18.142,0.1909,16.601,0.1754,15.293,0.1578,14.108,0.1164,13.081,0.012,12.614
gwsdd_5x4.3_spec3,gwsdd,2,5.0,4.3,gwsdd_5x4.3_spec3_static_0428rd.txt,3466.667,0.146727,0.076396,0.1560927609462284,15.91703190653571,0.5963592246006828,0.26174284643747536,26.690342414328583,0.2403,21.367,0.2449,22.135,0.246,22.799,0.2471,23.496,0.2485,24.014,0.2494,24.312,0.2494,24.411,0.248,24.29,0.2443,23.779,0.2382,22.783,0.2293,21.427,0.218,19.845,0.2052,18.142,0.1909,16.601,0.1754,15.293,0.1578,14.108,0.1164,13.081,0.012,12.614
gwsdd_5x4.3_spec3,gwsdd,2,5.0,4.3,gwsdd_5x4.3_spec3_static_0428rd.txt,3986.667,0.145988,0.074222,0.20539295970918267,20.944253104697598,0.8811776612587275,0.23308915867861077,23.76847941739644,0.2403,21.367,0.2449,22.135,0.246,22.799,0.2471,23.496,0.2485,24.014,0.2494,24.312,0.2494,24.411,0.248,24.29,0.2443,23.779,0.2382,22.783,0.2293,21.427,0.218,19.845,0.2052,18.142,0.1909,16.601,0.1754,15.293,0.1578,14.108,0.1164,13.081,0.012,12.614
gwsdd_5x4.3_spec3,gwsdd,2,5.0,4.3,gwsdd_5x4.3_spec3_static_0428rd.txt,4466.667,0.145427,0.072456,0.2568388218323575,26.190271074460448,1.2098346682905312,0.21229249629229496,21.64781003628099,0.2403,21.367,0.2449,22.135,0.246,22.799,0.2471,23.496,0.2485,24.014,0.2494,24.312,0.2494,24.411,0.248,24.29,0.2443,23.779,0.2382,22.783,0.2293,21.427,0.218,19.845,0.2052,18.142,0.1909,16.601,0.1754,15.293,0.1578,14.108,0.1164,13.081,0.012,12.614
gwsdd_5x4.3_spec3,gwsdd,2,5.0,4.3,gwsdd_5x4.3_spec3_static_0428rd.txt,4966.667,0.145059,0.07231,0.31675482326133975,32.30000288185464,1.6599478049218954,0.19082215857759685,19.458444889702076,0.2403,21.367,0.2449,22.135,0.246,22.799,0.2471,23.496,0.2485,24.014,0.2494,24.312,0.2494,24.411,0.248,24.29,0.2443,23.779,0.2382,22.783,0.2293,21.427,0.218,19.845,0.2052,18.142,0.1909,16.601,0.1754,15.293,0.1578,14.108,0.1164,13.081,0.012,12.614
gwsdd_5x4.3_spec3,gwsdd,2,5.0,4.3,gwsdd_5x4.3_spec3_static_0428rd.txt,5416.667,0.144315,0.072135,0.37482126331891225,38.22113191751641,2.1480450748918325,0.17449413315397344,17.793449664663616,0.2403,21.367,0.2449,22.135,0.246,22.799,0.2471,23.496,0.2485,24.014,0.2494,24.312,0.2494,24.411,0.248,24.29,0.2443,23.779,0.2382,22.783,0.2293,21.427,0.218,19.845,0.2052,18.142,0.1909,16.601,0.1754,15.293,0.1578,14.108,0.1164,13.081,0.012,12.614
gwsdd_5x4.3_spec3,gwsdd,2,5.0,4.3,gwsdd_5x4.3_spec3_static_0428rd.txt,5933.333,0.144655,0.072431,0.45079528789169154,45.96832637972107,2.8347945759531648,0.15902220630576633,16.215752199351087,0.2403,21.367,0.2449,22.135,0.246,22.799,0.2471,23.496,0.2485,24.014,0.2494,24.312,0.2494,24.411,0.248,24.29,0.2443,23.779,0.2382,22.783,0.2293,21.427,0.218,19.845,0.2052,18.142,0.1909,16.601,0.1754,15.293,0.1578,14.108,0.1164,13.081,0.012,12.614
gwsdd_5x4.3_spec3,gwsdd,2,5.0,4.3,gwsdd_5x4.3_spec3_static_0428rd.txt,6453.333,0.144211,0.070883,0.5316367712570081,54.21186350660095,3.5694003329429993,0.1489428816236674,15.1879471199306,0.2403,21.367,0.2449,22.135,0.246,22.799,0.2471,23.496,0.2485,24.014,0.2494,24.312,0.2494,24.411,0.248,24.29,0.2443,23.779,0.2382,22.783,0.2293,21.427,0.218,19.845,0.2052,18.142,0.1909,16.601,0.1754,15.293,0.1578,14.108,0.1164,13.081,0.012,12.614
gwsdd_5x4.3_spec3,gwsdd,2,5.0,4.3,gwsdd_5x4.3_spec3_static_0428rd.txt,6926.667,0.143871,0.07054,0.6110410014598736,62.308841598290314,4.392475278131766,0.1391108572658297,14.185359655522499,0.2403,21.367,0.2449,22.135,0.246,22.799,0.2471,23.496,0.2485,24.014,0.2494,24.312,0.2494,24.411,0.248,24.29,0.2443,23.779,0.2382,22.783,0.2293,21.427,0.218,19.845,0.2052,18.142,0.1909,16.601,0.1754,15.293,0.1578,14.108,0.1164,13.081,0.012,12.614
gwsdd_5x4.3_spec3,gwsdd,2,5.0,4.3,gwsdd_5x4.3_spec3_static_0428rd.txt,7413.333,0.143086,0.069639,0.6961016002258129,70.98260876301418,5.316110437379515,0.13094189980164223,13.352357818586595,0.2403,21.367,0.2449,22.135,0.246,22.799,0.2471,23.496,0.2485,24.014,0.2494,24.312,0.2494,24.411,0.248,24.29,0.2443,23.779,0.2382,22.783,0.2293,21.427,0.218,19.845,0.2052,18.142,0.1909,16.601,0.1754,15.293,0.1578,14.108,0.1164,13.081,0.012,12.614
gwsdd_5x4.3_spec3,gwsdd,2,5.0,4.3,gwsdd_5x4.3_spec3_static_0428rd.txt,7916.667,0.143672,0.069214,0.7970863358628456,81.2801859822514,6.434606947289774,0.12387490679575612,12.631725084076228,0.2403,21.367,0.2449,22.135,0.246,22.799,0.2471,23.496,0.2485,24.014,0.2494,24.312,0.2494,24.411,0.248,24.29,0.2443,23.779,0.2382,22.783,0.2293,21.427,0.218,19.845,0.2052,18.142,0.1909,16.601,0.1754,15.293,0.1578,14.108,0.1164,13.081,0.012,12.614
gwsdd_5x4.3,gwsdd,2,5.0,4.3,gwsdd_5x4.3_static_0493rd.txt,1530.0,0.138591,0.090269,0.028718804802831063,2.9285030874795233,0.06057785148626804,0.4740809404463795,48.34280212369969,0.2436,21.718,0.2485,22.308,0.25,23.043,0.2518,23.914,0.2537,24.68,0.2544,25.213,0.2541,25.489,0.2525,25.434,0.2491,25.042,0.2432,24.109,0.234,22.749,0.2228,21.28,0.2099,19.775,0.1953,18.319,0.179,17.045,0.161,15.929,0.1324,14.61,0.0176,13.9
gwsdd_5x4.3,gwsdd,2,5.0,4.3,gwsdd_5x4.3_static_0493rd.txt,1986.667,0.144036,0.08532,0.050323365702871374,5.131555189883536,0.12535077482095736,0.4014603481689674,40.93756258956601,0.2436,21.718,0.2485,22.308,0.25,23.043,0.2518,23.914,0.2537,24.68,0.2544,25.213,0.2541,25.489,0.2525,25.434,0.2491,25.042,0.2432,24.109,0.234,22.749,0.2228,21.28,0.2099,19.775,0.1953,18.319,0.179,17.045,0.161,15.929,0.1324,14.61,0.0176,13.9
gwsdd_5x4.3,gwsdd,2,5.0,4.3,gwsdd_5x4.3_static_0493rd.txt,2533.333,0.147706,0.088118,0.0839133713388857,8.556782523989916,0.26843702378411993,0.3125998424359293,31.876312750626294,0.2436,21.718,0.2485,22.308,0.25,23.043,0.2518,23.914,0.2537,24.68,0.2544,25.213,0.2541,25.489,0.2525,25.434,0.2491,25.042,0.2432,24.109,0.234,22.749,0.2228,21.28,0.2099,19.775,0.1953,18.319,0.179,17.045,0.161,15.929,0.1324,14.61,0.0176,13.9
gwsdd_5x4.3,gwsdd,2,5.0,4.3,gwsdd_5x4.3_static_0493rd.txt,3043.333,0.151233,0.085036,0.12399209259069569,12.643674709579285,0.449109447831078,0.2760843558056975,28.15276937646368,0.2436,21.718,0.2485,22.308,0.25,23.043,0.2518,23.914,0.2537,24.68,0.2544,25.213,0.2541,25.489,0.2525,25.434,0.2491,25.042,0.2432,24.109,0.234,22.749,0.2228,21.28,0.2099,19.775,0.1953,18.319,0.179,17.045,0.161,15.929,0.1324,14.61,0.0176,13.9
gwsdd_5x4.3,gwsdd,2,5.0,4.3,gwsdd_5x4.3_static_0493rd.txt,3480.0,0.150838,0.082729,0.16170286884735421,16.489103704869066,0.6532756171999418,0.24752625781510437,25.240653823181656,0.2436,21.718,0.2485,22.308,0.25,23.043,0.2518,23.914,0.2537,24.68,0.2544,25.213,0.2541,25.489,0.2525,25.434,0.2491,25.042,0.2432,24.109,0.234,22.749,0.2228,21.28,0.2099,19.775,0.1953,18.319,0.179,17.045,0.161,15.929,0.1324,14.61,0.0176,13.9
gwsdd_5x4.3,gwsdd,2,5.0,4.3,gwsdd_5x4.3_static_0493rd.txt,3983.333,0.150935,0.079886,0.21199794898795596,21.61777457010865,0.9460442729705485,0.22408882442920905,22.850700741762893,0.2436,21.718,0.2485,22.308,0.25,23.043,0.2518,23.914,0.2537,24.68,0.2544,25.213,0.2541,25.489,0.2525,25.434,0.2491,25.042,0.2432,24.109,0.234,22.749,0.2228,21.28,0.2099,19.775,0.1953,18.319,0.179,17.045,0.161,15.929,0.1324,14.61,0.0176,13.9
gwsdd_5x4.3,gwsdd,2,5.0,4.3,gwsdd_5x4.3_static_0493rd.txt,4500.0,0.149286,0.077467,0.26760398778843386,27.288012500541356,1.3226813238489403,0.2023193213386569,20.63082921677198,0.2436,21.718,0.2485,22.308,0.25,23.043,0.2518,23.914,0.2537,24.68,0.2544,25.213,0.2541,25.489,0.2525,25.434,0.2491,25.042,0.2432,24.109,0.234,22.749,0.2228,21.28,0.2099,19.775,0.1953,18.319,0.179,17.045,0.161,15.929,0.1324,14.61,0.0176,13.9
gwsdd_5x4.3,gwsdd,2,5.0,4.3,gwsdd_5x4.3_static_0493rd.txt,4953.333,0.150794,0.07751,0.3275122768900821,33.39695786941332,1.7650266032783213,0.18555656684254393,18.921503963386474,0.2436,21.718,0.2485,22.308,0.25,23.043,0.2518,23.914,0.2537,24.68,0.2544,25.213,0.2541,25.489,0.2525,25.434,0.2491,25.042,0.2432,24.109,0.234,22.749,0.2228,21.28,0.2099,19.775,0.1953,18.319,0.179,17.045,0.161,15.929,0.1324,14.61,0.0176,13.9
gwsdd_5x4.3,gwsdd,2,5.0,4.3,gwsdd_5x4.3_static_0493rd.txt,5406.667,0.149859,0.076519,0.3877845891249481,39.543023267369406,2.2659957650612808,0.17113208908157912,17.450616579726933,0.2436,21.718,0.2485,22.308,0.25,23.043,0.2518,23.914,0.2537,24.68,0.2544,25.213,0.2541,25.489,0.2525,25.434,0.2491,25.042,0.2432,24.109,0.234,22.749,0.2228,21.28,0.2099,19.775,0.1953,18.319,0.179,17.045,0.161,15.929,0.1324,14.61,0.0176,13.9
gwsdd_5x4.3,gwsdd,2,5.0,4.3,gwsdd_5x4.3_static_0493rd.txt,5973.333,0.149826,0.075453,0.4732265577911216,48.255679339134325,3.013197742474165,0.15705127848746853,16.01477349425834,0.2436,21.718,0.2485,22.308,0.25,23.043,0.2518,23.914,0.2537,24.68,0.2544,25.213,0.2541,25.489,0.2525,25.434,0.2491,25.042,0.2432,24.109,0.234,22.749,0.2228,21.28,0.2099,19.775,0.1953,18.319,0.179,17.045,0.161,15.929,0.1324,14.61,0.0176,13.9
gwsdd_5x4.3,gwsdd,2,5.0,4.3,gwsdd_5x4.3_static_0493rd.txt,6460.0,0.148519,0.074741,0.5486501776315484,55.94674813841103,3.7753515709599346,0.14532426115008057,14.818950523377564,0.2436,21.718,0.2485,22.308,0.25,23.043,0.2518,23.914,0.2537,24.68,0.2544,25.213,0.2541,25.489,0.2525,25.434,0.2491,25.042,0.2432,24.109,0.234,22.749,0.2228,21.28,0.2099,19.775,0.1953,18.319,0.179,17.045,0.161,15.929,0.1324,14.61,0.0176,13.9
gwsdd_5x4.3,gwsdd,2,5.0,4.3,gwsdd_5x4.3_static_0493rd.txt,6936.667,0.149333,0.075818,0.6360715255711259,64.8612447238482,4.741609729939926,0.13414674800306364,13.679161385698853,0.2436,21.718,0.2485,22.308,0.25,23.043,0.2518,23.914,0.2537,24.68,0.2544,25.213,0.2541,25.489,0.2525,25.434,0.2491,25.042,0.2432,24.109,0.234,22.749,0.2228,21.28,0.2099,19.775,0.1953,18.319,0.179,17.045,0.161,15.929,0.1324,14.61,0.0176,13.9
gwsdd_5x4.3,gwsdd,2,5.0,4.3,gwsdd_5x4.3_static_0493rd.txt,7406.667,0.148983,0.074942,0.7234871564865114,73.77515833505953,5.7055127429886525,0.12680493219046524,12.93050452401842,0.2436,21.718,0.2485,22.308,0.25,23.043,0.2518,23.914,0.2537,24.68,0.2544,25.213,0.2541,25.489,0.2525,25.434,0.2491,25.042,0.2432,24.109,0.234,22.749,0.2228,21.28,0.2099,19.775,0.1953,18.319,0.179,17.045,0.161,15.929,0.1324,14.61,0.0176,13.9
gwsdd_5x4.3,gwsdd,2,5.0,4.3,gwsdd_5x4.3_static_0493rd.txt,7896.667,0.149344,0.074305,0.8243732664626947,84.06267853575837,6.855678671852508,0.12024677729534494,12.261758836640949,0.2436,21.718,0.2485,22.308,0.25,23.043,0.2518,23.914,0.2537,24.68,0.2544,25.213,0.2541,25.489,0.2525,25.434,0.2491,25.042,0.2432,24.109,0.234,22.749,0.2228,21.28,0.2099,19.775,0.1953,18.319,0.179,17.045,0.161,15.929,0.1324,14.61,0.0176,13.9
gwsdd_9x5,gwsdd,2,9.0,5.0,gwsdd_9x5_static_0797rd.txt,1430.0,0.092491,0.040151,0.1757559522913008,17.92211940788147,0.41568843929823374,0.4228069286411055,43.114308009473724,0.169,25.65,0.181,26.35,0.183,26.75,0.183,26.49,0.182,25.57,0.18,23.95,0.176,21.72,0.173,19.38,0.17,17.53,0.167,15.8,0.162,14.4,0.156,13.19,0.15,12.09,0.142,11.38,0.132,10.13,0.117,8.7,0.095,6.5,0.073,4.26
gwsdd_9x5,gwsdd,2,9.0,5.0,gwsdd_9x5_static_0797rd.txt,1756.667,0.093638,0.039669,0.26851559073324344,27.38097013080343,0.7613477159847262,0.35268456855609753,35.96381726237783,0.169,25.65,0.181,26.35,0.183,26.75,0.183,26.49,0.182,25.57,0.18,23.95,0.176,21.72,0.173,19.38,0.17,17.53,0.167,15.8,0.162,14.4,0.156,13.19,0.15,12.09,0.142,11.38,0.132,10.13,0.117,8.7,0.095,6.5,0.073,4.26
gwsdd_9x5,gwsdd,2,9.0,5.0,gwsdd_9x5_static_0797rd.txt,2033.333,0.095029,0.039341,0.3650998626121711,37.229824926164504,1.1709393207742054,0.31180083898008754,31.794837072811568,0.169,25.65,0.181,26.35,0.183,26.75,0.183,26.49,0.182,25.57,0.18,23.95,0.176,21.72,0.173,19.38,0.17,17.53,0.167,15.8,0.162,14.4,0.156,13.19,0.15,12.09,0.142,11.38,0.132,10.13,0.117,8.7,0.095,6.5,0.073,4.26
gwsdd_9x5,gwsdd,2,9.0,5.0,gwsdd_9x5_static_0797rd.txt,2240.0,0.097139,0.039812,0.452926944115467,46.185694820908985,1.5842419836371813,0.28589505188823167,29.15318196205959,0.169,25.65,0.181,26.35,0.183,26.75,0.183,26.49,0.182,25.57,0.18,23.95,0.176,21.72,0.173,19.38,0.17,17.53,0.167,15.8,0.162,14.4,0.156,13.19,0.15,12.09,0.142,11.38,0.132,10.13,0.117,8.7,0.095,6.5,0.073,4.26
gwsdd_9x5,gwsdd,2,9.0,5.0,gwsdd_9x5_static_0797rd.txt,2490.0,0.098022,0.039858,0.5647558598247836,57.58907066376221,2.17859755531224,0.259229089120979,26.434010505216257,0.169,25.65,0.181,26.35,0.183,26.75,0.183,26.49,0.182,25.57,0.18,23.95,0.176,21.72,0.173,19.38,0.17,17.53,0.167,15.8,0.162,14.4,0.156,13.19,0.15,12.09,0.142,11.38,0.132,10.13,0.117,8.7,0.095,6.5,0.073,4.26
gwsdd_9x5,gwsdd,2,9.0,5.0,gwsdd_9x5_static_0797rd.txt,2746.667,0.09771,0.039239,0.6849983491177776,69.8503922458513,2.8787200181040467,0.2379524041274859,24.264392440587347,0.169,25.65,0.181,26.35,0.183,26.75,0.183,26.49,0.182,25.57,0.18,23.95,0.176,21.72,0.173,19.38,0.17,17.53,0.167,15.8,0.162,14.4,0.156,13.19,0.15,12.09,0.142,11.38,0.132,10.13,0.117,8.7,0.095,6.5,0.073,4.26
gwsdd_9x5,gwsdd,2,9.0,5.0,gwsdd_9x5_static_0797rd.txt,2986.667,0.10046,0.039886,0.8327320362197619,84.91503583994147,3.7622215176611005,0.22134051179885206,22.57045084701219,0.169,25.65,0.181,26.35,0.183,26.75,0.183,26.49,0.182,25.57,0.18,23.95,0.176,21.72,0.173,19.38,0.17,17.53,0.167,15.8,0.162,14.4,0.156,13.19,0.15,12.09,0.142,11.38,0.132,10.13,0.117,8.7,0.095,6.5,0.073,4.26
gwsdd_9x5,gwsdd,2,9.0,5.0,gwsdd_9x5_static_0797rd.txt,3296.667,0.102358,0.040045,1.0337379145706842,105.41193114577193,5.0796876485768365,0.20350422822952588,20.751656093520815,0.169,25.65,0.181,26.35,0.183,26.75,0.183,26.49,0.182,25.57,0.18,23.95,0.176,21.72,0.173,19.38,0.17,17.53,0.167,15.8,0.162,14.4,0.156,13.19,0.15,12.09,0.142,11.38,0.132,10.13,0.117,8.7,0.095,6.5,0.073,4.26
gwsdd_9x5,gwsdd,2,9.0,5.0,gwsdd_9x5_static_0797rd.txt,3493.333,0.102279,0.039731,1.159858309820695,118.27263232813398,5.996708293959428,0.19341582964591375,19.72292573365153,0.169,25.65,0.181,26.35,0.183,26.75,0.183,26.49,0.182,25.57,0.18,23.95,0.176,21.72,0.173,19.38,0.17,17.53,0.167,15.8,0.162,14.4,0.156,13.19,0.15,12.09,0.142,11.38,0.132,10.13,0.117,8.7,0.095,6.5,0.073,4.26
gwsdd_9x5,gwsdd,2,9.0,5.0,gwsdd_9x5_static_0797rd.txt,3736.667,0.103308,0.039703,1.340421049640349,136.68490765351564,7.333984393214795,0.18276846224004384,18.6371964167217,0.169,25.65,0.181,26.35,0.183,26.75,0.183,26.49,0.182,25.57,0.18,23.95,0.176,21.72,0.173,19.38,0.17,17.53,0.167,15.8,0.162,14.4,0.156,13.19,0.15,12.09,0.142,11.38,0.132,10.13,0.117,8.7,0.095,6.5,0.073,4.26
gwsdd_9x5,gwsdd,2,9.0,5.0,gwsdd_9x5_static_0797rd.txt,3980.0,0.104592,0.039897,1.53958298918372,156.9937735295662,8.905389615043513,0.17288215965115833,17.62907411309248,0.169,25.65,0.181,26.35,0.183,26.75,0.183,26.49,0.182,25.57,0.18,23.95,0.176,21.72,0.173,19.38,0.17,17.53,0.167,15.8,0.162,14.4,0.156,13.19,0.15,12.09,0.142,11.38,0.132,10.13,0.117,8.7,0.095,6.5,0.073,4.26
gwsdd_9x5,gwsdd,2,9.0,5.0,gwsdd_9x5_static_0797rd.txt,4196.667,0.105721,0.040037,1.7302496670672687,176.43636380081566,10.477038155528186,0.16514683266227356,16.840290278767323,0.169,25.65,0.181,26.35,0.183,26.75,0.183,26.49,0.182,25.57,0.18,23.95,0.176,21.72,0.173,19.38,0.17,17.53,0.167,15.8,0.162,14.4,0.156,13.19,0.15,12.09,0.142,11.38,0.132,10.13,0.117,8.7,0.095,6.5,0.073,4.26
gwsdd_9x5,gwsdd,2,9.0,5.0,gwsdd_9x5_static_0797rd.txt,4460.0,0.106368,0.039906,1.9661615689421177,200.49268291843984,12.53447770505275,0.15686027094288438,15.995296145256983,0.169,25.65,0.181,26.35,0.183,26.75,0.183,26.49,0.182,25.57,0.18,23.95,0.176,21.72,0.173,19.38,0.17,17.53,0.167,15.8,0.162,14.4,0.156,13.19,0.15,12.09,0.142,11.38,0.132,10.13,0.117,8.7,0.095,6.5,0.073,4.26
gwsdd_9x5,gwsdd,2,9.0,5.0,gwsdd_9x5_static_0797rd.txt,4713.333,0.105266,0.039318,2.1731157564977197,221.59613695785205,14.576030160576867,0.14908831366000108,15.202777060464184,0.169,25.65,0.181,26.35,0.183,26.75,0.183,26.49,0.182,25.57,0.18,23.95,0.176,21.72,0.173,19.38,0.17,17.53,0.167,15.8,0.162,14.4,0.156,13.19,0.15,12.09,0.142,11.38,0.132,10.13,0.117,8.7,0.095,6.5,0.073,4.26
gwsdd_9x5,gwsdd,2,9.0,5.0,gwsdd_9x5_static_0797rd.txt,4956.667,0.106268,0.039585,2.4261658491020737,247.40006517027464,17.067241986766344,0.1421533632079092,14.495608919244514,0.169,25.65,0.181,26.35,0.183,26.75,0.183,26.49,0.182,25.57,0.18,23.95,0.176,21.72,0.173,19.38,0.17,17.53,0.167,15.8,0.162,14.4,0.156,13.19,0.15,12.09,0.142,11.38,0.132,10.13,0.117,8.7,0.095,6.5,0.073,4.26
gwsdd_9x5,gwsdd,2,9.0,5.0,gwsdd_9x5_static_0797rd.txt,5183.333,0.108129,0.040049,2.6995967719447855,275.2822596854977,19.746152032093505,0.1367150808702941,13.941058452202752,0.169,25.65,0.181,26.35,0.183,26.75,0.183,26.49,0.182,25.57,0.18,23.95,0.176,21.72,0.173,19.38,0.17,17.53,0.167,15.8,0.162,14.4,0.156,13.19,0.15,12.09,0.142,11.38,0.132,10.13,0.117,8.7,0.095,6.5,0.073,4.26
gwsdd_9x5,gwsdd,2,9.0,5.0,gwsdd_9x5_static_0797rd.txt,5436.667,0.107653,0.039728,2.9568554572276713,301.5153449167322,22.602598414994127,0.13081927143678093,13.339853205404593,0.169,25.65,0.181,26.35,0.183,26.75,0.183,26.49,0.182,25.57,0.18,23.95,0.176,21.72,0.173,19.38,0.17,17.53,0.167,15.8,0.162,14.4,0.156,13.19,0.15,12.09,0.142,11.38,0.132,10.13,0.117,8.7,0.095,6.5,0.073,4.26
gwsdd_9x5,gwsdd,2,9.0,5.0,gwsdd_9x5_static_0797rd.txt,5706.667,0.107403,0.039539,3.2502739451600724,331.435703849946,26.015773447679052,0.12493474205934244,12.739798204212697,0.169,25.65,0.181,26.35,0.183,26.75,0.183,26.49,0.182,25.57,0.18,23.95,0.176,21.72,0.173,19.38,0.17,17.53,0.167,15.8,0.162,14.4,0.156,13.19,0.15,12.09,0.142,11.38,0.132,10.13,0.117,8.7,0.095,6.5,0.073,4.26
gwsdd_9x5,gwsdd,2,9.0,5.0,gwsdd_9x5_static_0797rd.txt,5936.667,0.107599,0.039539,3.5239692128584914,359.3448540386872,29.28985464202521,0.12031364634368259,12.26857758191458,0.169,25.65,0.181,26.35,0.183,26.75,0.183,26.49,0.182,25.57,0.18,23.95,0.176,21.72,0.173,19.38,0.17,17.53,0.167,15.8,0.162,14.4,0.156,13.19,0.15,12.09,0.142,11.38,0.132,10.13,0.117,8.7,0.095,6.5,0.073,4.26
gwsdd_9x5,gwsdd,2,9.0,5.0,gwsdd_9x5_static_0797rd.txt,6186.667,0.108081,0.039601,3.844158868476741,391.99511234486204,33.20013444167007,0.11578744884996217,11.807033885165902,0.169,25.65,0.181,26.35,0.183,26.75,0.183,26.49,0.182,25.57,0.18,23.95,0.176,21.72,0.173,19.38,0.17,17.53,0.167,15.8,0.162,14.4,0.156,13.19,0.15,12.09,0.142,11.38,0.132,10.13,0.117,8.7,0.095,6.5,0.073,4.26
gwsdd_9x5,gwsdd,2,9.0,5.0,gwsdd_9x5_static_0797rd.txt,6396.667,0.109919,0.040164,4.179446267535562,426.1849120276101,37.21873894733778,0.11229413961201695,11.45081547847807,0.169,25.65,0.181,26.35,0.183,26.75,0.183,26.49,0.182,25.57,0.18,23.95,0.176,21.72,0.173,19.38,0.17,17.53,0.167,15.8,0.162,14.4,0.156,13.19,0.15,12.09,0.142,11.38,0.132,10.13,0.117,8.7,0.095,6.5,0.073,4.26
kpf_96x70,kpf,2,3.7795296,2.7559069999999997,kpf_96x70_static_0382rd.txt,2560.0,0.202715,0.160735,0.038395937362633775,3.915295984116266,0.12470102574397403,0.30790394171628693,31.397464140790888,0.12,42.171,0.1266,45.008,0.1202,38.043,0.1227,25.438,0.1491,21.552,0.1805,22.379,0.2119,23.456,0.2433,24.304,0.2688,24.401,0.2798,23.692,0.2801,22.754,0.279,21.81,0.2779,20.863,0.2773,19.953,0.2765,19.151,0.2758,18.223,0.2371,16.23,0.0328,15.422
kpf_96x70,kpf,2,3.7795296,2.7559069999999997,kpf_96x70_static_0382rd.txt,2986.667,0.207903,0.155934,0.053598646295936206,5.465540862163554,0.19210598929338607,0.27900559734282854,28.450653112207387,0.12,42.171,0.1266,45.008,0.1202,38.043,0.1227,25.438,0.1491,21.552,0.1805,22.379,0.2119,23.456,0.2433,24.304,0.2688,24.401,0.2798,23.692,0.2801,22.754,0.279,21.81,0.2779,20.863,0.2773,19.953,0.2765,19.151,0.2758,18.223,0.2371,16.23,0.0328,15.422
kpf_96x70,kpf,2,3.7795296,2.7559069999999997,kpf_96x70_static_0382rd.txt,3553.333,0.204201,0.148664,0.07451593259521488,7.598510459251109,0.3084275875427771,0.24159944053279592,24.636286655768885,0.12,42.171,0.1266,45.008,0.1202,38.043,0.1227,25.438,0.1491,21.552,0.1805,22.379,0.2119,23.456,0.2433,24.304,0.2688,24.401,0.2798,23.692,0.2801,22.754,0.279,21.81,0.2779,20.863,0.2773,19.953,0.2765,19.151,0.2758,18.223,0.2371,16.23,0.0328,15.422
kpf_96x70,kpf,2,3.7795296,2.7559069999999997,kpf_96x70_static_0382rd.txt,4006.667,0.204651,0.146177,0.09495106219125325,9.682313755589652,0.4347789077360744,0.2183893020148341,22.26951120054597,0.12,42.171,0.1266,45.008,0.1202,38.043,0.1227,25.438,0.1491,21.552,0.1805,22.379,0.2119,23.456,0.2433,24.304,0.2688,24.401,0.2798,23.692,0.2801,22.754,0.279,21.81,0.2779,20.863,0.2773,19.953,0.2765,19.151,0.2758,18.223,0.2371,16.23,0.0328,15.422
kpf_96x70,kpf,2,3.7795296,2.7559069999999997,kpf_96x70_static_0382rd.txt,4460.0,0.206014,0.144598,0.11843659418061947,12.077171529586504,0.5932073693142508,0.1996546238417983,20.359105692749136,0.12,42.171,0.1266,45.008,0.1202,38.043,0.1227,25.438,0.1491,21.552,0.1805,22.379,0.2119,23.456,0.2433,24.304,0.2688,24.401,0.2798,23.692,0.2801,22.754,0.279,21.81,0.2779,20.863,0.2773,19.953,0.2765,19.151,0.2758,18.223,0.2371,16.23,0.0328,15.422
kpf_96x70,kpf,2,3.7795296,2.7559069999999997,kpf_96x70_static_0382rd.txt,5023.333,0.205782,0.143008,0.15007583885640047,15.30347660581345,0.8382545407699183,0.17903373206730155,18.256359925897385,0.12,42.171,0.1266,45.008,0.1202,38.043,0.1227,25.438,0.1491,21.552,0.1805,22.379,0.2119,23.456,0.2433,24.304,0.2688,24.401,0.2798,23.692,0.2801,22.754,0.279,21.81,0.2779,20.863,0.2773,19.953,0.2765,19.151,0.2758,18.223,0.2371,16.23,0.0328,15.422
kpf_96x70,kpf,2,3.7795296,2.7559069999999997,kpf_96x70_static_0382rd.txt,5423.333,0.209844,0.148175,0.178380984828081,18.189798231616408,1.092983047157148,0.163205628204436,16.642342512931123,0.12,42.171,0.1266,45.008,0.1202,38.043,0.1227,25.438,0.1491,21.552,0.1805,22.379,0.2119,23.456,0.2433,24.304,0.2688,24.401,0.2798,23.692,0.2801,22.754,0.279,21.81,0.2779,20.863,0.2773,19.953,0.2765,19.151,0.2758,18.223,0.2371,16.23,0.0328,15.422
kpf_96x70,kpf,2,3.7795296,2.7559069999999997,kpf_96x70_static_0382rd.txt,5950.0,0.206051,0.143402,0.21082791616788008,21.498464426473884,1.3968371628633072,0.1509323504364062,15.390816480286972,0.12,42.171,0.1266,45.008,0.1202,38.043,0.1227,25.438,0.1491,21.552,0.1805,22.379,0.2119,23.456,0.2433,24.304,0.2688,24.401,0.2798,23.692,0.2801,22.754,0.279,21.81,0.2779,20.863,0.2773,19.953,0.2765,19.151,0.2758,18.223,0.2371,16.23,0.0328,15.422
kpf_96x70,kpf,2,3.7795296,2.7559069999999997,kpf_96x70_static_0382rd.txt,6470.0,0.209904,0.143708,0.2539503023469592,25.895724059384115,1.7998381898510327,0.14109618507871416,14.38780675140993,0.12,42.171,0.1266,45.008,0.1202,38.043,0.1227,25.438,0.1491,21.552,0.1805,22.379,0.2119,23.456,0.2433,24.304,0.2688,24.401,0.2798,23.692,0.2801,22.754,0.279,21.81,0.2779,20.863,0.2773,19.953,0.2765,19.151,0.2758,18.223,0.2371,16.23,0.0328,15.422
kpf_96x70,kpf,2,3.7795296,2.7559069999999997,kpf_96x70_static_0382rd.txt,6923.333,0.209533,0.146376,0.2902701190524878,29.599314654085525,2.2462351197430213,0.12922517171118575,13.177300271875286,0.12,42.171,0.1266,45.008,0.1202,38.043,0.1227,25.438,0.1491,21.552,0.1805,22.379,0.2119,23.456,0.2433,24.304,0.2688,24.401,0.2798,23.692,0.2801,22.754,0.279,21.81,0.2779,20.863,0.2773,19.953,0.2765,19.151,0.2758,18.223,0.2371,16.23,0.0328,15.422
kpf_96x70,kpf,2,3.7795296,2.7559069999999997,kpf_96x70_static_0382rd.txt,7453.333,0.209964,0.144392,0.3371051180466514,34.375155435000885,2.7646132331336597,0.12193572468165695,12.433983539909853,0.12,42.171,0.1266,45.008,0.1202,38.043,0.1227,25.438,0.1491,21.552,0.1805,22.379,0.2119,23.456,0.2433,24.304,0.2688,24.401,0.2798,23.692,0.2801,22.754,0.279,21.81,0.2779,20.863,0.2773,19.953,0.2765,19.151,0.2758,18.223,0.2371,16.23,0.0328,15.422
kpf_96x70,kpf,2,3.7795296,2.7559069999999997,kpf_96x70_static_0382rd.txt,7913.333,0.210158,0.143829,0.38035074228025223,38.78498185213628,3.295827408772371,0.11540371964499353,11.767904395995936,0.12,42.171,0.1266,45.008,0.1202,38.043,0.1227,25.438,0.1491,21.552,0.1805,22.379,0.2119,23.456,0.2433,24.304,0.2688,24.401,0.2798,23.692,0.2801,22.754,0.279,21.81,0.2779,20.863,0.2773,19.953,0.2765,19.151,0.2758,18.223,0.2371,16.23,0.0328,15.422
kpf_96x70,kpf,2,3.7795296,2.7559069999999997,kpf_96x70_static_0382rd.txt,8453.333,0.207962,0.140858,0.42949627181680666,43.7964311785173,3.934641108876683,0.10915767408820301,11.130985003870132,0.12,42.171,0.1266,45.008,0.1202,38.043,0.1227,25.438,0.1491,21.552,0.1805,22.379,0.2119,23.456,0.2433,24.304,0.2688,24.401,0.2798,23.692,0.2801,22.754,0.279,21.81,0.2779,20.863,0.2773,19.953,0.2765,19.151,0.2758,18.223,0.2371,16.23,0.0328,15.422
kpf_96x70,kpf,2,3.7795296,2.7559069999999997,kpf_96x70_static_0382rd.txt,8923.333,0.211815,0.14228,0.4874503322415613,49.70610068081979,4.674819345542938,0.10427148007469118,10.632731878336761,0.12,42.171,0.1266,45.008,0.1202,38.043,0.1227,25.438,0.1491,21.552,0.1805,22.379,0.2119,23.456,0.2433,24.304,0.2688,24.401,0.2798,23.692,0.2801,22.754,0.279,21.81,0.2779,20.863,0.2773,19.953,0.2765,19.151,0.2758,18.223,0.2371,16.23,0.0328,15.422
kpf_96x70,kpf,2,3.7795296,2.7559069999999997,kpf_96x70_static_0382rd.txt,9403.333,0.210576,0.141204,0.5381358956152649,54.874589754428364,5.429153527564374,0.0991196680814225,10.107393256761739,0.12,42.171,0.1266,45.008,0.1202,38.043,0.1227,25.438,0.1491,21.552,0.1805,22.379,0.2119,23.456,0.2433,24.304,0.2688,24.401,0.2798,23.692,0.2801,22.754,0.279,21.81,0.2779,20.863,0.2773,19.953,0.2765,19.151,0.2758,18.223,0.2371,16.23,0.0328,15.422
kpf_96x70,kpf,2,3.7795296,2.7559069999999997,kpf_96x70_static_0382rd.txt,9826.667,0.211297,0.143008,0.5896920428184395,60.13185367260375,6.275072182860928,0.09397374653777885,9.582655293885155,0.12,42.171,0.1266,45.008,0.1202,38.043,0.1227,25.438,0.1491,21.552,0.1805,22.379,0.2119,23.456,0.2433,24.304,0.2688,24.401,0.2798,23.692,0.2801,22.754,0.279,21.81,0.2779,20.863,0.2773,19.953,0.2765,19.151,0.2758,18.223,0.2371,16.23,0.0328,15.422
kpf_96x70,kpf,2,3.7795296,2.7559069999999997,kpf_96x70_static_0382rd.txt,10390.0,0.212266,0.143893,0.6622637581765177,67.53210914802892,7.463215554885251,0.08873705352688292,9.048661217325277,0.12,42.171,0.1266,45.008,0.1202,38.043,0.1227,25.438,0.1491,21.552,0.1805,22.379,0.2119,23.456,0.2433,24.304,0.2688,24.401,0.2798,23.692,0.2801,22.754,0.279,21.81,0.2779,20.863,0.2773,19.953,0.2765,19.151,0.2758,18.223,0.2371,16.23,0.0328,15.422
kpf_96x70,kpf,2,3.7795296,2.7559069999999997,kpf_96x70_static_0382rd.txt,10946.667,0.210872,0.141818,0.7303014941178871,74.47002739140147,8.602342950119457,0.08489564974943782,8.656947046079734,0.12,42.171,0.1266,45.008,0.1202,38.043,0.1227,25.438,0.1491,21.552,0.1805,22.379,0.2119,23.456,0.2433,24.304,0.2688,24.401,0.2798,23.692,0.2801,22.754,0.279,21.81,0.2779,20.863,0.2773,19.953,0.2765,19.151,0.2758,18.223,0.2371,16.23,0.0328,15.422
mi_3.2x2.2,mi,2,3.2,2.2,mi_3.2x2.2_static_0519rd.txt,2950.0,0.103654,0.05136,0.013396719548370184,1.3660852124191427,0.02652722831173026,0.5050176894073096,51.497472572928544,0.1042,20.359,0.1053,23.502,0.1192,25.32,0.1407,25.417,0.1603,25.233,0.1759,24.736,0.1868,23.666,0.1941,22.131,0.1976,20.366,0.1977,18.634,0.1946,17.064,0.1889,15.552,0.1799,14.271,0.1676,13.041,0.152,11.669,0.1315,10.456,0.0989,9.406,0.0021,9.004
mi_3.2x2.2,mi,2,3.2,2.2,mi_3.2x2.2_static_0519rd.txt,4086.667,0.105785,0.051792,0.02623801402414616,2.67553282967641,0.0711166428392466,0.3689433721366047,37.62175382384451,0.1042,20.359,0.1053,23.502,0.1192,25.32,0.1407,25.417,0.1603,25.233,0.1759,24.736,0.1868,23.666,0.1941,22.131,0.1976,20.366,0.1977,18.634,0.1946,17.064,0.1889,15.552,0.1799,14.271,0.1676,13.041,0.152,11.669,0.1315,10.456,0.0989,9.406,0.0021,9.004
mi_3.2x2.2,mi,2,3.2,2.2,mi_3.2x2.2_static_0519rd.txt,5026.667,0.108049,0.052339,0.04054612460809718,4.134554063630005,0.1337416200878014,0.30316758972620966,30.914490649325682,0.1042,20.359,0.1053,23.502,0.1192,25.32,0.1407,25.417,0.1603,25.233,0.1759,24.736,0.1868,23.666,0.1941,22.131,0.1976,20.366,0.1977,18.634,0.1946,17.064,0.1889,15.552,0.1799,14.271,0.1676,13.041,0.152,11.669,0.1315,10.456,0.0989,9.406,0.0021,9.004
mi_3.2x2.2,mi,2,3.2,2.2,mi_3.2x2.2_static_0519rd.txt,5940.0,0.109779,0.052154,0.05752551667400816,5.8659702012418276,0.21991141341556839,0.2615849526886616,26.674241732769257,0.1042,20.359,0.1053,23.502,0.1192,25.32,0.1407,25.417,0.1603,25.233,0.1759,24.736,0.1868,23.666,0.1941,22.131,0.1976,20.366,0.1977,18.634,0.1946,17.064,0.1889,15.552,0.1799,14.271,0.1676,13.041,0.152,11.669,0.1315,10.456,0.0989,9.406,0.0021,9.004
mi_3.2x2.2,mi,2,3.2,2.2,mi_3.2x2.2_static_0519rd.txt,7046.667,0.109755,0.052358,0.08093943703355136,8.253525621241849,0.3685828360722947,0.2195963270999296,22.392593505420262,0.1042,20.359,0.1053,23.502,0.1192,25.32,0.1407,25.417,0.1603,25.233,0.1759,24.736,0.1868,23.666,0.1941,22.131,0.1976,20.366,0.1977,18.634,0.1946,17.064,0.1889,15.552,0.1799,14.271,0.1676,13.041,0.152,11.669,0.1315,10.456,0.0989,9.406,0.0021,9.004
mi_3.2x2.2,mi,2,3.2,2.2,mi_3.2x2.2_static_0519rd.txt,8106.667,0.1097,0.052165,0.10706799321826607,10.91789685756768,0.5591225719091952,0.1914928829517091,19.52683974157425,0.1042,20.359,0.1053,23.502,0.1192,25.32,0.1407,25.417,0.1603,25.233,0.1759,24.736,0.1868,23.666,0.1941,22.131,0.1976,20.366,0.1977,18.634,0.1946,17.064,0.1889,15.552,0.1799,14.271,0.1676,13.041,0.152,11.669,0.1315,10.456,0.0989,9.406,0.0021,9.004
mi_3.2x2.2,mi,2,3.2,2.2,mi_3.2x2.2_static_0519rd.txt,8983.333,0.113454,0.054645,0.1359762867632541,13.865722419302628,0.7970099415202693,0.1706080183942047,17.397176242060716,0.1042,20.359,0.1053,23.502,0.1192,25.32,0.1407,25.417,0.1603,25.233,0.1759,24.736,0.1868,23.666,0.1941,22.131,0.1976,20.366,0.1977,18.634,0.1946,17.064,0.1889,15.552,0.1799,14.271,0.1676,13.041,0.152,11.669,0.1315,10.456,0.0989,9.406,0.0021,9.004
mi_3.2x2.2,mi,2,3.2,2.2,mi_3.2x2.2_static_0519rd.txt,10056.667,0.112185,0.053441,0.16850442094615156,17.18266899972484,1.0935473637621578,0.15408973267188142,15.712779865895229,0.1042,20.359,0.1053,23.502,0.1192,25.32,0.1407,25.417,0.1603,25.233,0.1759,24.736,0.1868,23.666,0.1941,22.131,0.1976,20.366,0.1977,18.634,0.1946,17.064,0.1889,15.552,0.1799,14.271,0.1676,13.041,0.152,11.669,0.1315,10.456,0.0989,9.406,0.0021,9.004
mi_3.2x2.2,mi,2,3.2,2.2,mi_3.2x2.2_static_0519rd.txt,11056.667,0.111483,0.052793,0.20240697508346364,20.639767411242744,1.4356541930923816,0.1409858836879663,14.376559139763968,0.1042,20.359,0.1053,23.502,0.1192,25.32,0.1407,25.417,0.1603,25.233,0.1759,24.736,0.1868,23.666,0.1941,22.131,0.1976,20.366,0.1977,18.634,0.1946,17.064,0.1889,15.552,0.1799,14.271,0.1676,13.041,0.152,11.669,0.1315,10.456,0.0989,9.406,0.0021,9.004
mi_3.2x2.2,mi,2,3.2,2.2,mi_3.2x2.2_static_0519rd.txt,12006.667,0.115428,0.054298,0.24712943150023542,25.20018880048084,1.890828078537603,0.13069904890103456,13.327593918518003,0.1042,20.359,0.1053,23.502,0.1192,25.32,0.1407,25.417,0.1603,25.233,0.1759,24.736,0.1868,23.666,0.1941,22.131,0.1976,20.366,0.1977,18.634,0.1946,17.064,0.1889,15.552,0.1799,14.271,0.1676,13.041,0.152,11.669,0.1315,10.456,0.0989,9.406,0.0021,9.004
mi_3.2x2.2,mi,2,3.2,2.2,mi_3.2x2.2_static_0519rd.txt,13033.333,0.116712,0.05463,0.2944386800235853,30.02438957478704,2.433315863764861,0.12100306598421859,12.338878820414577,0.1042,20.359,0.1053,23.502,0.1192,25.32,0.1407,25.417,0.1603,25.233,0.1759,24.736,0.1868,23.666,0.1941,22.131,0.1976,20.366,0.1977,18.634,0.1946,17.064,0.1889,15.552,0.1799,14.271,0.1676,13.041,0.152,11.669,0.1315,10.456,0.0989,9.406,0.0021,9.004
mi_3.2x2.2,mi,2,3.2,2.2,mi_3.2x2.2_static_0519rd.txt,13900.0,0.119156,0.055969,0.34191163830554994,34.86528409860146,3.0240764103596143,0.11306316108093671,11.529233844476629,0.1042,20.359,0.1053,23.502,0.1192,25.32,0.1407,25.417,0.1603,25.233,0.1759,24.736,0.1868,23.666,0.1941,22.131,0.1976,20.366,0.1977,18.634,0.1946,17.064,0.1889,15.552,0.1799,14.271,0.1676,13.041,0.152,11.669,0.1315,10.456,0.0989,9.406,0.0021,9.004
mi_3.2x2.2,mi,2,3.2,2.2,mi_3.2x2.2_static_0519rd.txt,14916.667,0.119737,0.056325,0.3956765658421446,40.34778092846636,3.7611217890277135,0.10520174246854974,10.727592242870884,0.1042,20.359,0.1053,23.502,0.1192,25.32,0.1407,25.417,0.1603,25.233,0.1759,24.736,0.1868,23.666,0.1941,22.131,0.1976,20.366,0.1977,18.634,0.1946,17.064,0.1889,15.552,0.1799,14.271,0.1676,13.041,0.152,11.669,0.1315,10.456,0.0989,9.406,0.0021,9.004
mi_3.2x2.2,mi,2,3.2,2.2,mi_3.2x2.2_static_0519rd.txt,15860.0,0.12214,0.057434,0.4562812780227224,46.52774168780597,4.609771781172147,0.09898131614374665,10.093285285367243,0.1042,20.359,0.1053,23.502,0.1192,25.32,0.1407,25.417,0.1603,25.233,0.1759,24.736,0.1868,23.666,0.1941,22.131,0.1976,20.366,0.1977,18.634,0.1946,17.064,0.1889,15.552,0.1799,14.271,0.1676,13.041,0.152,11.669,0.1315,10.456,0.0989,9.406,0.0021,9.004
mi_3.2x2.2,mi,2,3.2,2.2,mi_3.2x2.2_static_0519rd.txt,16940.0,0.121822,0.057703,0.5191835275540128,52.94198605578998,5.643381668462783,0.09199865578034432,9.38125208713927,0.1042,20.359,0.1053,23.502,0.1192,25.32,0.1407,25.417,0.1603,25.233,0.1759,24.736,0.1868,23.666,0.1941,22.131,0.1976,20.366,0.1977,18.634,0.1946,17.064,0.1889,15.552,0.1799,14.271,0.1676,13.041,0.152,11.669,0.1315,10.456,0.0989,9.406,0.0021,9.004
mi_3.2x2.2,mi,2,3.2,2.2,mi_3.2x2.2_static_0519rd.txt,17940.0,0.122858,0.057937,0.5872414282933431,59.88196053630375,6.730140517606505,0.08725544834570388,8.897579534877242,0.1042,20.359,0.1053,23.502,0.1192,25.32,0.1407,25.417,0.1603,25.233,0.1759,24.736,0.1868,23.666,0.1941,22.131,0.1976,20.366,0.1977,18.634,0.1946,17.064,0.1889,15.552,0.1799,14.271,0.1676,13.041,0.152,11.669,0.1315,10.456,0.0989,9.406,0.0021,9.004
mi_3.2x2.2,mi,2,3.2,2.2,mi_3.2x2.2_static_0519rd.txt,18823.333,0.124658,0.058866,0.6559663678696609,66.88995404849372,7.8986871796188245,0.08304751827142451,8.468490082895231,0.1042,20.359,0.1053,23.502,0.1192,25.32,0.1407,25.417,0.1603,25.233,0.1759,24.736,0.1868,23.666,0.1941,22.131,0.1976,20.366,0.1977,18.634,0.1946,17.064,0.1889,15.552,0.1799,14.271,0.1676,13.041,0.152,11.669,0.1315,10.456,0.0989,9.406,0.0021,9.004
mi_3.2x2.2,mi,2,3.2,2.2,mi_3.2x2.2_static_0519rd.txt,19923.333,0.125828,0.059879,0.7417706562666102,75.63955645063403,9.527113357370718,0.07785890945579378,7.939399229685345,0.1042,20.359,0.1053,23.502,0.1192,25.32,0.1407,25.417,0.1603,25.233,0.1759,24.736,0.1868,23.666,0.1941,22.131,0.1976,20.366,0.1977,18.634,0.1946,17.064,0.1889,15.552,0.1799,14.271,0.1676,13.041,0.152,11.669,0.1315,10.456,0.0989,9.406,0.0021,9.004
mi_4x2.7,mi,2,4.0,2.7,mi_4x2.7_static_0564rd.txt,1950.0,0.084742,0.05965,0.011683591176004978,1.1913947347978138,0.02715595994274382,0.4302404039716843,43.872311540809996,0.0807,25.838,0.086,27.413,0.1026,27.385,0.123,26.558,0.1421,25.216,0.1577,23.283,0.1707,21.25,0.18,19.28,0.1854,17.453,0.1866,15.785,0.1847,14.263,0.1803,12.752,0.1731,11.389,0.1612,10.113,0.1449,8.574,0.1226,7.181,0.0875,5.647,0.0179,1.684
mi_4x2.7,mi,2,4.0,2.7,mi_4x2.7_static_0564rd.txt,2503.333,0.08379,0.048196,0.01903872492117785,1.9414096476551983,0.046421347878076634,0.4101286539801066,41.821483787032946,0.0807,25.838,0.086,27.413,0.1026,27.385,0.123,26.558,0.1421,25.216,0.1577,23.283,0.1707,21.25,0.18,19.28,0.1854,17.453,0.1866,15.785,0.1847,14.263,0.1803,12.752,0.1731,11.389,0.1612,10.113,0.1449,8.574,0.1226,7.181,0.0875,5.647,0.0179,1.684
mi_4x2.7,mi,2,4.0,2.7,mi_4x2.7_static_0564rd.txt,2986.667,0.085567,0.042405,0.027675044784334066,2.82206918614757,0.06936307772455949,0.3989881316142222,40.68546665927939,0.0807,25.838,0.086,27.413,0.1026,27.385,0.123,26.558,0.1421,25.216,0.1577,23.283,0.1707,21.25,0.18,19.28,0.1854,17.453,0.1866,15.785,0.1847,14.263,0.1803,12.752,0.1731,11.389,0.1612,10.113,0.1449,8.574,0.1226,7.181,0.0875,5.647,0.0179,1.684
mi_4x2.7,mi,2,4.0,2.7,mi_4x2.7_static_0564rd.txt,3533.333,0.089365,0.042247,0.04045246758691443,4.125003705334078,0.1144196093643194,0.3535448845845223,36.051545082624784,0.0807,25.838,0.086,27.413,0.1026,27.385,0.123,26.558,0.1421,25.216,0.1577,23.283,0.1707,21.25,0.18,19.28,0.1854,17.453,0.1866,15.785,0.1847,14.263,0.1803,12.752,0.1731,11.389,0.1612,10.113,0.1449,8.574,0.1226,7.181,0.0875,5.647,0.0179,1.684
mi_4x2.7,mi,2,4.0,2.7,mi_4x2.7_static_0564rd.txt,3950.0,0.089259,0.04158,0.0504957268517277,5.1491311356811655,0.15733547266263126,0.32094305242914833,32.72708340046279,0.0807,25.838,0.086,27.413,0.1026,27.385,0.123,26.558,0.1421,25.216,0.1577,23.283,0.1707,21.25,0.18,19.28,0.1854,17.453,0.1866,15.785,0.1847,14.263,0.1803,12.752,0.1731,11.389,0.1612,10.113,0.1449,8.574,0.1226,7.181,0.0875,5.647,0.0179,1.684
mi_4x2.7,mi,2,4.0,2.7,mi_4x2.7_static_0564rd.txt,4520.0,0.09435,0.042882,0.06989195584167436,7.126996052849278,0.24313149145453516,0.2874656648694311,29.313339914183857,0.0807,25.838,0.086,27.413,0.1026,27.385,0.123,26.558,0.1421,25.216,0.1577,23.283,0.1707,21.25,0.18,19.28,0.1854,17.453,0.1866,15.785,0.1847,14.263,0.1803,12.752,0.1731,11.389,0.1612,10.113,0.1449,8.574,0.1226,7.181,0.0875,5.647,0.0179,1.684
mi_4x2.7,mi,2,4.0,2.7,mi_4x2.7_static_0564rd.txt,5020.0,0.094552,0.04307,0.08639459511232521,8.809796934970171,0.3345314095851259,0.25825555579211157,26.33473773328421,0.0807,25.838,0.086,27.413,0.1026,27.385,0.123,26.558,0.1421,25.216,0.1577,23.283,0.1707,21.25,0.18,19.28,0.1854,17.453,0.1866,15.785,0.1847,14.263,0.1803,12.752,0.1731,11.389,0.1612,10.113,0.1449,8.574,0.1226,7.181,0.0875,5.647,0.0179,1.684
mi_4x2.7,mi,2,4.0,2.7,mi_4x2.7_static_0564rd.txt,5486.667,0.093647,0.042239,0.10221614409933628,10.423145936618141,0.4283416573463579,0.23863227483542213,24.333719958948485,0.0807,25.838,0.086,27.413,0.1026,27.385,0.123,26.558,0.1421,25.216,0.1577,23.283,0.1707,21.25,0.18,19.28,0.1854,17.453,0.1866,15.785,0.1847,14.263,0.1803,12.752,0.1731,11.389,0.1612,10.113,0.1449,8.574,0.1226,7.181,0.0875,5.647,0.0179,1.684
mi_4x2.7,mi,2,4.0,2.7,mi_4x2.7_static_0564rd.txt,5950.0,0.096817,0.043594,0.12427791900522782,12.672820892478862,0.5638044434870901,0.22042734930675215,22.47733418718443,0.0807,25.838,0.086,27.413,0.1026,27.385,0.123,26.558,0.1421,25.216,0.1577,23.283,0.1707,21.25,0.18,19.28,0.1854,17.453,0.1866,15.785,0.1847,14.263,0.1803,12.752,0.1731,11.389,0.1612,10.113,0.1449,8.574,0.1226,7.181,0.0875,5.647,0.0179,1.684
mi_4x2.7,mi,2,4.0,2.7,mi_4x2.7_static_0564rd.txt,6580.0,0.099266,0.048306,0.15583346554583097,15.890591134162124,0.8449473245856206,0.18442979936323828,18.80660565669605,0.0807,25.838,0.086,27.413,0.1026,27.385,0.123,26.558,0.1421,25.216,0.1577,23.283,0.1707,21.25,0.18,19.28,0.1854,17.453,0.1866,15.785,0.1847,14.263,0.1803,12.752,0.1731,11.389,0.1612,10.113,0.1449,8.574,0.1226,7.181,0.0875,5.647,0.0179,1.684
mi_4x2.7,mi,2,4.0,2.7,mi_4x2.7_static_0564rd.txt,7000.0,0.097516,0.04571,0.1732528464014966,17.666873642018082,0.9626229657235096,0.17997996367277544,18.35284869683077,0.0807,25.838,0.086,27.413,0.1026,27.385,0.123,26.558,0.1421,25.216,0.1577,23.283,0.1707,21.25,0.18,19.28,0.1854,17.453,0.1866,15.785,0.1847,14.263,0.1803,12.752,0.1731,11.389,0.1612,10.113,0.1449,8.574,0.1226,7.181,0.0875,5.647,0.0179,1.684
mi_4x2.7,mi,2,4.0,2.7,mi_4x2.7_static_0564rd.txt,7476.667,0.097263,0.045886,0.19713882198950752,20.102565299007058,1.1774844832272906,0.16742371113815663,17.072467268451167,0.0807,25.838,0.086,27.413,0.1026,27.385,0.123,26.558,0.1421,25.216,0.1577,23.283,0.1707,21.25,0.18,19.28,0.1854,17.453,0.1866,15.785,0.1847,14.263,0.1803,12.752,0.1731,11.389,0.1612,10.113,0.1449,8.574,0.1226,7.181,0.0875,5.647,0.0179,1.684
mi_4x2.7,mi,2,4.0,2.7,mi_4x2.7_static_0564rd.txt,8020.0,0.094438,0.045452,0.22024392462678277,22.458630075181922,1.4395507500738463,0.1529949010936118,15.601138114811054,0.0807,25.838,0.086,27.413,0.1026,27.385,0.123,26.558,0.1421,25.216,0.1577,23.283,0.1707,21.25,0.18,19.28,0.1854,17.453,0.1866,15.785,0.1847,14.263,0.1803,12.752,0.1731,11.389,0.1612,10.113,0.1449,8.574,0.1226,7.181,0.0875,5.647,0.0179,1.684
mi_4x2.7,mi,2,4.0,2.7,mi_4x2.7_static_0564rd.txt,8400.0,0.102813,0.049939,0.26303589822994156,26.82219700202838,1.8173081618232385,0.1447392928484112,14.759300357248522,0.0807,25.838,0.086,27.413,0.1026,27.385,0.123,26.558,0.1421,25.216,0.1577,23.283,0.1707,21.25,0.18,19.28,0.1854,17.453,0.1866,15.785,0.1847,14.263,0.1803,12.752,0.1731,11.389,0.1612,10.113,0.1449,8.574,0.1226,7.181,0.0875,5.647,0.0179,1.684
mi_4x2.7,mi,2,4.0,2.7,mi_4x2.7_static_0564rd.txt,8930.0,0.104419,0.052551,0.30191929397582723,30.78719990780004,2.2976625128873254,0.13140280275384073,13.399356839883216,0.0807,25.838,0.086,27.413,0.1026,27.385,0.123,26.558,0.1421,25.216,0.1577,23.283,0.1707,21.25,0.18,19.28,0.1854,17.453,0.1866,15.785,0.1847,14.263,0.1803,12.752,0.1731,11.389,0.1612,10.113,0.1449,8.574,0.1226,7.181,0.0875,5.647,0.0179,1.684
mi_4x2.7,mi,2,4.0,2.7,mi_4x2.7_static_0564rd.txt,9390.0,0.104421,0.055265,0.3338316063559785,34.0413501405657,2.8092981192784428,0.11883096495352435,12.117386156692078,0.0807,25.838,0.086,27.413,0.1026,27.385,0.123,26.558,0.1421,25.216,0.1577,23.283,0.1707,21.25,0.18,19.28,0.1854,17.453,0.1866,15.785,0.1847,14.263,0.1803,12.752,0.1731,11.389,0.1612,10.113,0.1449,8.574,0.1226,7.181,0.0875,5.647,0.0179,1.684
mi_4x2.7,mi,2,4.0,2.7,mi_4x2.7_static_0564rd.txt,9873.333,0.105947,0.057971,0.3744765724247563,38.18598322819274,3.4257291543683666,0.1093129536954891,11.146819117179579,0.0807,25.838,0.086,27.413,0.1026,27.385,0.123,26.558,0.1421,25.216,0.1577,23.283,0.1707,21.25,0.18,19.28,0.1854,17.453,0.1866,15.785,0.1847,14.263,0.1803,12.752,0.1731,11.389,0.1612,10.113,0.1449,8.574,0.1226,7.181,0.0875,5.647,0.0179,1.684
mi_4x2.7,mi,2,4.0,2.7,mi_4x2.7_static_0564rd.txt,10466.667,0.108351,0.060624,0.4303860220374083,43.88716045106212,4.267963403005751,0.10084107603507216,10.282928016710311,0.0807,25.838,0.086,27.413,0.1026,27.385,0.123,26.558,0.1421,25.216,0.1577,23.283,0.1707,21.25,0.18,19.28,0.1854,17.453,0.1866,15.785,0.1847,14.263,0.1803,12.752,0.1731,11.389,0.1612,10.113,0.1449,8.574,0.1226,7.181,0.0875,5.647,0.0179,1.684
mi_4x2.7,mi,2,4.0,2.7,mi_4x2.7_static_0564rd.txt,10980.0,0.107299,0.061332,0.4690388047005887,47.82864736689784,4.984768853453356,0.09409439404108924,9.594957915403247,0.0807,25.838,0.086,27.413,0.1026,27.385,0.123,26.558,0.1421,25.216,0.1577,23.283,0.1707,21.25,0.18,19.28,0.1854,17.453,0.1866,15.785,0.1847,14.263,0.1803,12.752,0.1731,11.389,0.1612,10.113,0.1449,8.574,0.1226,7.181,0.0875,5.647,0.0179,1.684
mi_4x2.7,mi,2,4.0,2.7,mi_4x2.7_static_0564rd.txt,11480.0,0.109905,0.064348,0.5251817747207785,53.55363704432998,5.977390026714784,0.08786138638663038,8.959368019316525,0.0807,25.838,0.086,27.413,0.1026,27.385,0.123,26.558,0.1421,25.216,0.1577,23.283,0.1707,21.25,0.18,19.28,0.1854,17.453,0.1866,15.785,0.1847,14.263,0.1803,12.752,0.1731,11.389,0.1612,10.113,0.1449,8.574,0.1226,7.181,0.0875,5.647,0.0179,1.684
mi_4x2.7,mi,2,4.0,2.7,mi_4x2.7_static_0564rd.txt,11830.0,0.110782,0.06582,0.5621433926361572,57.32267314895069,6.69056800144389,0.08402027937162303,8.567684109417899,0.0807,25.838,0.086,27.413,0.1026,27.385,0.123,26.558,0.1421,25.216,0.1577,23.283,0.1707,21.25,0.18,19.28,0.1854,17.453,0.1866,15.785,0.1847,14.263,0.1803,12.752,0.1731,11.389,0.1612,10.113,0.1449,8.574,0.1226,7.181,0.0875,5.647,0.0179,1.684
mi_5x3.5,mi,2,5.0,3.5,mi_5x3.5_static_0368rd.txt,1506.667,0.083808,0.042009,0.016841024235965396,1.7173065456568144,0.026921243387306868,0.6255663601297774,63.79001597179235,0.0981,24.931,0.1186,26.23,0.1406,26.341,0.1606,25.321,0.1775,23.402,0.1905,21.266,0.1999,19.2,0.2059,17.3,0.2087,15.52,0.2084,13.975,0.2052,12.548,0.1987,11.082,0.189,9.642,0.1761,8.355,0.1593,7.198,0.137,6.098,0.1002,5.421,0.0088,0.0
mi_5x3.5,mi,2,5.0,3.5,mi_5x3.5_static_0368rd.txt,2103.333,0.081296,0.038007,0.03183711606693544,3.2464823427914165,0.06626567715447083,0.4804465514284335,48.99191379609077,0.0981,24.931,0.1186,26.23,0.1406,26.341,0.1606,25.321,0.1775,23.402,0.1905,21.266,0.1999,19.2,0.2059,17.3,0.2087,15.52,0.2084,13.975,0.2052,12.548,0.1987,11.082,0.189,9.642,0.1761,8.355,0.1593,7.198,0.137,6.098,0.1002,5.421,0.0088,0.0
mi_5x3.5,mi,2,5.0,3.5,mi_5x3.5_static_0368rd.txt,2553.333,0.085259,0.03732,0.04920436400894743,5.017448772919135,0.11640320872070227,0.42270625139731605,43.10404178769672,0.0981,24.931,0.1186,26.23,0.1406,26.341,0.1606,25.321,0.1775,23.402,0.1905,21.266,0.1999,19.2,0.2059,17.3,0.2087,15.52,0.2084,13.975,0.2052,12.548,0.1987,11.082,0.189,9.642,0.1761,8.355,0.1593,7.198,0.137,6.098,0.1002,5.421,0.0088,0.0
mi_5x3.5,mi,2,5.0,3.5,mi_5x3.5_static_0368rd.txt,3033.333,0.086163,0.036208,0.07017936967274896,7.156304107187364,0.18935019145115936,0.3706326839962604,37.79401569305119,0.0981,24.931,0.1186,26.23,0.1406,26.341,0.1606,25.321,0.1775,23.402,0.1905,21.266,0.1999,19.2,0.2059,17.3,0.2087,15.52,0.2084,13.975,0.2052,12.548,0.1987,11.082,0.189,9.642,0.1761,8.355,0.1593,7.198,0.137,6.098,0.1002,5.421,0.0088,0.0
mi_5x3.5,mi,2,5.0,3.5,mi_5x3.5_static_0368rd.txt,3493.333,0.088461,0.035803,0.095560912745274,9.744501205332504,0.285983067594529,0.3341488485631662,34.07369984277671,0.0981,24.931,0.1186,26.23,0.1406,26.341,0.1606,25.321,0.1775,23.402,0.1905,21.266,0.1999,19.2,0.2059,17.3,0.2087,15.52,0.2084,13.975,0.2052,12.548,0.1987,11.082,0.189,9.642,0.1761,8.355,0.1593,7.198,0.137,6.098,0.1002,5.421,0.0088,0.0
mi_5x3.5,mi,2,5.0,3.5,mi_5x3.5_static_0368rd.txt,3983.333,0.091677,0.036484,0.1287662634204713,13.130504649444132,0.4320591750126117,0.2980292304097295,30.39052381901358,0.0981,24.931,0.1186,26.23,0.1406,26.341,0.1606,25.321,0.1775,23.402,0.1905,21.266,0.1999,19.2,0.2059,17.3,0.2087,15.52,0.2084,13.975,0.2052,12.548,0.1987,11.082,0.189,9.642,0.1761,8.355,0.1593,7.198,0.137,6.098,0.1002,5.421,0.0088,0.0
mi_5x3.5,mi,2,5.0,3.5,mi_5x3.5_static_0368rd.txt,4530.0,0.094387,0.037041,0.1714577255923133,17.483822262680253,0.6451760707155187,0.26575338636189927,27.099303672701616,0.0981,24.931,0.1186,26.23,0.1406,26.341,0.1606,25.321,0.1775,23.402,0.1905,21.266,0.1999,19.2,0.2059,17.3,0.2087,15.52,0.2084,13.975,0.2052,12.548,0.1987,11.082,0.189,9.642,0.1761,8.355,0.1593,7.198,0.137,6.098,0.1002,5.421,0.0088,0.0
mi_5x3.5,mi,2,5.0,3.5,mi_5x3.5_static_0368rd.txt,4926.667,0.096216,0.038193,0.20672937286803872,21.080529321229854,0.8557449429853233,0.241578258291366,24.634126668267555,0.0981,24.931,0.1186,26.23,0.1406,26.341,0.1606,25.321,0.1775,23.402,0.1905,21.266,0.1999,19.2,0.2059,17.3,0.2087,15.52,0.2084,13.975,0.2052,12.548,0.1987,11.082,0.189,9.642,0.1761,8.355,0.1593,7.198,0.137,6.098,0.1002,5.421,0.0088,0.0
mi_5x3.5,mi,2,5.0,3.5,mi_5x3.5_static_0368rd.txt,5453.333,0.097578,0.038561,0.2568765266409272,26.19411589492102,1.1717508694595313,0.21922452403164094,22.354680143743376,0.0981,24.931,0.1186,26.23,0.1406,26.341,0.1606,25.321,0.1775,23.402,0.1905,21.266,0.1999,19.2,0.2059,17.3,0.2087,15.52,0.2084,13.975,0.2052,12.548,0.1987,11.082,0.189,9.642,0.1761,8.355,0.1593,7.198,0.137,6.098,0.1002,5.421,0.0088,0.0
mi_5x3.5,mi,2,5.0,3.5,mi_5x3.5_static_0368rd.txt,5943.333,0.100654,0.039913,0.31473108463372956,32.093638972914256,1.570021163817863,0.20046295673390127,20.44153270830521,0.0981,24.931,0.1186,26.23,0.1406,26.341,0.1606,25.321,0.1775,23.402,0.1905,21.266,0.1999,19.2,0.2059,17.3,0.2087,15.52,0.2084,13.975,0.2052,12.548,0.1987,11.082,0.189,9.642,0.1761,8.355,0.1593,7.198,0.137,6.098,0.1002,5.421,0.0088,0.0
mi_5x3.5,mi,2,5.0,3.5,mi_5x3.5_static_0368rd.txt,6423.333,0.103242,0.041103,0.37707327733506135,38.45077343792849,2.0410600184884253,0.18474384580533573,18.83862948155953,0.0981,24.931,0.1186,26.23,0.1406,26.341,0.1606,25.321,0.1775,23.402,0.1905,21.266,0.1999,19.2,0.2059,17.3,0.2087,15.52,0.2084,13.975,0.2052,12.548,0.1987,11.082,0.189,9.642,0.1761,8.355,0.1593,7.198,0.137,6.098,0.1002,5.421,0.0088,0.0
mi_5x3.5,mi,2,5.0,3.5,mi_5x3.5_static_0368rd.txt,6940.0,0.107011,0.044095,0.4562426017287951,46.52379780340842,2.7616504042614833,0.16520650152704713,16.846374809649284,0.0981,24.931,0.1186,26.23,0.1406,26.341,0.1606,25.321,0.1775,23.402,0.1905,21.266,0.1999,19.2,0.2059,17.3,0.2087,15.52,0.2084,13.975,0.2052,12.548,0.1987,11.082,0.189,9.642,0.1761,8.355,0.1593,7.198,0.137,6.098,0.1002,5.421,0.0088,0.0
mi_5x3.5,mi,2,5.0,3.5,mi_5x3.5_static_0368rd.txt,7436.667,0.10995,0.045542,0.5382702479342405,54.88828987821943,3.5095226236888277,0.15337420659464776,15.639816511718863,0.0981,24.931,0.1186,26.23,0.1406,26.341,0.1606,25.321,0.1775,23.402,0.1905,21.266,0.1999,19.2,0.2059,17.3,0.2087,15.52,0.2084,13.975,0.2052,12.548,0.1987,11.082,0.189,9.642,0.1761,8.355,0.1593,7.198,0.137,6.098,0.1002,5.421,0.0088,0.0
mi_5x3.5,mi,2,5.0,3.5,mi_5x3.5_static_0368rd.txt,7850.0,0.111783,0.047114,0.609766479222053,62.17887649931965,4.270314785710783,0.14279192748563593,14.560724353947164,0.0981,24.931,0.1186,26.23,0.1406,26.341,0.1606,25.321,0.1775,23.402,0.1905,21.266,0.1999,19.2,0.2059,17.3,0.2087,15.52,0.2084,13.975,0.2052,12.548,0.1987,11.082,0.189,9.642,0.1761,8.355,0.1593,7.198,0.137,6.098,0.1002,5.421,0.0088,0.0
mit_4.3x3.5,mit,2,4.3,3.5,mit_4.3x3.5_static_0575rd.txt,1986.667,0.14199,0.087624,0.027136272497003223,2.767129702498124,0.0605607865257767,0.448083224372476,45.69177286560406,0.1198,29.738,0.1331,31.931,0.1518,32.528,0.1704,31.583,0.1849,29.251,0.1965,26.933,0.2031,25.017,0.206,23.043,0.2075,21.146,0.2048,19.179,0.1991,17.513,0.1912,15.639,0.1814,13.821,0.1693,12.645,0.151,11.885,0.1258,11.329,0.0879,11.027,0.0143,10.352
mit_4.3x3.5,mit,2,4.3,3.5,mit_4.3x3.5_static_0575rd.txt,2535.555,0.137112,0.078208,0.042683872452010115,4.352543677199668,0.11237339060805532,0.37983967753439296,38.73286775141287,0.1198,29.738,0.1331,31.931,0.1518,32.528,0.1704,31.583,0.1849,29.251,0.1965,26.933,0.2031,25.017,0.206,23.043,0.2075,21.146,0.2048,19.179,0.1991,17.513,0.1912,15.639,0.1814,13.821,0.1693,12.645,0.151,11.885,0.1258,11.329,0.0879,11.027,0.0143,10.352
mit_4.3x3.5,mit,2,4.3,3.5,mit_4.3x3.5_static_0575rd.txt,2988.889,0.138595,0.074588,0.05995279199480297,6.113483401039394,0.1755462355588795,0.34152137642788905,34.825488462205655,0.1198,29.738,0.1331,31.931,0.1518,32.528,0.1704,31.583,0.1849,29.251,0.1965,26.933,0.2031,25.017,0.206,23.043,0.2075,21.146,0.2048,19.179,0.1991,17.513,0.1912,15.639,0.1814,13.821,0.1693,12.645,0.151,11.885,0.1258,11.329,0.0879,11.027,0.0143,10.352
mit_4.3x3.5,mit,2,4.3,3.5,mit_4.3x3.5_static_0575rd.txt,3524.445,0.143773,0.076269,0.08647709398800518,8.818209479078503,0.2943157230151526,0.2938242411994856,29.961734251705284,0.1198,29.738,0.1331,31.931,0.1518,32.528,0.1704,31.583,0.1849,29.251,0.1965,26.933,0.2031,25.017,0.206,23.043,0.2075,21.146,0.2048,19.179,0.1991,17.513,0.1912,15.639,0.1814,13.821,0.1693,12.645,0.151,11.885,0.1258,11.329,0.0879,11.027,0.0143,10.352
mit_4.3x3.5,mit,2,4.3,3.5,mit_4.3x3.5_static_0575rd.txt,3984.444,0.143877,0.075615,0.11060355981659549,11.278424315805653,0.42160362571205373,0.2623401533366683,26.751250767251648,0.1198,29.738,0.1331,31.931,0.1518,32.528,0.1704,31.583,0.1849,29.251,0.1965,26.933,0.2031,25.017,0.206,23.043,0.2075,21.146,0.2048,19.179,0.1991,17.513,0.1912,15.639,0.1814,13.821,0.1693,12.645,0.151,11.885,0.1258,11.329,0.0879,11.027,0.0143,10.352
mit_4.3x3.5,mit,2,4.3,3.5,mit_4.3x3.5_static_0575rd.txt,4564.445,0.147104,0.076632,0.14840301199414063,15.132895738518316,0.6423434409351398,0.2310337469595576,23.558885751970106,0.1198,29.738,0.1331,31.931,0.1518,32.528,0.1704,31.583,0.1849,29.251,0.1965,26.933,0.2031,25.017,0.206,23.043,0.2075,21.146,0.2048,19.179,0.1991,17.513,0.1912,15.639,0.1814,13.821,0.1693,12.645,0.151,11.885,0.1258,11.329,0.0879,11.027,0.0143,10.352
mit_4.3x3.5,mit,2,4.3,3.5,mit_4.3x3.5_static_0575rd.txt,5020.0,0.150305,0.081371,0.18341005409383732,18.702620578264476,0.9073482443254359,0.2021385451957233,20.61239518038508,0.1198,29.738,0.1331,31.931,0.1518,32.528,0.1704,31.583,0.1849,29.251,0.1965,26.933,0.2031,25.017,0.206,23.043,0.2075,21.146,0.2048,19.179,0.1991,17.513,0.1912,15.639,0.1814,13.821,0.1693,12.645,0.151,11.885,0.1258,11.329,0.0879,11.027,0.0143,10.352
mit_4.3x3.5,mit,2,4.3,3.5,mit_4.3x3.5_static_0575rd.txt,5517.778,0.15125,0.081569,0.22298010036133517,22.73764235098991,1.2078444454343984,0.1846099480808068,18.824975713501228,0.1198,29.738,0.1331,31.931,0.1518,32.528,0.1704,31.583,0.1849,29.251,0.1965,26.933,0.2031,25.017,0.206,23.043,0.2075,21.146,0.2048,19.179,0.1991,17.513,0.1912,15.639,0.1814,13.821,0.1693,12.645,0.151,11.885,0.1258,11.329,0.0879,11.027,0.0143,10.352
mit_4.3x3.5,mit,2,4.3,3.5,mit_4.3x3.5_static_0575rd.txt,5948.889,0.15609,0.084569,0.26747862893741436,27.27522945525887,1.5693217372192112,0.17044218696121427,17.380266141976545,0.1198,29.738,0.1331,31.931,0.1518,32.528,0.1704,31.583,0.1849,29.251,0.1965,26.933,0.2031,25.017,0.206,23.043,0.2075,21.146,0.2048,19.179,0.1991,17.513,0.1912,15.639,0.1814,13.821,0.1693,12.645,0.151,11.885,0.1258,11.329,0.0879,11.027,0.0143,10.352
mit_4.3x3.5,mit,2,4.3,3.5,mit_4.3x3.5_static_0575rd.txt,6433.333,0.158868,0.087172,0.3183836582579317,32.466097827283704,2.045871272176589,0.15562252747173355,15.869081436752976,0.1198,29.738,0.1331,31.931,0.1518,32.528,0.1704,31.583,0.1849,29.251,0.1965,26.933,0.2031,25.017,0.206,23.043,0.2075,21.146,0.2048,19.179,0.1991,17.513,0.1912,15.639,0.1814,13.821,0.1693,12.645,0.151,11.885,0.1258,11.329,0.0879,11.027,0.0143,10.352
mit_4.3x3.5,mit,2,4.3,3.5,mit_4.3x3.5_static_0575rd.txt,6946.667,0.161662,0.090675,0.3777488802026417,38.51966575768909,2.6792312805933824,0.14099151608851768,14.377133484779991,0.1198,29.738,0.1331,31.931,0.1518,32.528,0.1704,31.583,0.1849,29.251,0.1965,26.933,0.2031,25.017,0.206,23.043,0.2075,21.146,0.2048,19.179,0.1991,17.513,0.1912,15.639,0.1814,13.821,0.1693,12.645,0.151,11.885,0.1258,11.329,0.0879,11.027,0.0143,10.352
mit_4.3x3.5,mit,2,4.3,3.5,mit_4.3x3.5_static_0575rd.txt,7393.334,0.164515,0.093179,0.4354401100216765,44.402533996999644,3.3191908345667374,0.13118863353288202,13.377517657189971,0.1198,29.738,0.1331,31.931,0.1518,32.528,0.1704,31.583,0.1849,29.251,0.1965,26.933,0.2031,25.017,0.206,23.043,0.2075,21.146,0.2048,19.179,0.1991,17.513,0.1912,15.639,0.1814,13.821,0.1693,12.645,0.151,11.885,0.1258,11.329,0.0879,11.027,0.0143,10.352
mit_4.3x3.5,mit,2,4.3,3.5,mit_4.3x3.5_static_0575rd.txt,7893.333,0.167273,0.095408,0.5046484836670095,51.45982406499769,4.1357974920563345,0.12201963095057064,12.44253959818803,0.1198,29.738,0.1331,31.931,0.1518,32.528,0.1704,31.583,0.1849,29.251,0.1965,26.933,0.2031,25.017,0.206,23.043,0.2075,21.146,0.2048,19.179,0.1991,17.513,0.1912,15.639,0.1814,13.821,0.1693,12.645,0.151,11.885,0.1258,11.329,0.0879,11.027,0.0143,10.352
mit_4.3x3.5,mit,2,4.3,3.5,mit_4.3x3.5_static_0575rd.txt,8422.222,0.169282,0.099424,0.5814420376455989,59.29058726941401,5.235576194094381,0.1110559785762364,11.324558190231773,0.1198,29.738,0.1331,31.931,0.1518,32.528,0.1704,31.583,0.1849,29.251,0.1965,26.933,0.2031,25.017,0.206,23.043,0.2075,21.146,0.2048,19.179,0.1991,17.513,0.1912,15.639,0.1814,13.821,0.1693,12.645,0.151,11.885,0.1258,11.329,0.0879,11.027,0.0143,10.352
mit_4.3x3.5,mit,2,4.3,3.5,mit_4.3x3.5_static_0575rd.txt,8940.0,0.175184,0.105425,0.677971991751556,69.1339031934,6.639713873323282,0.10210861562506161,10.412181083760675,0.1198,29.738,0.1331,31.931,0.1518,32.528,0.1704,31.583,0.1849,29.251,0.1965,26.933,0.2031,25.017,0.206,23.043,0.2075,21.146,0.2048,19.179,0.1991,17.513,0.1912,15.639,0.1814,13.821,0.1693,12.645,0.151,11.885,0.1258,11.329,0.0879,11.027,0.0143,10.352
mit_4.3x3.5,mit,2,4.3,3.5,mit_4.3x3.5_static_0575rd.txt,9415.556,0.176713,0.10717,0.758582322553221,77.35386931859719,7.885048000163452,0.09620516229419226,9.810196376356073,0.1198,29.738,0.1331,31.931,0.1518,32.528,0.1704,31.583,0.1849,29.251,0.1965,26.933,0.2031,25.017,0.206,23.043,0.2075,21.146,0.2048,19.179,0.1991,17.513,0.1912,15.639,0.1814,13.821,0.1693,12.645,0.151,11.885,0.1258,11.329,0.0879,11.027,0.0143,10.352
mit_5x4,mit,2,5.0,4.0,mit_5x4_static_0362rd.txt,1595.555,0.182952,0.124631,0.041229606677844234,4.204249838410083,0.09485546552046688,0.43465715393013554,44.32269469494023,0.1121,23.418,0.1297,28.485,0.1477,31.062,0.1639,31.635,0.1764,30.435,0.1855,28.445,0.192,26.557,0.1947,24.911,0.1932,23.346,0.1884,21.695,0.1826,20.204,0.176,18.79,0.1673,17.386,0.1559,16.05,0.1402,15.075,0.1175,14.595,0.085,14.073,0.0112,13.817
mit_5x4,mit,2,5.0,4.0,mit_5x4_static_0362rd.txt,1982.222,0.181786,0.120395,0.06322858883883513,6.447521716267547,0.17569777799997505,0.3598713060494374,36.69666053641534,0.1121,23.418,0.1297,28.485,0.1477,31.062,0.1639,31.635,0.1764,30.435,0.1855,28.445,0.192,26.557,0.1947,24.911,0.1932,23.346,0.1884,21.695,0.1826,20.204,0.176,18.79,0.1673,17.386,0.1559,16.05,0.1402,15.075,0.1175,14.595,0.085,14.073,0.0112,13.817
mit_5x4,mit,2,5.0,4.0,mit_5x4_static_0362rd.txt,2493.333,0.181029,0.119001,0.09962244455143626,10.158662188559424,0.3456148611374904,0.2882469932674714,29.39301323769803,0.1121,23.418,0.1297,28.485,0.1477,31.062,0.1639,31.635,0.1764,30.435,0.1855,28.445,0.192,26.557,0.1947,24.911,0.1932,23.346,0.1884,21.695,0.1826,20.204,0.176,18.79,0.1673,17.386,0.1559,16.05,0.1402,15.075,0.1175,14.595,0.085,14.073,0.0112,13.817
mit_5x4,mit,2,5.0,4.0,mit_5x4_static_0362rd.txt,2920.0,0.182755,0.119498,0.1379378467756893,14.065745874043563,0.5574554084707438,0.2474419382782408,25.2320556233006,0.1121,23.418,0.1297,28.485,0.1477,31.062,0.1639,31.635,0.1764,30.435,0.1855,28.445,0.192,26.557,0.1947,24.911,0.1932,23.346,0.1884,21.695,0.1826,20.204,0.176,18.79,0.1673,17.386,0.1559,16.05,0.1402,15.075,0.1175,14.595,0.085,14.073,0.0112,13.817
mit_5x4,mit,2,5.0,4.0,mit_5x4_static_0362rd.txt,3477.778,0.175692,0.113035,0.1881066591080881,19.181541006162973,0.8908804908606341,0.21114690582837645,21.53099231933193,0.1121,23.418,0.1297,28.485,0.1477,31.062,0.1639,31.635,0.1764,30.435,0.1855,28.445,0.192,26.557,0.1947,24.911,0.1932,23.346,0.1884,21.695,0.1826,20.204,0.176,18.79,0.1673,17.386,0.1559,16.05,0.1402,15.075,0.1175,14.595,0.085,14.073,0.0112,13.817
mit_5x4,mit,2,5.0,4.0,mit_5x4_static_0362rd.txt,3988.889,0.176045,0.112252,0.24795682632832333,25.284559592554373,1.3349066102709102,0.18574844443837324,18.94107003292391,0.1121,23.418,0.1297,28.485,0.1477,31.062,0.1639,31.635,0.1764,30.435,0.1855,28.445,0.192,26.557,0.1947,24.911,0.1932,23.346,0.1884,21.695,0.1826,20.204,0.176,18.79,0.1673,17.386,0.1559,16.05,0.1402,15.075,0.1175,14.595,0.085,14.073,0.0112,13.817
mit_5x4,mit,2,5.0,4.0,mit_5x4_static_0362rd.txt,4471.111,0.177914,0.113403,0.314839706830281,32.104715354405535,1.8992049846220849,0.16577447372955884,16.90429185599148,0.1121,23.418,0.1297,28.485,0.1477,31.062,0.1639,31.635,0.1764,30.435,0.1855,28.445,0.192,26.557,0.1947,24.911,0.1932,23.346,0.1884,21.695,0.1826,20.204,0.176,18.79,0.1673,17.386,0.1559,16.05,0.1402,15.075,0.1175,14.595,0.085,14.073,0.0112,13.817
mit_5x4,mit,2,5.0,4.0,mit_5x4_static_0362rd.txt,4940.0,0.179055,0.114963,0.38680209934653437,39.44283719175604,2.5968082213829127,0.1489528938492599,15.188968082807065,0.1121,23.418,0.1297,28.485,0.1477,31.062,0.1639,31.635,0.1764,30.435,0.1855,28.445,0.192,26.557,0.1947,24.911,0.1932,23.346,0.1884,21.695,0.1826,20.204,0.176,18.79,0.1673,17.386,0.1559,16.05,0.1402,15.075,0.1175,14.595,0.085,14.073,0.0112,13.817
mit_5x4,mit,2,5.0,4.0,mit_5x4_static_0362rd.txt,5440.0,0.177602,0.115431,0.4652582933374721,47.44314249386612,3.481930509663489,0.13362078652811396,13.625528241358056,0.1121,23.418,0.1297,28.485,0.1477,31.062,0.1639,31.635,0.1764,30.435,0.1855,28.445,0.192,26.557,0.1947,24.911,0.1932,23.346,0.1884,21.695,0.1826,20.204,0.176,18.79,0.1673,17.386,0.1559,16.05,0.1402,15.075,0.1175,14.595,0.085,14.073,0.0112,13.817
mit_5x4,mit,2,5.0,4.0,mit_5x4_static_0362rd.txt,5873.333,0.18032,0.1177,0.5506322193996627,56.14886015098558,4.46818636861204,0.1232339419115829,12.566364855642133,0.1121,23.418,0.1297,28.485,0.1477,31.062,0.1639,31.635,0.1764,30.435,0.1855,28.445,0.192,26.557,0.1947,24.911,0.1932,23.346,0.1884,21.695,0.1826,20.204,0.176,18.79,0.1673,17.386,0.1559,16.05,0.1402,15.075,0.1175,14.595,0.085,14.073,0.0112,13.817
mit_5x4,mit,2,5.0,4.0,mit_5x4_static_0362rd.txt,6395.555,0.183602,0.121119,0.6647867512588378,67.78938284315622,5.936738684064461,0.11197844248110071,11.41862333019948,0.1121,23.418,0.1297,28.485,0.1477,31.062,0.1639,31.635,0.1764,30.435,0.1855,28.445,0.192,26.557,0.1947,24.911,0.1932,23.346,0.1884,21.695,0.1826,20.204,0.176,18.79,0.1673,17.386,0.1559,16.05,0.1402,15.075,0.1175,14.595,0.085,14.073,0.0112,13.817
pl_100x80,pl,2,3.93701,3.1496079999999997,pl_100x80_static_0581rd.txt,2036.667,0.122882,0.090729,0.017344542562702243,1.7686511257873225,0.04347000740110156,0.39900022106420713,40.686699440094955,0.2059,55.845,0.2468,49.318,0.2763,43.241,0.286,38.739,0.2816,34.999,0.2696,31.871,0.255,29.189,0.2398,26.937,0.224,25.124,0.2074,23.621,0.19,22.246,0.1731,21.018,0.1558,20.108,0.1385,19.244,0.1187,18.511,0.0953,17.697,0.0666,17.026,0.0057,16.816
pl_100x80,pl,2,3.93701,3.1496079999999997,pl_100x80_static_0581rd.txt,2513.333,0.122395,0.087769,0.026308632218381565,2.6827338814357162,0.07902686631641889,0.33290744584308024,33.94711199472606,0.2059,55.845,0.2468,49.318,0.2763,43.241,0.286,38.739,0.2816,34.999,0.2696,31.871,0.255,29.189,0.2398,26.937,0.224,25.124,0.2074,23.621,0.19,22.246,0.1731,21.018,0.1558,20.108,0.1385,19.244,0.1187,18.511,0.0953,17.697,0.0666,17.026,0.0057,16.816
pl_100x80,pl,2,3.93701,3.1496079999999997,pl_100x80_static_0581rd.txt,2966.667,0.130578,0.086413,0.039105886899939456,3.987690689474944,0.12795845719144353,0.30561392938203097,31.163947870274864,0.2059,55.845,0.2468,49.318,0.2763,43.241,0.286,38.739,0.2816,34.999,0.2696,31.871,0.255,29.189,0.2398,26.937,0.224,25.124,0.2074,23.621,0.19,22.246,0.1731,21.018,0.1558,20.108,0.1385,19.244,0.1187,18.511,0.0953,17.697,0.0666,17.026,0.0057,16.816
pl_100x80,pl,2,3.93701,3.1496079999999997,pl_100x80_static_0581rd.txt,3100.0,0.125851,0.084163,0.041154239858315844,4.196564561630715,0.14219679216798534,0.2894174983194976,29.512371535590404,0.2059,55.845,0.2468,49.318,0.2763,43.241,0.286,38.739,0.2816,34.999,0.2696,31.871,0.255,29.189,0.2398,26.937,0.224,25.124,0.2074,23.621,0.19,22.246,0.1731,21.018,0.1558,20.108,0.1385,19.244,0.1187,18.511,0.0953,17.697,0.0666,17.026,0.0057,16.816
pl_100x80,pl,2,3.93701,3.1496079999999997,pl_100x80_static_0581rd.txt,3936.667,0.127727,0.08413,0.06735573771342708,6.868373778347049,0.2910854100733919,0.23139510048423437,23.595733556743067,0.2059,55.845,0.2468,49.318,0.2763,43.241,0.286,38.739,0.2816,34.999,0.2696,31.871,0.255,29.189,0.2398,26.937,0.224,25.124,0.2074,23.621,0.19,22.246,0.1731,21.018,0.1558,20.108,0.1385,19.244,0.1187,18.511,0.0953,17.697,0.0666,17.026,0.0057,16.816
pl_100x80,pl,2,3.93701,3.1496079999999997,pl_100x80_static_0581rd.txt,4526.667,0.125953,0.083266,0.08782135560853996,8.955286015972831,0.4380128523419727,0.2004994947955879,20.445258553694476,0.2059,55.845,0.2468,49.318,0.2763,43.241,0.286,38.739,0.2816,34.999,0.2696,31.871,0.255,29.189,0.2398,26.937,0.224,25.124,0.2074,23.621,0.19,22.246,0.1731,21.018,0.1558,20.108,0.1385,19.244,0.1187,18.511,0.0953,17.697,0.0666,17.026,0.0057,16.816
pl_100x80,pl,2,3.93701,3.1496079999999997,pl_100x80_static_0581rd.txt,4993.333,0.12382,0.080917,0.10505249829420824,10.71237357244403,0.5713403177954164,0.1838702696486844,18.749549504538695,0.2059,55.845,0.2468,49.318,0.2763,43.241,0.286,38.739,0.2816,34.999,0.2696,31.871,0.255,29.189,0.2398,26.937,0.224,25.124,0.2074,23.621,0.19,22.246,0.1731,21.018,0.1558,20.108,0.1385,19.244,0.1187,18.511,0.0953,17.697,0.0666,17.026,0.0057,16.816
pl_100x80,pl,2,3.93701,3.1496079999999997,pl_100x80_static_0581rd.txt,5580.0,0.122483,0.077157,0.12977132501318356,13.232992409557145,0.7602587725456103,0.17069362393368262,17.40590557771335,0.2059,55.845,0.2468,49.318,0.2763,43.241,0.286,38.739,0.2816,34.999,0.2696,31.871,0.255,29.189,0.2398,26.937,0.224,25.124,0.2074,23.621,0.19,22.246,0.1731,21.018,0.1558,20.108,0.1385,19.244,0.1187,18.511,0.0953,17.697,0.0666,17.026,0.0057,16.816
pl_100x80,pl,2,3.93701,3.1496079999999997,pl_100x80_static_0581rd.txt,5980.0,0.12421,0.079039,0.15114488544195623,15.412489019385442,0.9585802990606607,0.15767576862373167,16.07845376593757,0.2059,55.845,0.2468,49.318,0.2763,43.241,0.286,38.739,0.2816,34.999,0.2696,31.871,0.255,29.189,0.2398,26.937,0.224,25.124,0.2074,23.621,0.19,22.246,0.1731,21.018,0.1558,20.108,0.1385,19.244,0.1187,18.511,0.0953,17.697,0.0666,17.026,0.0057,16.816
pl_100x80,pl,2,3.93701,3.1496079999999997,pl_100x80_static_0581rd.txt,6496.667,0.122535,0.077385,0.17598509805675902,17.94548577309877,1.2034058465688124,0.1462391915067831,14.91224745522509,0.2059,55.845,0.2468,49.318,0.2763,43.241,0.286,38.739,0.2816,34.999,0.2696,31.871,0.255,29.189,0.2398,26.937,0.224,25.124,0.2074,23.621,0.19,22.246,0.1731,21.018,0.1558,20.108,0.1385,19.244,0.1187,18.511,0.0953,17.697,0.0666,17.026,0.0057,16.816
pl_100x80,pl,2,3.93701,3.1496079999999997,pl_100x80_static_0581rd.txt,6943.333,0.124852,0.080695,0.20481700840196676,20.88552241611221,1.531913061902513,0.13370015146133715,13.633621212273015,0.2059,55.845,0.2468,49.318,0.2763,43.241,0.286,38.739,0.2816,34.999,0.2696,31.871,0.255,29.189,0.2398,26.937,0.224,25.124,0.2074,23.621,0.19,22.246,0.1731,21.018,0.1558,20.108,0.1385,19.244,0.1187,18.511,0.0953,17.697,0.0666,17.026,0.0057,16.816
pl_100x80,pl,2,3.93701,3.1496079999999997,pl_100x80_static_0581rd.txt,7536.667,0.122784,0.077753,0.23732033744888636,24.199939576602244,1.8877246433388386,0.125717666655628,12.819634294649857,0.2059,55.845,0.2468,49.318,0.2763,43.241,0.286,38.739,0.2816,34.999,0.2696,31.871,0.255,29.189,0.2398,26.937,0.224,25.124,0.2074,23.621,0.19,22.246,0.1731,21.018,0.1558,20.108,0.1385,19.244,0.1187,18.511,0.0953,17.697,0.0666,17.026,0.0057,16.816
pl_100x80,pl,2,3.93701,3.1496079999999997,pl_100x80_static_0581rd.txt,7903.333,0.124446,0.080116,0.2645063056446674,26.97213683007627,2.2430224007809074,0.1179240588736785,12.02490747336537,0.2059,55.845,0.2468,49.318,0.2763,43.241,0.286,38.739,0.2816,34.999,0.2696,31.871,0.255,29.189,0.2398,26.937,0.224,25.124,0.2074,23.621,0.19,22.246,0.1731,21.018,0.1558,20.108,0.1385,19.244,0.1187,18.511,0.0953,17.697,0.0666,17.026,0.0057,16.816
pl_100x80,pl,2,3.93701,3.1496079999999997,pl_100x80_static_0581rd.txt,8420.0,0.124826,0.080198,0.30113675274173,30.707402909426772,2.715084325425266,0.11091248618753774,11.309926038712277,0.2059,55.845,0.2468,49.318,0.2763,43.241,0.286,38.739,0.2816,34.999,0.2696,31.871,0.255,29.189,0.2398,26.937,0.224,25.124,0.2074,23.621,0.19,22.246,0.1731,21.018,0.1558,20.108,0.1385,19.244,0.1187,18.511,0.0953,17.697,0.0666,17.026,0.0057,16.816
pl_100x80,pl,2,3.93701,3.1496079999999997,pl_100x80_static_0581rd.txt,8973.333,0.1248,0.081006,0.3419453330482708,34.868720006145914,3.31941881941266,0.10301361522941983,10.504465360690943,0.2059,55.845,0.2468,49.318,0.2763,43.241,0.286,38.739,0.2816,34.999,0.2696,31.871,0.255,29.189,0.2398,26.937,0.224,25.124,0.2074,23.621,0.19,22.246,0.1731,21.018,0.1558,20.108,0.1385,19.244,0.1187,18.511,0.0953,17.697,0.0666,17.026,0.0057,16.816
pl_100x80,pl,2,3.93701,3.1496079999999997,pl_100x80_static_0581rd.txt,9463.333,0.126549,0.084583,0.3856394801093921,39.32428302319264,4.065359556600665,0.09485987026246026,9.673014766761359,0.2059,55.845,0.2468,49.318,0.2763,43.241,0.286,38.739,0.2816,34.999,0.2696,31.871,0.255,29.189,0.2398,26.937,0.224,25.124,0.2074,23.621,0.19,22.246,0.1731,21.018,0.1558,20.108,0.1385,19.244,0.1187,18.511,0.0953,17.697,0.0666,17.026,0.0057,16.816
pl_100x80,pl,2,3.93701,3.1496079999999997,pl_100x80_static_0581rd.txt,9850.0,0.129576,0.087677,0.4277909139854599,43.62253307556198,4.752015876939586,0.0900230397085642,9.179795313237877,0.2059,55.845,0.2468,49.318,0.2763,43.241,0.286,38.739,0.2816,34.999,0.2696,31.871,0.255,29.189,0.2398,26.937,0.224,25.124,0.2074,23.621,0.19,22.246,0.1731,21.018,0.1558,20.108,0.1385,19.244,0.1187,18.511,0.0953,17.697,0.0666,17.026,0.0057,16.816
pl_100x80,pl,2,3.93701,3.1496079999999997,pl_100x80_static_0581rd.txt,10436.667,0.126785,0.084826,0.4699222996921444,47.91873878359526,5.468874768792575,0.08592668868076758,8.762083757528574,0.2059,55.845,0.2468,49.318,0.2763,43.241,0.286,38.739,0.2816,34.999,0.2696,31.871,0.255,29.189,0.2398,26.937,0.224,25.124,0.2074,23.621,0.19,22.246,0.1731,21.018,0.1558,20.108,0.1385,19.244,0.1187,18.511,0.0953,17.697,0.0666,17.026,0.0057,16.816
pl_100x80,pl,2,3.93701,3.1496079999999997,pl_100x80_static_0581rd.txt,11046.667,0.127765,0.085492,0.5305287822717144,54.098880073390454,6.535860507532956,0.08117198671242286,8.277239089028656,0.2059,55.845,0.2468,49.318,0.2763,43.241,0.286,38.739,0.2816,34.999,0.2696,31.871,0.255,29.189,0.2398,26.937,0.224,25.124,0.2074,23.621,0.19,22.246,0.1731,21.018,0.1558,20.108,0.1385,19.244,0.1187,18.511,0.0953,17.697,0.0666,17.026,0.0057,16.816
pl_100x80,pl,2,3.93701,3.1496079999999997,pl_100x80_static_0581rd.txt,11503.333,0.131696,0.087572,0.592999728229317,60.469143716693985,7.559966211951549,0.07843946806162228,7.998599731980063,0.2059,55.845,0.2468,49.318,0.2763,43.241,0.286,38.739,0.2816,34.999,0.2696,31.871,0.255,29.189,0.2398,26.937,0.224,25.124,0.2074,23.621,0.19,22.246,0.1731,21.018,0.1558,20.108,0.1385,19.244,0.1187,18.511,0.0953,17.697,0.0666,17.026,0.0057,16.816
pl_100x80,pl,2,3.93701,3.1496079999999997,pl_100x80_static_0581rd.txt,11993.333,0.130494,0.087841,0.6387116741304262,65.13046495290709,8.594101093412078,0.07431977669194967,7.578508123768023,0.2059,55.845,0.2468,49.318,0.2763,43.241,0.286,38.739,0.2816,34.999,0.2696,31.871,0.255,29.189,0.2398,26.937,0.224,25.124,0.2074,23.621,0.19,22.246,0.1731,21.018,0.1558,20.108,0.1385,19.244,0.1187,18.511,0.0953,17.697,0.0666,17.026,0.0057,16.816
pl_100x80,pl,2,3.93701,3.1496079999999997,pl_100x80_static_0581rd.txt,12496.667,0.133099,0.089591,0.7072903179991519,72.12354045460498,9.915862276823919,0.07132917927392787,7.2735520564033465,0.2059,55.845,0.2468,49.318,0.2763,43.241,0.286,38.739,0.2816,34.999,0.2696,31.871,0.255,29.189,0.2398,26.937,0.224,25.124,0.2074,23.621,0.19,22.246,0.1731,21.018,0.1558,20.108,0.1385,19.244,0.1187,18.511,0.0953,17.697,0.0666,17.026,0.0057,16.816
pl_57x20,pl,2,2.2440957,0.7874019999999999,pl_57x20_static_0531rd.txt,6086.667,0.133418,0.060064,0.017754459652018266,1.8104510359825494,0.04621794870419645,0.38414642254354775,39.17203352251256,0.2142,35.968,0.2378,32.013,0.2625,28.846,0.2872,26.167,0.312,24.024,0.3359,22.007,0.3599,20.101,0.3779,18.55,0.3783,17.536,0.3703,16.827,0.3617,16.072,0.3543,15.231,0.3452,14.483,0.3353,13.75,0.3261,12.842,0.3149,12.067,0.2777,11.29,0.1285,5.704
pl_57x20,pl,2,2.2440957,0.7874019999999999,pl_57x20_static_0531rd.txt,6986.667,0.136195,0.064388,0.023880048326309758,2.43508724450345,0.07493295454738887,0.31868552989202653,32.49688016723617,0.2142,35.968,0.2378,32.013,0.2625,28.846,0.2872,26.167,0.312,24.024,0.3359,22.007,0.3599,20.101,0.3779,18.55,0.3783,17.536,0.3703,16.827,0.3617,16.072,0.3543,15.231,0.3452,14.483,0.3353,13.75,0.3261,12.842,0.3149,12.067,0.2777,11.29,0.1285,5.704
pl_57x20,pl,2,2.2440957,0.7874019999999999,pl_57x20_static_0531rd.txt,8020.0,0.139674,0.06456,0.03226994728574057,3.2906188439212753,0.11364345142979666,0.2839578249317371,28.955639788484053,0.2142,35.968,0.2378,32.013,0.2625,28.846,0.2872,26.167,0.312,24.024,0.3359,22.007,0.3599,20.101,0.3779,18.55,0.3783,17.536,0.3703,16.827,0.3617,16.072,0.3543,15.231,0.3452,14.483,0.3353,13.75,0.3261,12.842,0.3149,12.067,0.2777,11.29,0.1285,5.704
pl_57x20,pl,2,2.2440957,0.7874019999999999,pl_57x20_static_0531rd.txt,9013.333,0.134484,0.06853,0.03924419270936693,4.001793957097167,0.17123587991795913,0.2291820658624187,23.370066828368376,0.2142,35.968,0.2378,32.013,0.2625,28.846,0.2872,26.167,0.312,24.024,0.3359,22.007,0.3599,20.101,0.3779,18.55,0.3783,17.536,0.3703,16.827,0.3617,16.072,0.3543,15.231,0.3452,14.483,0.3353,13.75,0.3261,12.842,0.3149,12.067,0.2777,11.29,0.1285,5.704
pl_57x20,pl,2,2.2440957,0.7874019999999999,pl_57x20_static_0531rd.txt,9996.667,0.135613,0.070609,0.048679456773104264,4.963923131049264,0.24070412110544423,0.20223773714193893,20.62250994396037,0.2142,35.968,0.2378,32.013,0.2625,28.846,0.2872,26.167,0.312,24.024,0.3359,22.007,0.3599,20.101,0.3779,18.55,0.3783,17.536,0.3703,16.827,0.3617,16.072,0.3543,15.231,0.3452,14.483,0.3353,13.75,0.3261,12.842,0.3149,12.067,0.2777,11.29,0.1285,5.704
pl_57x20,pl,2,2.2440957,0.7874019999999999,pl_57x20_static_0531rd.txt,11180.0,0.137693,0.068972,0.061820059407153946,6.303891686473357,0.32889405145718253,0.18796344638419848,19.166937372517477,0.2142,35.968,0.2378,32.013,0.2625,28.846,0.2872,26.167,0.312,24.024,0.3359,22.007,0.3599,20.101,0.3779,18.55,0.3783,17.536,0.3703,16.827,0.3617,16.072,0.3543,15.231,0.3452,14.483,0.3353,13.75,0.3261,12.842,0.3149,12.067,0.2777,11.29,0.1285,5.704
pl_57x20,pl,2,2.2440957,0.7874019999999999,pl_57x20_static_0531rd.txt,11993.333,0.134609,0.069997,0.06954851014634282,7.091974338468573,0.4120566165460086,0.1687838693850395,17.211164810107377,0.2142,35.968,0.2378,32.013,0.2625,28.846,0.2872,26.167,0.312,24.024,0.3359,22.007,0.3599,20.101,0.3779,18.55,0.3783,17.536,0.3703,16.827,0.3617,16.072,0.3543,15.231,0.3452,14.483,0.3353,13.75,0.3261,12.842,0.3149,12.067,0.2777,11.29,0.1285,5.704
pl_57x20,pl,2,2.2440957,0.7874019999999999,pl_57x20_static_0531rd.txt,12996.667,0.136538,0.070455,0.08284217047843523,8.447550435514191,0.5277953778317815,0.15695887830385397,16.00535129772695,0.2142,35.968,0.2378,32.013,0.2625,28.846,0.2872,26.167,0.312,24.024,0.3359,22.007,0.3599,20.101,0.3779,18.55,0.3783,17.536,0.3703,16.827,0.3617,16.072,0.3543,15.231,0.3452,14.483,0.3353,13.75,0.3261,12.842,0.3149,12.067,0.2777,11.29,0.1285,5.704
pl_57x20,pl,2,2.2440957,0.7874019999999999,pl_57x20_static_0531rd.txt,13976.667,0.136675,0.073699,0.09590257481004659,9.779341040013318,0.6866417995497605,0.1396690019059881,14.242274569398125,0.2142,35.968,0.2378,32.013,0.2625,28.846,0.2872,26.167,0.312,24.024,0.3359,22.007,0.3599,20.101,0.3779,18.55,0.3783,17.536,0.3703,16.827,0.3617,16.072,0.3543,15.231,0.3452,14.483,0.3353,13.75,0.3261,12.842,0.3149,12.067,0.2777,11.29,0.1285,5.704
pl_57x20,pl,2,2.2440957,0.7874019999999999,pl_57x20_static_0531rd.txt,14910.0,0.13445,0.069128,0.10736186378262418,10.947863315466973,0.7818882936971888,0.13731100036676527,14.001825329420882,0.2142,35.968,0.2378,32.013,0.2625,28.846,0.2872,26.167,0.312,24.024,0.3359,22.007,0.3599,20.101,0.3779,18.55,0.3783,17.536,0.3703,16.827,0.3617,16.072,0.3543,15.231,0.3452,14.483,0.3353,13.75,0.3261,12.842,0.3149,12.067,0.2777,11.29,0.1285,5.704
pl_57x20,pl,2,2.2440957,0.7874019999999999,pl_57x20_static_0531rd.txt,15880.0,0.13924,0.073064,0.12612435535574446,12.861105000764223,0.9984187479009098,0.12632410561291058,12.881473858342103,0.2142,35.968,0.2378,32.013,0.2625,28.846,0.2872,26.167,0.312,24.024,0.3359,22.007,0.3599,20.101,0.3779,18.55,0.3783,17.536,0.3703,16.827,0.3617,16.072,0.3543,15.231,0.3452,14.483,0.3353,13.75,0.3261,12.842,0.3149,12.067,0.2777,11.29,0.1285,5.704
pl_57x20,pl,2,2.2440957,0.7874019999999999,pl_57x20_static_0531rd.txt,17020.0,0.137358,0.072274,0.14292461099725687,14.574254306746635,1.2159579237371745,0.11754075384285219,11.985821237920412,0.2142,35.968,0.2378,32.013,0.2625,28.846,0.2872,26.167,0.312,24.024,0.3359,22.007,0.3599,20.101,0.3779,18.55,0.3783,17.536,0.3703,16.827,0.3617,16.072,0.3543,15.231,0.3452,14.483,0.3353,13.75,0.3261,12.842,0.3149,12.067,0.2777,11.29,0.1285,5.704
pl_57x20,pl,2,2.2440957,0.7874019999999999,pl_57x20_static_0531rd.txt,18010.0,0.137602,0.073613,0.1603194154234274,16.348030716241265,1.467416655662871,0.10925282523184042,11.140687720255178,0.2142,35.968,0.2378,32.013,0.2625,28.846,0.2872,26.167,0.312,24.024,0.3359,22.007,0.3599,20.101,0.3779,18.55,0.3783,17.536,0.3703,16.827,0.3617,16.072,0.3543,15.231,0.3452,14.483,0.3353,13.75,0.3261,12.842,0.3149,12.067,0.2777,11.29,0.1285,5.704
pl_57x20,pl,2,2.2440957,0.7874019999999999,pl_57x20_static_0531rd.txt,18790.0,0.139835,0.074937,0.17733864901908997,18.083509559236845,1.6964240920239133,0.10453674281854643,10.659781150397581,0.2142,35.968,0.2378,32.013,0.2625,28.846,0.2872,26.167,0.312,24.024,0.3359,22.007,0.3599,20.101,0.3779,18.55,0.3783,17.536,0.3703,16.827,0.3617,16.072,0.3543,15.231,0.3452,14.483,0.3353,13.75,0.3261,12.842,0.3149,12.067,0.2777,11.29,0.1285,5.704
pl_57x20,pl,2,2.2440957,0.7874019999999999,pl_57x20_static_0531rd.txt,19996.667,0.137828,0.074557,0.19796418752124026,20.186729160441157,2.0343190059344054,0.09731226368320299,9.923089299934535,0.2142,35.968,0.2378,32.013,0.2625,28.846,0.2872,26.167,0.312,24.024,0.3359,22.007,0.3599,20.101,0.3779,18.55,0.3783,17.536,0.3703,16.827,0.3617,16.072,0.3543,15.231,0.3452,14.483,0.3353,13.75,0.3261,12.842,0.3149,12.067,0.2777,11.29,0.1285,5.704
pl_57x20,pl,2,2.2440957,0.7874019999999999,pl_57x20_static_0531rd.txt,20836.667,0.138112,0.076908,0.21538817937596472,21.96348185934695,2.3741822815253513,0.09072099520411858,9.25096696671326,0.2142,35.968,0.2378,32.013,0.2625,28.846,0.2872,26.167,0.312,24.024,0.3359,22.007,0.3599,20.101,0.3779,18.55,0.3783,17.536,0.3703,16.827,0.3617,16.072,0.3543,15.231,0.3452,14.483,0.3353,13.75,0.3261,12.842,0.3149,12.067,0.2777,11.29,0.1285,5.704
pl_57x20,pl,2,2.2440957,0.7874019999999999,pl_57x20_static_0531rd.txt,21973.333,0.139978,0.080441,0.24276473942267898,24.755114072866782,2.9122124992013902,0.08336092901505361,8.500449084555237,0.2142,35.968,0.2378,32.013,0.2625,28.846,0.2872,26.167,0.312,24.024,0.3359,22.007,0.3599,20.101,0.3779,18.55,0.3783,17.536,0.3703,16.827,0.3617,16.072,0.3543,15.231,0.3452,14.483,0.3353,13.75,0.3261,12.842,0.3149,12.067,0.2777,11.29,0.1285,5.704
pl_57x20,pl,2,2.2440957,0.7874019999999999,pl_57x20_static_0531rd.txt,22903.333,0.137763,0.079159,0.25957562916487953,26.469347755337406,3.2452947725557735,0.07998522394945819,8.1562229659933,0.2142,35.968,0.2378,32.013,0.2625,28.846,0.2872,26.167,0.312,24.024,0.3359,22.007,0.3599,20.101,0.3779,18.55,0.3783,17.536,0.3703,16.827,0.3617,16.072,0.3543,15.231,0.3452,14.483,0.3353,13.75,0.3261,12.842,0.3149,12.067,0.2777,11.29,0.1285,5.704
pl_57x20,pl,2,2.2440957,0.7874019999999999,pl_57x20_static_0531rd.txt,23863.333,0.13883,0.081144,0.2839745863617945,28.957348978682276,3.7627685537672,0.07546958637078156,7.695756080902405,0.2142,35.968,0.2378,32.013,0.2625,28.846,0.2872,26.167,0.312,24.024,0.3359,22.007,0.3599,20.101,0.3779,18.55,0.3783,17.536,0.3703,16.827,0.3617,16.072,0.3543,15.231,0.3452,14.483,0.3353,13.75,0.3261,12.842,0.3149,12.067,0.2777,11.29,0.1285,5.704
vp_140x45,vp,2,5.511813999999999,1.7716545,vp_140x45_static_0590rd.txt,1486.667,0.050682,0.028879,0.014642924260498307,1.4931627273837966,0.02894322650748057,0.5059188634934583,51.589366755564676,0.0919,27.183,0.115,21.981,0.1359,18.436,0.1543,16.023,0.1696,14.417,0.1808,13.368,0.1887,12.637,0.1927,12.028,0.193,11.594,0.1903,11.152,0.1852,10.701,0.1776,10.182,0.1671,9.63,0.1533,9.095,0.1354,8.639,0.1126,8.162,0.0775,6.756,0.0091,0.0
vp_140x45,vp,2,5.511813999999999,1.7716545,vp_140x45_static_0590rd.txt,2040.0,0.054309,0.02663,0.02954464729393598,3.0127155852341,0.06895811117358729,0.42844339543413035,43.689067666749644,0.0919,27.183,0.115,21.981,0.1359,18.436,0.1543,16.023,0.1696,14.417,0.1808,13.368,0.1887,12.637,0.1927,12.028,0.193,11.594,0.1903,11.152,0.1852,10.701,0.1776,10.182,0.1671,9.63,0.1533,9.095,0.1354,8.639,0.1126,8.162,0.0775,6.756,0.0091,0.0
vp_140x45,vp,2,5.511813999999999,1.7716545,vp_140x45_static_0590rd.txt,2486.667,0.051165,0.024169,0.0413575600617273,4.217297452415178,0.11335358582747755,0.3648544486689012,37.20479966848019,0.0919,27.183,0.115,21.981,0.1359,18.436,0.1543,16.023,0.1696,14.417,0.1808,13.368,0.1887,12.637,0.1927,12.028,0.193,11.594,0.1903,11.152,0.1852,10.701,0.1776,10.182,0.1671,9.63,0.1533,9.095,0.1354,8.639,0.1126,8.162,0.0775,6.756,0.0091,0.0
vp_140x45,vp,2,5.511813999999999,1.7716545,vp_140x45_static_0590rd.txt,3026.667,0.054139,0.022738,0.06483151667515683,6.610974866560633,0.19229583401097097,0.33714467611117366,34.37918923497563,0.0919,27.183,0.115,21.981,0.1359,18.436,0.1543,16.023,0.1696,14.417,0.1808,13.368,0.1887,12.637,0.1927,12.028,0.193,11.594,0.1903,11.152,0.1852,10.701,0.1776,10.182,0.1671,9.63,0.1533,9.095,0.1354,8.639,0.1126,8.162,0.0775,6.756,0.0091,0.0
vp_140x45,vp,2,5.511813999999999,1.7716545,vp_140x45_static_0590rd.txt,3446.667,0.056266,0.022086,0.08737583974778416,8.909856041337681,0.27582824393135824,0.31677626084415145,32.30218890693065,0.0919,27.183,0.115,21.981,0.1359,18.436,0.1543,16.023,0.1696,14.417,0.1808,13.368,0.1887,12.637,0.1927,12.028,0.193,11.594,0.1903,11.152,0.1852,10.701,0.1776,10.182,0.1671,9.63,0.1533,9.095,0.1354,8.639,0.1126,8.162,0.0775,6.756,0.0091,0.0
vp_140x45,vp,2,5.511813999999999,1.7716545,vp_140x45_static_0590rd.txt,4093.333,0.056378,0.021503,0.12348394266954206,12.591857838256905,0.4498357564832494,0.27450895330091496,27.992123028854397,0.0919,27.183,0.115,21.981,0.1359,18.436,0.1543,16.023,0.1696,14.417,0.1808,13.368,0.1887,12.637,0.1927,12.028,0.193,11.594,0.1903,11.152,0.1852,10.701,0.1776,10.182,0.1671,9.63,0.1533,9.095,0.1354,8.639,0.1126,8.162,0.0775,6.756,0.0091,0.0
vp_140x45,vp,2,5.511813999999999,1.7716545,vp_140x45_static_0590rd.txt,4473.333,0.056044,0.020948,0.14660144486752208,14.949187017740217,0.5719524702212311,0.2563175307396027,26.137114176564136,0.0919,27.183,0.115,21.981,0.1359,18.436,0.1543,16.023,0.1696,14.417,0.1808,13.368,0.1887,12.637,0.1927,12.028,0.193,11.594,0.1903,11.152,0.1852,10.701,0.1776,10.182,0.1671,9.63,0.1533,9.095,0.1354,8.639,0.1126,8.162,0.0775,6.756,0.0091,0.0
vp_140x45,vp,2,5.511813999999999,1.7716545,vp_140x45_static_0590rd.txt,4900.0,0.05547,0.021023,0.17409928785428733,17.75318664929281,0.7544085797837025,0.23077585875839798,23.532588473984287,0.0919,27.183,0.115,21.981,0.1359,18.436,0.1543,16.023,0.1696,14.417,0.1808,13.368,0.1887,12.637,0.1927,12.028,0.193,11.594,0.1903,11.152,0.1852,10.701,0.1776,10.182,0.1671,9.63,0.1533,9.095,0.1354,8.639,0.1126,8.162,0.0775,6.756,0.0091,0.0
vp_140x45,vp,2,5.511813999999999,1.7716545,vp_140x45_static_0590rd.txt,5476.667,0.056037,0.020713,0.2197122218049946,22.404411476395573,1.0378048576290284,0.21170860801996022,21.58827000249425,0.0919,27.183,0.115,21.981,0.1359,18.436,0.1543,16.023,0.1696,14.417,0.1808,13.368,0.1887,12.637,0.1927,12.028,0.193,11.594,0.1903,11.152,0.1852,10.701,0.1776,10.182,0.1671,9.63,0.1533,9.095,0.1354,8.639,0.1126,8.162,0.0775,6.756,0.0091,0.0
vp_140x45,vp,2,5.511813999999999,1.7716545,vp_140x45_static_0590rd.txt,6020.0,0.056388,0.020444,0.26713226240891297,27.239909898784294,1.360438878266829,0.19635741574015728,20.022884036868582,0.0919,27.183,0.115,21.981,0.1359,18.436,0.1543,16.023,0.1696,14.417,0.1808,13.368,0.1887,12.637,0.1927,12.028,0.193,11.594,0.1903,11.152,0.1852,10.701,0.1776,10.182,0.1671,9.63,0.1533,9.095,0.1354,8.639,0.1126,8.162,0.0775,6.756,0.0091,0.0
vp_140x45,vp,2,5.511813999999999,1.7716545,vp_140x45_static_0590rd.txt,6373.333,0.060201,0.021417,0.3196565406149198,32.59589570494714,1.6911501043255828,0.18901724914737614,19.274395348806795,0.0919,27.183,0.115,21.981,0.1359,18.436,0.1543,16.023,0.1696,14.417,0.1808,13.368,0.1887,12.637,0.1927,12.028,0.193,11.594,0.1903,11.152,0.1852,10.701,0.1776,10.182,0.1671,9.63,0.1533,9.095,0.1354,8.639,0.1126,8.162,0.0775,6.756,0.0091,0.0
vp_140x45,vp,2,5.511813999999999,1.7716545,vp_140x45_static_0590rd.txt,7020.0,0.058918,0.020961,0.3795499067538835,38.70331935511959,2.2118059544439603,0.17160181072453118,17.49851485721742,0.0919,27.183,0.115,21.981,0.1359,18.436,0.1543,16.023,0.1696,14.417,0.1808,13.368,0.1887,12.637,0.1927,12.028,0.193,11.594,0.1903,11.152,0.1852,10.701,0.1776,10.182,0.1671,9.63,0.1533,9.095,0.1354,8.639,0.1126,8.162,0.0775,6.756,0.0091,0.0
vp_140x45,vp,2,5.511813999999999,1.7716545,vp_140x45_static_0590rd.txt,7460.0,0.059114,0.020945,0.43004576078167517,43.852463459150194,2.652287116160578,0.16214148089826894,16.53382968682159,0.0919,27.183,0.115,21.981,0.1359,18.436,0.1543,16.023,0.1696,14.417,0.1808,13.368,0.1887,12.637,0.1927,12.028,0.193,11.594,0.1903,11.152,0.1852,10.701,0.1776,10.182,0.1671,9.63,0.1533,9.095,0.1354,8.639,0.1126,8.162,0.0775,6.756,0.0091,0.0
vp_140x45,vp,2,5.511813999999999,1.7716545,vp_140x45_static_0590rd.txt,7973.333,0.060795,0.021058,0.5052360561544209,51.519739784169005,3.2558209788050054,0.15517931097669238,15.823885932167702,0.0919,27.183,0.115,21.981,0.1359,18.436,0.1543,16.023,0.1696,14.417,0.1808,13.368,0.1887,12.637,0.1927,12.028,0.193,11.594,0.1903,11.152,0.1852,10.701,0.1776,10.182,0.1671,9.63,0.1533,9.095,0.1354,8.639,0.1126,8.162,0.0775,6.756,0.0091,0.0
vp_140x45,vp,2,5.511813999999999,1.7716545,vp_140x45_static_0590rd.txt,8360.0,0.06175,0.021152,0.5641520693859355,57.527501173788764,3.7695886284676345,0.14965878905870625,15.260949361780655,0.0919,27.183,0.115,21.981,0.1359,18.436,0.1543,16.023,0.1696,14.417,0.1808,13.368,0.1887,12.637,0.1927,12.028,0.193,11.594,0.1903,11.152,0.1852,10.701,0.1776,10.182,0.1671,9.63,0.1533,9.095,0.1354,8.639,0.1126,8.162,0.0775,6.756,0.0091,0.0
vp_140x45,vp,2,5.511813999999999,1.7716545,vp_140x45_static_0590rd.txt,8886.667,0.063306,0.021399,0.6535357588856292,66.64210090965103,4.580721489460049,0.14267092212206609,14.548385240838217,0.0919,27.183,0.115,21.981,0.1359,18.436,0.1543,16.023,0.1696,14.417,0.1808,13.368,0.1887,12.637,0.1927,12.028,0.193,11.594,0.1903,11.152,0.1852,10.701,0.1776,10.182,0.1671,9.63,0.1533,9.095,0.1354,8.639,0.1126,8.162,0.0775,6.756,0.0091,0.0
vp_140x45,vp,2,5.511813999999999,1.7716545,vp_140x45_static_0590rd.txt,9423.333,0.063991,0.021718,0.7428046992244876,75.74499948754035,5.543156402271791,0.13400392219134546,13.664597206114777,0.0919,27.183,0.115,21.981,0.1359,18.436,0.1543,16.023,0.1696,14.417,0.1808,13.368,0.1887,12.637,0.1927,12.028,0.193,11.594,0.1903,11.152,0.1852,10.701,0.1776,10.182,0.1671,9.63,0.1533,9.095,0.1354,8.639,0.1126,8.162,0.0775,6.756,0.0091,0.0
vp_140x45,vp,2,5.511813999999999,1.7716545,vp_140x45_static_0590rd.txt,9876.667,0.06546,0.022103,0.8347251378490335,85.11827564448956,6.49540367176237,0.12851012501006748,13.104385800458617,0.0919,27.183,0.115,21.981,0.1359,18.436,0.1543,16.023,0.1696,14.417,0.1808,13.368,0.1887,12.637,0.1927,12.028,0.193,11.594,0.1903,11.152,0.1852,10.701,0.1776,10.182,0.1671,9.63,0.1533,9.095,0.1354,8.639,0.1126,8.162,0.0775,6.756,0.0091,0.0
vp_140x45,vp,2,5.511813999999999,1.7716545,vp_140x45_static_0590rd.txt,10443.333,0.066861,0.022175,0.9532301912403932,97.20242807078802,7.703794616121519,0.123735151148188,12.617473974108183,0.0919,27.183,0.115,21.981,0.1359,18.436,0.1543,16.023,0.1696,14.417,0.1808,13.368,0.1887,12.637,0.1927,12.028,0.193,11.594,0.1903,11.152,0.1852,10.701,0.1776,10.182,0.1671,9.63,0.1533,9.095,0.1354,8.639,0.1126,8.162,0.0775,6.756,0.0091,0.0
vp_140x45,vp,2,5.511813999999999,1.7716545,vp_140x45_static_0590rd.txt,10953.333,0.06738,0.022306,1.0567451363976295,107.75801485702351,8.940962222348086,0.11819143288138241,12.052172034423828,0.0919,27.183,0.115,21.981,0.1359,18.436,0.1543,16.023,0.1696,14.417,0.1808,13.368,0.1887,12.637,0.1927,12.028,0.193,11.594,0.1903,11.152,0.1852,10.701,0.1776,10.182,0.1671,9.63,0.1533,9.095,0.1354,8.639,0.1126,8.162,0.0775,6.756,0.0091,0.0
